plant_name,plant_key,generation_type,generation_subtype,region,energy_type,renewable_factor,25,total,mwh,hour,timestamp
TER TENO GAS,Teno Gas 50,Térmica,Diésel,Región del Maule,convencional,0.0,0.0,30.126894646320277,1.1606508731229332,1,2024-10-01 00:00:00
PMGD PFV AVILES,Aviles,Solar,(en blanco),Región Metropolitana,ernc,1.0,0.0,54.613563580301296,0.0,1,2024-10-01 00:00:00
TER TENO,TER TENO,Térmica,Diésel,Región del Maule,convencional,0.0,0.0,27.085188909860175,0.0,1,2024-10-01 00:00:00
PMGD PFV LAS ROJAS,Las Rojas,Solar,(en blanco),Región de Coquimbo,ernc,1.0,0.0,21.605253027110926,0.0,1,2024-10-01 00:00:00
HP PUNTA DEL VIENTO,PMG Punta del Viento,Hidráulica,Pasada,Región de O'Higgins,ernc,1.0,0.0,52.38937906613517,2.961660848658519,1,2024-10-01 00:00:00
PMGD PFV KONDA,Konda,Solar,(en blanco),Región de Valparaíso,ernc,1.0,0.0,19.87665612058371,0.0,1,2024-10-01 00:00:00
PMGD PFV SLK CB NUEVE,PMGD PFV SLK CB Nueve,Solar,(en blanco),Región de Valparaíso,ernc,1.0,0.0,23.385421848184183,0.0,1,2024-10-01 00:00:00
TER TALTAL,Taltal 1 GNL,Térmica,Gas Natural,Región de Antofagasta,convencional,0.0,0.0,0.0,0.0,1,2024-10-01 00:00:00
TER TALTAL,Taltal 2 Gas Arg,Térmica,Gas Natural,Región de Antofagasta,convencional,0.0,0.0,0.0,0.0,1,2024-10-01 00:00:00
TER TALTAL,Taltal 1 Diésel,Térmica,Diésel,Región de Antofagasta,convencional,0.0,0.0,0.0,0.0,1,2024-10-01 00:00:00
PE EL MAITEN,Parque Eolico El Maitén,Eólica,(en blanco),Región del Bío-Bío,ernc,1.0,0.0,47.396579189511506,2.2812793023450757,1,2024-10-01 00:00:00
PFV VALLE ESCONDIDO,Valle Escondido,Solar,(en blanco),Región de Atacama,ernc,1.0,0.0,525.0544415344746,0.0,1,2024-10-01 00:00:00
TER TALTAL,Taltal 2 Diésel,Térmica,Diésel,Región de Antofagasta,convencional,0.0,0.0,0.0,0.0,1,2024-10-01 00:00:00
PE LOMAS DE DUQUECO,Lomas de Duqueco,Eólica,(en blanco),Región del Bío-Bío,ernc,1.0,0.0,316.29737414794977,1.5108472572548528,1,2024-10-01 00:00:00
PMGD PFV LO MIRANDA,Lo Miranda,Solar,(en blanco),Región de O'Higgins,ernc,1.0,0.0,19.258802426218278,0.0,1,2024-10-01 00:00:00
PMGD LORETO SOLAR,Loreto,Solar,(en blanco),Región de O'Higgins,ernc,1.0,0.0,14.422117402529265,0.0,1,2024-10-01 00:00:00
TER TALTAL,Taltal 1 Gas Arg,Térmica,Gas Natural,Región de Antofagasta,convencional,0.0,0.0,0.0,0.0,1,2024-10-01 00:00:00
PMGD PFV PARQUE PANGUILEMO AEROPUERTO,PMGD PFV Panguilemo Aeropuerto,Solar,(en blanco),Región del Maule,ernc,1.0,0.0,30.361845628405355,0.0,1,2024-10-01 00:00:00
PMGD PFV EL ESTERO,Estero,Solar,(en blanco),Región de O'Higgins,ernc,1.0,0.0,13.48703171119542,0.0,1,2024-10-01 00:00:00
PMGD PFV LAS MERCEDES,Las Mercedes 1,Solar,(en blanco),Región de O'Higgins,ernc,1.0,0.0,11.766155974067704,0.0,1,2024-10-01 00:00:00
PMGD PFV EL TIUQUE,PMGD PFV El Tiuque,Solar,(en blanco),Región del Maule,ernc,1.0,0.0,5.728483080459091,0.0,1,2024-10-01 00:00:00
PFV SOL DEL NORTE,PFV Sol del Norte (Andes),Solar,(en blanco),Región de Antofagasta,ernc,1.0,0.0,72.25051685190259,0.0,1,2024-10-01 00:00:00
HP LOS LAGOS [En_Revision],HP Los Lagos,Hidráulica,Pasada,Región de los Ríos,ernc,1.0,0.0,0.0,0.0,1,2024-10-01 00:00:00
PMGD TER DOÑA JAVIERA,PMGD TER DOÑA JAVIERA,Térmica,Diésel,Región de Valparaíso,convencional,0.0,0.0,0.6936621030220955,0.057523809766898276,1,2024-10-01 00:00:00
PMGD PFV RINCONADA,Rinconada,Solar,(en blanco),Región de O'Higgins,ernc,1.0,0.0,43.412005991033894,0.0,1,2024-10-01 00:00:00
PFV DEL DESIERTO,PFV Del Desierto,Solar,(en blanco),Región de Antofagasta,ernc,1.0,0.0,0.0,0.0,1,2024-10-01 00:00:00
PMGD PFV FARDELA NEGRA,PMGD PFV FARDELA NEGRA,Solar,(en blanco),Región de Valparaíso,ernc,1.0,0.0,18.176352578490484,0.0,1,2024-10-01 00:00:00
TER TALTAL,Taltal 2 GNL,Térmica,Gas Natural,Región de Antofagasta,convencional,0.0,0.0,227.1273691369878,0.0,1,2024-10-01 00:00:00
TER YUNGAY,TER Yungay U3 GNL,Térmica,Gas Natural,Región del Bío-Bío,convencional,0.0,0.0,0.0,0.0,1,2024-10-01 00:00:00
TER TOCOPILLA,U16-TG + U16-TV Gas Arg,Térmica,Gas Natural,Región de Antofagasta,convencional,0.0,0.0,0.0,0.0,1,2024-10-01 00:00:00
TER UJINA,TER UJINA-UG1 (HFO),Térmica,Fuel Oil,Región de Tarapacá,convencional,0.0,0.0,0.0,0.0,1,2024-10-01 00:00:00
TER YUNGAY,TER Yungay U3 Gas Argentino,Térmica,Gas Natural,Región del Bío-Bío,convencional,0.0,0.0,0.0,0.0,1,2024-10-01 00:00:00
TER YUNGAY,TER Yungay U2 Gas Argentino,Térmica,Gas Natural,Región del Bío-Bío,convencional,0.0,0.0,0.0,0.0,1,2024-10-01 00:00:00
PMGD PFV CKILIR,PMGD PFV Ckilir,Solar,(en blanco),Región de Antofagasta,ernc,1.0,0.0,91.83095926091222,0.0,1,2024-10-01 00:00:00
PMGD PFV DUQUECO SOLAR,PMGD PFV Duqueco Solar,Solar,(en blanco),Región del Bío-Bío,ernc,1.0,0.0,71.0440854194264,0.0,1,2024-10-01 00:00:00
TER UJINA,TER UJINA-UG2 (HFO),Térmica,Fuel Oil,Región de Tarapacá,convencional,0.0,0.0,0.0,0.0,1,2024-10-01 00:00:00
TER YUNGAY,TER Yungay U1 Gas Argentino,Térmica,Gas Natural,Región del Bío-Bío,convencional,0.0,0.0,0.0,0.0,1,2024-10-01 00:00:00
TER UJINA,TER UJINA-UG3 (Diésel),Térmica,Diésel,Región de Tarapacá,convencional,0.0,0.0,0.0,0.0,1,2024-10-01 00:00:00
TER UJINA,TER UJINA-UG3 (HFO),Térmica,Fuel Oil,Región de Tarapacá,convencional,0.0,0.0,0.0,0.0,1,2024-10-01 00:00:00
PMGD PFV PALTO SUNLIGHT,PMGD PFV Palto Sunlight,Solar,(en blanco),Región de Valparaíso,ernc,1.0,0.0,73.78245259491894,0.0,1,2024-10-01 00:00:00
PMGD PFV SANTA EMILIA,PMGD PFV Santa Emilia,Solar,(en blanco),Región de O'Higgins,ernc,1.0,0.0,37.55295526697744,0.0,1,2024-10-01 00:00:00
TER TRINCAO,TER TRINCAO,Térmica,Diésel,Región de los Lagos,convencional,0.0,0.0,0.0,0.0,1,2024-10-01 00:00:00
PMGD PFV NIHUE,PMGD PFV Nihue,Solar,(en blanco),Región Metropolitana,ernc,1.0,0.0,20.79180558062063,0.0,1,2024-10-01 00:00:00
TER VIÑALES,Viñales,Térmica,Biomasa,Región del Maule,ernc,1.0,0.0,381.543963317214,26.825043024505035,1,2024-10-01 00:00:00
PMGD PFV PASTRAN,PMGD PFV Pastrán,Solar,(en blanco),Región de Coquimbo,ernc,1.0,0.0,82.55981287487172,0.0,1,2024-10-01 00:00:00
PMGD PFV MILAN A,PMGD PFV Milán A,Solar,(en blanco),Región del Maule,ernc,1.0,0.0,15.916971835082048,0.0,1,2024-10-01 00:00:00
TER UJINA,TER UJINA-UG4 (HFO),Térmica,Fuel Oil,Región de Tarapacá,convencional,0.0,0.0,0.0,0.0,1,2024-10-01 00:00:00
TER VALDIVIA,VALDIVIA,Térmica,Biomasa,Región de los Ríos,ernc,1.0,0.0,87.98934291588859,0.0,1,2024-10-01 00:00:00
TER UJINA,TER UJINA-UG6 (HFO),Térmica,Fuel Oil,Región de Tarapacá,convencional,0.0,0.0,0.0,0.0,1,2024-10-01 00:00:00
TER UJINA,TER UJINA-UG5 (HFO),Térmica,Fuel Oil,Región de Tarapacá,convencional,0.0,0.0,0.0,0.0,1,2024-10-01 00:00:00
PMGD PFV ANAKENA,PMGD PFV Anakena,Solar,(en blanco),Región de Coquimbo,ernc,1.0,0.0,79.34638064863853,0.0,1,2024-10-01 00:00:00
TER UJINA,TER UJINA-UG5 (Diésel),Térmica,Diésel,Región de Tarapacá,convencional,0.0,0.0,0.0,0.0,1,2024-10-01 00:00:00
TER UJINA,TER UJINA-UG6 (Diésel),Térmica,Diésel,Región de Tarapacá,convencional,0.0,0.0,0.0,0.0,1,2024-10-01 00:00:00
TER UJINA,TER UJINA-UG4 (Diésel),Térmica,Diésel,Región de Tarapacá,convencional,0.0,0.0,0.0,0.0,1,2024-10-01 00:00:00
TER UJINA,TER UJINA-UG1 (Diésel),Térmica,Diésel,Región de Tarapacá,convencional,0.0,0.0,0.0,0.0,1,2024-10-01 00:00:00
PMGD PFV EL HUASO,PMGD PFV El Huaso,Solar,(en blanco),Región de Valparaíso,ernc,1.0,0.0,16.928872036977264,0.0,1,2024-10-01 00:00:00
TER TOCOPILLA,TER TOCOPILLA TG3 GNL,Térmica,Gas Natural,Región de Antofagasta,convencional,0.0,0.0,0.0,0.0,1,2024-10-01 00:00:00
PMGD PFV GR ALCON SOLAR,PMGD PFV Alcon Solar,Solar,(en blanco),Región de O'Higgins,ernc,1.0,0.0,74.6562337047939,0.0,1,2024-10-01 00:00:00
TER TOCOPILLA,U16-TG Diesel,Térmica,Gas Natural,Región de Antofagasta,convencional,0.0,0.0,0.0,0.0,1,2024-10-01 00:00:00
PFV DIEGO DE ALMAGRO SUR,PFV Diego de Almagro Sur,Solar,(en blanco),Región de Atacama,ernc,1.0,0.0,1089.5109790892775,0.0,1,2024-10-01 00:00:00
PFV SOL DE LILA,PFV Sol de Lila,Solar,(en blanco),Región de Antofagasta,ernc,1.0,0.0,649.3841635122814,0.0,1,2024-10-01 00:00:00
PMGD PFV PEÑAFLOR SOLAR,PMGD PFV PENAFLOR,Solar,(en blanco),Región Metropolitana,ernc,1.0,0.0,50.953451656747305,0.0,1,2024-10-01 00:00:00
TER TOCOPILLA,U16-TG + U16-TV Diesel,Térmica,Gas Natural,Región de Antofagasta,convencional,0.0,0.0,0.0,0.0,1,2024-10-01 00:00:00
TER TOCOPILLA,U16-TG + U16-TV GNL,Térmica,Gas Natural,Región de Antofagasta,convencional,0.0,0.0,0.0,0.0,1,2024-10-01 00:00:00
PMGD TER ALERCE,Alerce,Térmica,Diésel,Región de los Lagos,convencional,0.0,0.0,0.0,0.0,1,2024-10-01 00:00:00
PMGD TER CALAFATE,Calafate,Térmica,Diésel,Región de los Lagos,convencional,0.0,0.0,0.0,0.0,1,2024-10-01 00:00:00
TER TOCOPILLA,U16-TG GNL,Térmica,Gas Natural,Región de Antofagasta,convencional,0.0,0.0,0.0,0.0,1,2024-10-01 00:00:00
TER YUNGAY,TER Yungay U4,Térmica,Diésel,Región del Bío-Bío,convencional,0.0,0.0,0.0,0.0,1,2024-10-01 00:00:00
TER TOCOPILLA,U16-TG Gas Arg,Térmica,Gas Natural,Región de Antofagasta,convencional,0.0,0.0,0.0,0.0,1,2024-10-01 00:00:00
TER TOCOPILLA,TER TOCOPILLA TG3 Diesel,Térmica,Gas Natural,Región de Antofagasta,convencional,0.0,0.0,0.0,0.0,1,2024-10-01 00:00:00
TER TOCOPILLA,TER TOCOPILLA TG3 Gas Arg,Térmica,Gas Natural,Región de Antofagasta,convencional,0.0,0.0,0.0,0.0,1,2024-10-01 00:00:00
PMGD PFV CANTERA,PMGD PFV Cantera,Solar,(en blanco),Región Metropolitana,ernc,1.0,0.0,21.636359667381807,0.0,1,2024-10-01 00:00:00
PMGD PFV AVEL SOLAR,PMGD PFV Avel Solar,Solar,(en blanco),Región Metropolitana,ernc,1.0,0.0,55.80295214482917,0.0,1,2024-10-01 00:00:00
TER YUNGAY,TER Yungay U3 Diésel,Térmica,Diésel,Región del Bío-Bío,convencional,0.0,0.0,0.0,0.0,1,2024-10-01 00:00:00
TER YUNGAY,TER Yungay U2 GNL,Térmica,Gas Natural,Región del Bío-Bío,convencional,0.0,0.0,0.0,0.0,1,2024-10-01 00:00:00
TER TOCOPILLA,TER TOCOPILLA TG2,Térmica,Gas Natural,Región de Antofagasta,convencional,0.0,0.0,0.0,0.0,1,2024-10-01 00:00:00
TER YUNGAY,TER Yungay U2 Diésel,Térmica,Diésel,Región del Bío-Bío,convencional,0.0,0.0,0.0,0.0,1,2024-10-01 00:00:00
PMGD HP PANGUIPULLI [En_Revision],Panguipulli,Hidráulica,Pasada,Región de los Ríos,ernc,1.0,0.0,0.0,0.0,1,2024-10-01 00:00:00
TER YUNGAY,TER Yungay U1 GNL,Térmica,Gas Natural,Región del Bío-Bío,convencional,0.0,0.0,0.0,0.0,1,2024-10-01 00:00:00
TER TOCOPILLA,TER TOCOPILLA TG1,Térmica,Gas Natural,Región de Antofagasta,convencional,0.0,0.0,0.0,0.0,1,2024-10-01 00:00:00
PMGD PFV LOICA,PMGD PFV Loica,Solar,(en blanco),Región del Maule,ernc,1.0,0.0,16.875653467415308,0.0,1,2024-10-01 00:00:00
TER YUNGAY,TER Yungay U1 Diésel,Térmica,Diésel,Región del Bío-Bío,convencional,0.0,0.0,0.0,0.0,1,2024-10-01 00:00:00
PMGD PFV SAN JOSE II,PMGD PFV San José II,Solar,(en blanco),Región de Ñuble,ernc,1.0,0.0,22.373467242380187,0.0,1,2024-10-01 00:00:00
TER UJINA,TER UJINA-UG2 (Diésel),Térmica,Diésel,Región de Tarapacá,convencional,0.0,0.0,0.0,0.0,1,2024-10-01 00:00:00
TER NUEVA ALDEA,Nueva Aldea Bloque 2,Térmica,Biomasa,Región de Ñuble,ernc,0.32,0.0,892.0602521047261,40.06246634469159,1,2024-10-01 00:00:00
TER SANTA LIDIA,Santa Lidia,Térmica,Diésel,Región del Bío-Bío,convencional,0.0,0.0,0.0,0.0,1,2024-10-01 00:00:00
TER KELAR,KELAR TG2 + 0.5 TV (Diesel),Térmica,Diésel,Región de Antofagasta,convencional,0.0,0.0,0.0,0.0,1,2024-10-01 00:00:00
TER KELAR,KELAR TG2 (GNL),Térmica,Gas Natural,Región de Antofagasta,convencional,0.0,0.0,0.0,0.0,1,2024-10-01 00:00:00
TER KELAR,KELAR TG1 + TG2 + TV (GNL),Térmica,Gas Natural,Región de Antofagasta,convencional,0.0,0.0,0.0,0.0,1,2024-10-01 00:00:00
TER KELAR,KELAR TG1 + 0.5 TV (Diesel),Térmica,Diésel,Región de Antofagasta,convencional,0.0,0.0,0.0,0.0,1,2024-10-01 00:00:00
PMGD PFV CAUQUENES,PMGD PFV Cauquenes,Solar,(en blanco),Región del Maule,ernc,1.0,0.0,11.861267155988882,0.0,1,2024-10-01 00:00:00
PMGD PFV PSF PUANGUE,PMGD PFV Puangue,Solar,(en blanco),Región Metropolitana,ernc,1.0,0.0,29.084384818171124,0.0,1,2024-10-01 00:00:00
TER KELAR,KELAR TG1 (GNL),Térmica,Gas Natural,Región de Antofagasta,convencional,0.0,0.0,0.0,0.0,1,2024-10-01 00:00:00
TER KELAR,KELAR TG1 + TG2 + TV (Diesel),Térmica,Diésel,Región de Antofagasta,convencional,0.0,0.0,0.0,0.0,1,2024-10-01 00:00:00
TER KELAR,KELAR TG2 (Diesel),Térmica,Diésel,Región de Antofagasta,convencional,0.0,0.0,0.0,0.0,1,2024-10-01 00:00:00
TER KELAR,KELAR TG1 (Diesel),Térmica,Diésel,Región de Antofagasta,convencional,0.0,0.0,0.0,0.0,1,2024-10-01 00:00:00
TER IEM,TER IEM,Térmica,Carbón,Región de Antofagasta,convencional,0.0,0.0,0.0,0.0,1,2024-10-01 00:00:00
PMGD PFV PARQUE SOLAR FOTOVOLTAICO LA VICTORIA,PMGD PFV Parque Solar Fotovoltaico La Victoria,Solar,(en blanco),Región de Ñuble,ernc,1.0,0.0,61.30210143752952,0.0,1,2024-10-01 00:00:00
TER HUASCO,Huasco TG IFO,Térmica,Fuel Oil,Región de Atacama,convencional,0.0,0.0,0.0,0.0,1,2024-10-01 00:00:00
TER HUASCO,Huasco TG,Térmica,Diésel,Región de Atacama,convencional,0.0,0.0,0.0,0.0,1,2024-10-01 00:00:00
TER HORNITOS,TER HORNITOS,Térmica,Carbón,Región de Antofagasta,convencional,0.0,0.0,0.0,0.0,1,2024-10-01 00:00:00
PMGD PFV PARQUE SOLAR RIO PEUCO,PMGD PFV Parque Solar Río Peuco,Solar,(en blanco),Región de O'Higgins,ernc,1.0,0.0,12.968265084759917,0.0,1,2024-10-01 00:00:00
PMGD PFV PSF HORIZONTE,PMGD PFV PSF Horizonte,Solar,(en blanco),Región Metropolitana,ernc,1.0,0.0,32.25233105624151,0.0,1,2024-10-01 00:00:00
PMGD PFV PLAYERON,PMGD PFV Playeron,Solar,(en blanco),Región del Maule,ernc,1.0,0.0,12.790407758518786,0.0,1,2024-10-01 00:00:00
PMGD PFV GRANATE,PMGD PFV Granate,Solar,(en blanco),Región de Coquimbo,ernc,1.0,0.0,82.88780515662347,0.0,1,2024-10-01 00:00:00
TER KELAR,KELAR TG2 + 0.5 TV (GNL),Térmica,Gas Natural,Región de Antofagasta,convencional,0.0,0.0,0.0,0.0,1,2024-10-01 00:00:00
TER KELAR,KELAR TG1 + 0.5 TV (Gas Arg),Térmica,Gas Natural,Región de Antofagasta,convencional,0.0,0.0,0.0,0.0,1,2024-10-01 00:00:00
PMGD PFV SUNHUNTER,PMGD PFV Sunhunter,Solar,(en blanco),Región de Coquimbo,ernc,1.0,0.0,88.60009840740346,0.0,1,2024-10-01 00:00:00
PMGD PFV GABRIELA,PMGD PFV Gabriela,Solar,(en blanco),Región de Coquimbo,ernc,1.0,0.0,89.86171110338678,0.0,1,2024-10-01 00:00:00
TER LINARES NORTE,Linares Norte,Térmica,Diésel,Región del Maule,convencional,0.0,0.0,0.0,0.0,1,2024-10-01 00:00:00
BESS Diego de Almagro Sur,BESS Diego de Almagro Sur (retiro),Bess,(en blanco),Región de Atacama,ernc,1.0,0.0,35.34982357537347,0.0,1,2024-10-01 00:00:00
TER LAUTARO,Lautaro 2,Térmica,Biomasa,Región de la Araucanía,ernc,1.0,0.0,373.57249305327394,16.45122556542006,1,2024-10-01 00:00:00
TER LAUTARO,Lautaro 1,Térmica,Biomasa,Región de la Araucanía,ernc,1.0,0.0,329.43173967509176,12.997288656781814,1,2024-10-01 00:00:00
TER LAS VEGAS,Las Vegas,Térmica,Diésel,Región de Valparaíso,convencional,0.0,0.0,1.765344780205136,0.0,1,2024-10-01 00:00:00
TER LAJA,Laja Energía Verde,Térmica,Biomasa,Región del Bío-Bío,ernc,0.3144,0.0,87.24892770372394,4.102300499831057,1,2024-10-01 00:00:00
TER LA PORTADA,TECNET_1_6,Térmica,Diésel,Región de Antofagasta,convencional,0.0,0.0,0.0,0.0,1,2024-10-01 00:00:00
TER KELAR,KELAR TG2 (Gas Arg),Térmica,Gas Natural,Región de Antofagasta,convencional,0.0,0.0,0.0,0.0,1,2024-10-01 00:00:00
TER KELAR,KELAR TG2 + 0.5 TV (Gas Arg),Térmica,Gas Natural,Región de Antofagasta,convencional,0.0,0.0,0.0,0.0,1,2024-10-01 00:00:00
BESS Diego de Almagro Sur,BESS Diego de Almagro Sur (inyección),Bess,(en blanco),Región de Atacama,ernc,1.0,0.0,33.73892020836664,2.471385910873832,1,2024-10-01 00:00:00
PMGD PFV RATULEMUS,PMGD PFV Ratulemus,Solar,(en blanco),Región del Maule,ernc,1.0,0.0,16.517392160512884,0.0,1,2024-10-01 00:00:00
PMGD PFV PARQUE SOLAR EL OLIVAR,PMGD PFV Parque Solar El Olivar,Solar,(en blanco),Región del Bío-Bío,ernc,1.0,0.0,67.16746253743665,0.0,1,2024-10-01 00:00:00
TER KELAR,KELAR TG1 + TG2 + TV (Gas Arg),Térmica,Gas Natural,Región de Antofagasta,convencional,0.0,0.0,0.0,0.0,1,2024-10-01 00:00:00
PMGD PFV SOLAR TORINO,PMGD PFV Torino,Solar,(en blanco),Región del Maule,ernc,1.0,0.0,31.168423997034484,0.0,1,2024-10-01 00:00:00
TER KELAR,KELAR TG1 (Gas Arg),Térmica,Gas Natural,Región de Antofagasta,convencional,0.0,0.0,0.0,0.0,1,2024-10-01 00:00:00
TER KELAR,KELAR TG1 + 0.5 TV (GNL),Térmica,Gas Natural,Región de Antofagasta,convencional,0.0,0.0,0.0,0.0,1,2024-10-01 00:00:00
TER LOMA LOS COLORADOS II,Loma Los Colorados II,Térmica,BioGas,Región Metropolitana,ernc,1.0,0.0,284.1593516956147,16.00897756031632,1,2024-10-01 00:00:00
TER HORCONES,Horcones TG,Térmica,Gas Natural,Región del Bío-Bío,convencional,0.0,0.0,0.0,0.0,1,2024-10-01 00:00:00
TER GUACOLDA,Guacolda 5,Térmica,Carbón,Región de Atacama,convencional,0.0,0.0,1390.3196674476214,154.70675689850685,1,2024-10-01 00:00:00
TER DEGAÑ,Degañ Nave 5,Térmica,Diésel,Región de los Lagos,convencional,0.0,0.0,0.0,0.0,1,2024-10-01 00:00:00
PMGD PFV JAVIERA CARRERA,PMGD PFV Javiera Carrera,Solar,(en blanco),Región Metropolitana,ernc,1.0,0.0,44.52475528647282,0.0,1,2024-10-01 00:00:00
TER DEGAÑ,Degañ Nave 1+2,Térmica,Diésel,Región de los Lagos,convencional,0.0,0.0,0.0,0.0,1,2024-10-01 00:00:00
PMGD PFV ALBOR SOLAR,PMGD PFV Albor Solar,Solar,(en blanco),Región del Bío-Bío,ernc,1.0,0.0,30.213817327770695,0.0,1,2024-10-01 00:00:00
TER CORONEL,Coronel TG GNL,Térmica,Gas Natural,Región del Bío-Bío,convencional,0.0,0.0,0.0,0.0,1,2024-10-01 00:00:00
TER CORONEL,Coronel TG Gas Natural,Térmica,Gas Natural,Región del Bío-Bío,convencional,0.0,0.0,0.0,0.0,1,2024-10-01 00:00:00
TER CORONEL,Coronel TG Diésel,Térmica,Diésel,Región del Bío-Bío,convencional,0.0,0.0,0.0,0.0,1,2024-10-01 00:00:00
TER COLMITO,TER Colmito GNL,Térmica,Gas Natural,Región de Valparaíso,convencional,0.0,0.0,0.0,0.0,1,2024-10-01 00:00:00
TER COLMITO,TER Colmito Diésel,Térmica,Diésel,Región de Valparaíso,convencional,0.0,0.0,0.0,0.0,1,2024-10-01 00:00:00
TER COLMITO,TER Colmito Gas Argentino,Térmica,Gas Natural,Región de Valparaíso,convencional,0.0,0.0,180.55125004744252,0.0,1,2024-10-01 00:00:00
TER COLIHUES,TER COLIHUES (Diésel),Térmica,Diésel,Región de O'Higgins,convencional,0.0,0.0,0.0,0.0,1,2024-10-01 00:00:00
TER COLIHUES,TER COLIHUES (HFO),Térmica,Fuel Oil,Región de O'Higgins,convencional,0.0,0.0,0.0,0.0,1,2024-10-01 00:00:00
PMGD PFV CAÑONES SUNLIGHT,PMGD PFV CAÑONES SUNLIGHT,Solar,(en blanco),Región de Valparaíso,ernc,1.0,0.0,66.46318237158683,0.0,1,2024-10-01 00:00:00
PMGD PFV SAMO BAJO,PMGD PFV SAMO BAJO,Solar,(en blanco),Región de Coquimbo,ernc,1.0,0.0,14.177064790923435,0.0,1,2024-10-01 00:00:00
TER COCHRANE,CCR2 (Carbon),Térmica,Carbón,Región de Antofagasta,convencional,0.0,0.0,4450.725890820368,275.06425131916,1,2024-10-01 00:00:00
TER COCHRANE,CCR1 (Carbon),Térmica,Carbón,Región de Antofagasta,convencional,0.0,0.0,4312.648459362638,274.9441839874576,1,2024-10-01 00:00:00
TER CMPC TISSUE,CMPC Tissue,Térmica,Gas Natural,Región Metropolitana,convencional,0.0,0.0,46.12586659566141,1.400785536527678,1,2024-10-01 00:00:00
PFV DOMEYKO,PFV Domeyko,Solar,(en blanco),Región de Antofagasta,ernc,1.0,0.0,1026.5056467784577,0.0,1,2024-10-01 00:00:00
TER HORCONES,Horcones Diésel,Térmica,Diésel,Región del Bío-Bío,convencional,0.0,0.0,0.0,0.0,1,2024-10-01 00:00:00
TER DIEGO DE ALMAGRO,Diego de Almagro,Térmica,Diésel,Región de Atacama,convencional,0.0,0.0,0.0,0.0,1,2024-10-01 00:00:00
PE PUELCHE SUR,puelche sur,Eólica,(en blanco),Región de los Lagos,ernc,1.0,0.0,602.9581285873638,68.12820513012115,1,2024-10-01 00:00:00
TER GUACOLDA,Guacolda 4,Térmica,Carbón,Región de Atacama,convencional,0.0,0.0,2298.518970055341,134.37535539690512,1,2024-10-01 00:00:00
PMGD PFV FLORENCIA SOLAR,PMGD PFV Florencia Solar,Solar,(en blanco),Región de Coquimbo,ernc,1.0,0.0,78.49666577299537,0.0,1,2024-10-01 00:00:00
TER GUACOLDA,Guacolda 3,Térmica,Carbón,Región de Atacama,convencional,0.0,0.0,2536.152230716287,154.30653245949895,1,2024-10-01 00:00:00
PMGD PFV PARQUE SOLAR ALCALDESA,PFV Alcaldesa,Solar,(en blanco),Región de Ñuble,ernc,1.0,0.0,35.06176908595137,0.0,1,2024-10-01 00:00:00
TER GUACOLDA,Guacolda 2,Térmica,Carbón,Región de Atacama,convencional,0.0,0.0,0.0,0.0,1,2024-10-01 00:00:00
TER GUACOLDA,Guacolda 1,Térmica,Carbón,Región de Atacama,convencional,0.0,0.0,2356.7316147090423,139.96849193204062,1,2024-10-01 00:00:00
TER ESPERANZA,TER ESPERANZA-TG1,Térmica,Diésel,Región de O'Higgins,convencional,0.0,0.0,0.0,0.0,1,2024-10-01 00:00:00
TER ESPERANZA,TER ESPERANZA-DS2,Térmica,Diésel,Región de O'Higgins,convencional,0.0,0.0,0.0,0.0,1,2024-10-01 00:00:00
PMGD PFV VILLA MOSCOSO,PMGD PFV Villa Moscoso,Solar,(en blanco),Región de Valparaíso,ernc,1.0,0.0,15.92335946245403,0.0,1,2024-10-01 00:00:00
PFV MACHICURA,PFV Machicura,Solar,(en blanco),Región del Maule,ernc,1.0,0.0,52.229289290531995,0.0,1,2024-10-01 00:00:00
HP MC3,HP MC3,Hidráulica,Pasada,Región de los Lagos,ernc,1.0,0.0,55.34103430381845,2.301290524295471,1,2024-10-01 00:00:00
TER ESPERANZA,TER ESPERANZA-DS1,Térmica,Diésel,Región de O'Higgins,convencional,0.0,0.0,0.0,0.0,1,2024-10-01 00:00:00
PFV TENO SOLAR,PFV TENO SOLAR,Solar,(en blanco),Región del Maule,ernc,1.0,0.0,50.59837470157477,0.0,1,2024-10-01 00:00:00
PMGD TER CENTRAL DE RESPALDO TIGRE,PMGD TER Central Tigre,Térmica,Diésel,Región Metropolitana,convencional,0.0,0.0,0.0,0.0,1,2024-10-01 00:00:00
TER EMELDA,Emelda 2,Térmica,Diésel,Región de Atacama,convencional,0.0,0.0,0.0,0.0,1,2024-10-01 00:00:00
TER EMELDA,Emelda 1,Térmica,Diésel,Región de Atacama,convencional,0.0,0.0,0.0,0.0,1,2024-10-01 00:00:00
TER EL TOTORAL,El Totoral,Térmica,Diésel,Región de Valparaíso,convencional,0.0,0.0,0.0,0.0,1,2024-10-01 00:00:00
TER EL SALVADOR,El Salvador TG,Térmica,Diésel,Región de Atacama,convencional,0.0,0.0,0.0,0.0,1,2024-10-01 00:00:00
TER LOS ESPINOS,Espinos,Térmica,Diésel,Región de Coquimbo,convencional,0.0,0.0,0.0,0.0,1,2024-10-01 00:00:00
TER LOS GUINDOS,Los Guindos TG1 Diésel,Térmica,Diésel,Región del Bío-Bío,convencional,0.0,0.0,0.0,0.0,1,2024-10-01 00:00:00
TER LOS GUINDOS,Los Guindos TG2 Diésel,Térmica,Diésel,Región del Bío-Bío,convencional,0.0,0.0,0.0,0.0,1,2024-10-01 00:00:00
TER PUNTA COLORADA,TER PUNTA COLORADA (Diésel),Térmica,Diésel,Región de Coquimbo,convencional,0.0,0.0,0.0,0.0,1,2024-10-01 00:00:00
PMGD HP CHANLEUFU II,PMGD HP Chanleufu,Hidráulica,Pasada,Región de los Lagos,ernc,1.0,0.0,78.71073997624059,3.277660321348436,1,2024-10-01 00:00:00
PMGD TER BERLIOZ,PMGD TER Berlioz,Térmica,Diésel,Región Metropolitana,convencional,0.0,0.0,0.0,0.0,1,2024-10-01 00:00:00
TER PUNTA COLORADA,TER PUNTA COLORADA (IFO),Térmica,Fuel Oil,Región de Coquimbo,convencional,0.0,0.0,0.0,0.0,1,2024-10-01 00:00:00
PMGD PFV LAS PALMAS DEL VERANO SOLAR,PMGD PFV Palmas Verano Solar,Solar,(en blanco),Región de Valparaíso,ernc,1.0,0.0,20.252436334088785,0.0,1,2024-10-01 00:00:00
TER PLACILLA,Placilla,Térmica,Diésel,Región de Valparaíso,convencional,0.0,0.0,0.0,0.0,1,2024-10-01 00:00:00
TER PETROPOWER,Cogen. Biobío,Térmica,PetCoke,Región del Bío-Bío,convencional,0.0,0.0,1155.6480676353344,48.02693268094896,1,2024-10-01 00:00:00
TER OLIVOS,Olivos,Térmica,Diésel,Región de Coquimbo,convencional,0.0,0.0,0.0,0.0,1,2024-10-01 00:00:00
TER NUEVA VENTANAS,Nueva Ventanas,Térmica,Carbón,Región de Valparaíso,convencional,0.0,0.0,0.0,0.0,1,2024-10-01 00:00:00
TER NUEVA RENCA,Nueva Renca FA GLP,Térmica,Gas Natural,Región Metropolitana,convencional,0.0,0.0,0.0,0.0,1,2024-10-01 00:00:00
TER NUEVA RENCA,Nueva Renca FA Gas Arg,Térmica,Gas Natural,Región Metropolitana,convencional,0.0,0.0,0.0,0.0,1,2024-10-01 00:00:00
PMGD HP EL BRINCO,PMGD HP El Brinco,Hidráulica,Pasada,Región del Bío-Bío,ernc,1.0,0.0,1.6449496426748718,0.05958042217990127,1,2024-10-01 00:00:00
TER NUEVA RENCA,Nueva Renca Gas Arg,Térmica,Gas Natural,Región Metropolitana,convencional,0.0,0.0,0.0,0.0,1,2024-10-01 00:00:00
PMGD PFV ICB,PMGD PFV ICB,Solar,(en blanco),Región Metropolitana,ernc,1.0,0.0,0.0,0.0,1,2024-10-01 00:00:00
TER NUEVA RENCA,Nueva Renca FA GNL,Térmica,Gas Natural,Región Metropolitana,convencional,0.0,0.0,0.0,0.0,1,2024-10-01 00:00:00
PMGD PFV LITORAL SUNLIGHT,PMGD PFV Litoral Sunlight,Solar,(en blanco),Región de Valparaíso,ernc,1.0,0.0,68.2326598330288,0.0,1,2024-10-01 00:00:00
TER NUEVA RENCA,Nueva Renca GNL,Térmica,Gas Natural,Región Metropolitana,convencional,0.0,0.0,0.0,0.0,1,2024-10-01 00:00:00
TER QUINTAY,Quintay,Térmica,Diésel,Región de Valparaíso,convencional,0.0,0.0,0.0,0.0,1,2024-10-01 00:00:00
PMGD PFV LAS CACHAÑAS,PMGD PFV Las Cachañas,Solar,(en blanco),Región de O'Higgins,ernc,1.0,0.0,23.951844323503202,0.0,1,2024-10-01 00:00:00
TER QUINTERO,Quintero TG 1A Diésel,Térmica,Diésel,Región de Valparaíso,convencional,0.0,0.0,0.0,0.0,1,2024-10-01 00:00:00
TER QUINTERO,Quintero TG 1B Diésel,Térmica,Diésel,Región de Valparaíso,convencional,0.0,0.0,0.0,0.0,1,2024-10-01 00:00:00
TER SAN LORENZO DE D. DE ALMAGRO,TER SAN LORENZO U3,Térmica,Diésel,Región de Atacama,convencional,0.0,0.0,0.0,0.0,1,2024-10-01 00:00:00
PMGD PFV MELI,PMGD PFV Meli,Solar,(en blanco),Región de O'Higgins,ernc,1.0,0.0,0.0,0.0,1,2024-10-01 00:00:00
TER SAN LORENZO DE D. DE ALMAGRO,TER SAN LORENZO U2,Térmica,Diésel,Región de Atacama,convencional,0.0,0.0,0.0,0.0,1,2024-10-01 00:00:00
TER SAN LORENZO DE D. DE ALMAGRO,TER SAN LORENZO U1,Térmica,Diésel,Región de Atacama,convencional,0.0,0.0,0.0,0.0,1,2024-10-01 00:00:00
TER SAN ISIDRO II,San Isidro II Gas Arg,Térmica,Gas Natural,Región de Valparaíso,convencional,0.0,0.0,6459.112159427898,365.6650586995751,1,2024-10-01 00:00:00
TER SAN ISIDRO II,San Isidro II GNL,Térmica,Gas Natural,Región de Valparaíso,convencional,0.0,0.0,0.0,0.0,1,2024-10-01 00:00:00
PMGD PFV EL FLAMENCO,PFV PMGD El Flamenco,Solar,(en blanco),Región del Maule,ernc,1.0,0.0,51.74198504906291,0.0,1,2024-10-01 00:00:00
PMGD PFV PICUNCHE,PMGD PFV Picunche,Solar,(en blanco),Región de O'Higgins,ernc,1.0,0.0,21.994983863486276,0.0,1,2024-10-01 00:00:00
TER SAN ISIDRO II,San Isidro II Diésel,Térmica,Diésel,Región de Valparaíso,convencional,0.0,0.0,0.0,0.0,1,2024-10-01 00:00:00
TER SAN ISIDRO,San Isidro Gas Arg,Térmica,Gas Natural,Región de Valparaíso,convencional,0.0,0.0,2764.990559330033,332.9867332545795,1,2024-10-01 00:00:00
TER SAN ISIDRO,San Isidro GNL,Térmica,Gas Natural,Región de Valparaíso,convencional,0.0,0.0,0.0,0.0,1,2024-10-01 00:00:00
TER SAN ISIDRO,San Isidro Diésel,Térmica,Diésel,Región de Valparaíso,convencional,0.0,0.0,0.0,0.0,1,2024-10-01 00:00:00
TER ARAUCO MAPA [EN_REVISION],TER ARAUCO MAPA,Térmica,Cogeneracion,Región del Bío-Bío,ernc,1.0,0.0,1001.7817820587443,43.984665846969094,1,2024-10-01 00:00:00
TER SAN GREGORIO,San Gregorio,Térmica,Diésel,Región de Ñuble,convencional,0.0,0.0,0.0,0.0,1,2024-10-01 00:00:00
TER QUINTERO,Quintero TG 1B Gas Arg,Térmica,Gas Natural,Región de Valparaíso,convencional,0.0,0.0,105.05891523957585,24.01346634047448,1,2024-10-01 00:00:00
TER QUINTERO,Quintero TG 1A Gas Arg,Térmica,Gas Natural,Región de Valparaíso,convencional,0.0,0.0,66.03703243630483,0.0,1,2024-10-01 00:00:00
TER QUINTERO,Quintero TG 1B GNL,Térmica,Gas Natural,Región de Valparaíso,convencional,0.0,0.0,0.0,0.0,1,2024-10-01 00:00:00
TER QUINTERO,Quintero TG 1A GNL,Térmica,Gas Natural,Región de Valparaíso,convencional,0.0,0.0,0.0,0.0,1,2024-10-01 00:00:00
TER NUEVA RENCA,Nueva Renca Diésel,Térmica,Diésel,Región Metropolitana,convencional,0.0,0.0,0.0,0.0,1,2024-10-01 00:00:00
PMGD PFV BULNES LOS BARONES,PMGD PFV Bulnes Barones,Solar,(en blanco),Región de Ñuble,ernc,1.0,0.0,18.774885237250196,0.0,1,2024-10-01 00:00:00
TER NUEVA ALDEA II,Nueva Aldea 2,Térmica,Diésel,Región de Ñuble,convencional,0.0,0.0,0.0,0.0,1,2024-10-01 00:00:00
TER MEJILLONES,CTM3-TG + CTM3-TV GNL,Térmica,Gas Natural,Región de Antofagasta,convencional,0.0,0.0,3709.860426161853,215.08061352284977,1,2024-10-01 00:00:00
TER MEJILLONES,CTM1,Térmica,Carbón,Región de Antofagasta,convencional,0.0,0.0,0.0,0.0,1,2024-10-01 00:00:00
TER MEJILLONES,CTM3-TG Gas Arg,Térmica,Gas Natural,Región de Antofagasta,convencional,0.0,0.0,0.0,0.0,1,2024-10-01 00:00:00
TER MAULE,Maule,Térmica,Diésel,Región del Maule,convencional,0.0,0.0,0.0,0.0,1,2024-10-01 00:00:00
PMGD PFV PARQUE ROMERIA,PMGD PFV Romeria,Solar,(en blanco),Región del Maule,ernc,1.0,0.0,57.50650643928863,0.0,1,2024-10-01 00:00:00
PMGD PFV BERGAMO,PMGD PFV Bérgamo,Solar,(en blanco),Región del Maule,ernc,1.0,0.0,12.215115948228686,0.0,1,2024-10-01 00:00:00
TER MASISA,Masisa,Térmica,Biomasa,Región del Bío-Bío,ernc,1.0,0.0,113.84384167579944,4.762670824194105,1,2024-10-01 00:00:00
PMGD PFV IDAHUE DEL VERANO SOLAR,PMGD PFV Idahue del Verano,Solar,(en blanco),Región de O'Higgins,ernc,1.0,0.0,14.820605024760082,0.0,1,2024-10-01 00:00:00
TER MANTOS BLANCOS,TER MANTOS BLANCOS,Térmica,Diésel,Región de Antofagasta,convencional,0.0,0.0,0.0,0.0,1,2024-10-01 00:00:00
HP EL PINAR,El Pinar,Hidráulica,Pasada,Región de Ñuble,ernc,1.0,0.0,209.0572357157808,8.78492643622358,1,2024-10-01 00:00:00
TER LOS VIENTOS,Los Vientos Gas Arg,Térmica,Gas Natural,Región de Valparaíso,convencional,0.0,0.0,0.0,0.0,1,2024-10-01 00:00:00
PMGD PFV ASTILLAS,PMGD PFV ASTILLAS,Solar,(en blanco),Región de Atacama,ernc,1.0,0.0,89.25393925274656,0.0,1,2024-10-01 00:00:00
TER LOS VIENTOS,Los Vientos GNL,Térmica,Gas Natural,Región de Valparaíso,convencional,0.0,0.0,0.0,0.0,1,2024-10-01 00:00:00
PMGD PFV PARQUE SANTA CRUZ,PMGD PFV Santa Cruz,Solar,(en blanco),Región de O'Higgins,ernc,1.0,0.0,26.515196821563368,0.0,1,2024-10-01 00:00:00
PMGD PFV DON ENRIQUE,PMGD PFV Don Enrique,Solar,(en blanco),Región de Coquimbo,ernc,1.0,0.0,84.28175503493114,0.0,1,2024-10-01 00:00:00
TER LOS VIENTOS,Los Vientos Diésel,Térmica,Diésel,Región de Valparaíso,convencional,0.0,0.0,0.0,0.0,1,2024-10-01 00:00:00
TER LOS PINOS,Los Pinos,Térmica,Diésel,Región del Bío-Bío,convencional,0.0,0.0,0.0,0.0,1,2024-10-01 00:00:00
TER MEJILLONES,CTM3-TG + CTM3-TV Diesel,Térmica,Diésel,Región de Antofagasta,convencional,0.0,0.0,0.0,0.0,1,2024-10-01 00:00:00
TER MEJILLONES,CTM3-TG Diesel,Térmica,Diésel,Región de Antofagasta,convencional,0.0,0.0,0.0,0.0,1,2024-10-01 00:00:00
PMGD PFV PEQUEN,PMGD PFV Pequen,Solar,(en blanco),Región del Maule,ernc,1.0,0.0,11.207752385502982,0.0,1,2024-10-01 00:00:00
TER MEJILLONES,CTM3-TG + CTM3-TV Gas Arg,Térmica,Gas Natural,Región de Antofagasta,convencional,0.0,0.0,0.0,0.0,1,2024-10-01 00:00:00
TER NUEVA ALDEA,Nueva Aldea Bloque 1 + 3,Térmica,Biomasa,Región de Ñuble,ernc,1.0,0.0,107.77043581385445,5.373013093681165,1,2024-10-01 00:00:00
PMGD PFV MANDINGA,PMGD PFV Mandinga,Solar,(en blanco),Región Metropolitana,ernc,1.0,0.0,36.839956721809905,0.0,1,2024-10-01 00:00:00
TER NEHUENCO II,Nehuenco II GNL,Térmica,Gas Natural,Región de Valparaíso,convencional,0.0,0.0,0.0,0.0,1,2024-10-01 00:00:00
PMGD PFV AROMO DEL VERANO SOLAR,PMGD PFV Aromo del Verano,Solar,(en blanco),Región de O'Higgins,ernc,1.0,0.0,11.395781536729281,0.0,1,2024-10-01 00:00:00
TER NEHUENCO II,Nehuenco II Gas Natural,Térmica,Gas Natural,Región de Valparaíso,convencional,0.0,0.0,0.0,0.0,1,2024-10-01 00:00:00
TER NEHUENCO II,Nehuenco II Diésel,Térmica,Diésel,Región de Valparaíso,convencional,0.0,0.0,0.0,0.0,1,2024-10-01 00:00:00
TER NEHUENCO 9B,Nehuenco 9B GNL,Térmica,Gas Natural,Región de Valparaíso,convencional,0.0,0.0,0.0,0.0,1,2024-10-01 00:00:00
PFV CAPRICORNIO,PFV Capricornio,Solar,(en blanco),Región de Antofagasta,ernc,1.0,0.0,439.0862320355758,0.0,1,2024-10-01 00:00:00
TER SANTA MARTA,Santa Marta,Térmica,BioGas,Región Metropolitana,ernc,1.0,0.0,143.88068582334296,10.005610975197701,1,2024-10-01 00:00:00
PMGD PFV DON MARTIN,PMGD PFV Don Martín,Solar,(en blanco),Región del Bío-Bío,ernc,1.0,0.0,15.695368729857606,0.0,1,2024-10-01 00:00:00
TER NEHUENCO 9B,Nehuenco 9B Gas Natural,Térmica,Gas Natural,Región de Valparaíso,convencional,0.0,0.0,0.0,0.0,1,2024-10-01 00:00:00
TER NEHUENCO 9B,Nehuenco 9B Diésel,Térmica,Diésel,Región de Valparaíso,convencional,0.0,0.0,0.0,0.0,1,2024-10-01 00:00:00
TER NEHUENCO,Nehuenco GNL,Térmica,Gas Natural,Región de Valparaíso,convencional,0.0,0.0,621.3484415597773,0.0,1,2024-10-01 00:00:00
TER NEHUENCO,Nehuenco Gas Natural,Térmica,Gas Natural,Región de Valparaíso,convencional,0.0,0.0,2501.402743799425,309.17337913360893,1,2024-10-01 00:00:00
PMGD PFV RDCL SAN,PMGD PFV RDCL SAN,Solar,(en blanco),Región de Valparaíso,ernc,1.0,0.0,71.11168345664743,0.0,1,2024-10-01 00:00:00
TER NEHUENCO,Nehuenco Diésel,Térmica,Diésel,Región de Valparaíso,convencional,0.0,0.0,0.0,0.0,1,2024-10-01 00:00:00
TER MEJILLONES,CTM3-TG GNL,Térmica,Gas Natural,Región de Antofagasta,convencional,0.0,0.0,0.0,0.0,1,2024-10-01 00:00:00
TER MEJILLONES,CTM2,Térmica,Carbón,Región de Antofagasta,convencional,0.0,0.0,0.0,0.0,1,2024-10-01 00:00:00
PMGD PFV LO CHACON,PMGD PFV Lo Chacón,Solar,(en blanco),Región Metropolitana,ernc,1.0,0.0,17.084809045679904,0.0,1,2024-10-01 00:00:00
PMGD PFV ECLIPSE SOLAR,Eclipse Solar,Solar,(en blanco),Región Metropolitana,ernc,1.0,0.0,48.278044521066334,0.0,1,2024-10-01 00:00:00
HP PALMAR,Palmar,Hidráulica,Pasada,Región de los Lagos,ernc,1.0,0.0,89.02992645730913,3.8321490035007195,1,2024-10-01 00:00:00
PMGD PFV LA ESTANCIA,La Estancia,Solar,(en blanco),Región Metropolitana,ernc,1.0,0.0,19.923037964627138,0.0,1,2024-10-01 00:00:00
TER SANTA MARIA,Santa María,Térmica,Carbón,Región del Bío-Bío,convencional,0.0,0.0,0.0,0.0,1,2024-10-01 00:00:00
PMGD PFV CORTIJO,PMGD PFV CORTIJO,Solar,(en blanco),Región del Bío-Bío,ernc,1.0,0.0,58.167608103874734,0.0,1,2024-10-01 00:00:00
PMGD TER TIRUA,PMGD TER Tirúa,Térmica,Diésel,Región del Bío-Bío,convencional,0.0,0.0,0.0,0.0,1,2024-10-01 00:00:00
HP RUCUE,RUCÚE,Hidráulica,Pasada,Región del Bío-Bío,convencional,0.0,0.0,3895.1843526444654,168.09426438332136,1,2024-10-01 00:00:00
TER SANTA FE,TER SANTA FE,Térmica,Biomasa,Región del Bío-Bío,ernc,1.0,0.0,712.9998380925881,30.317001254849036,1,2024-10-01 00:00:00
TER EL PEÑON,TER EL PEÑON,Térmica,Diésel,Región de Coquimbo,convencional,0.0,0.0,0.0,0.0,1,2024-10-01 00:00:00
PMGD HP ROBLERIA,ROBLERIA,Hidráulica,Pasada,Región del Maule,ernc,1.0,0.0,0.0,0.0,1,2024-10-01 00:00:00
TER TRAPEN,TER TRAPÉN,Térmica,Diésel,Región de los Lagos,convencional,0.0,0.0,0.0,0.0,1,2024-10-01 00:00:00
PMGD PFV QUETENA,PMGD PFV QUETENA,Solar,(en blanco),Región de Antofagasta,ernc,1.0,0.0,82.08019935002474,0.0,1,2024-10-01 00:00:00
HP RIO HUASCO,RIO HUASCO,Hidráulica,Pasada,Región de Atacama,ernc,1.0,0.0,26.18468392209239,1.0906115962965495,1,2024-10-01 00:00:00
PMGD PFV PACHIRA,Pachira,Solar,(en blanco),Región del Maule,ernc,1.0,0.0,57.06238163290689,0.0,1,2024-10-01 00:00:00
PMGD TER DAGOBERTO,Dagoberto,Térmica,Diésel,Región de la Araucanía,convencional,0.0,0.0,3.3039127776761326e-05,4.4046700635015315e-06,1,2024-10-01 00:00:00
HP RIO PICOIQUEN,PICOIQUÉN,Hidráulica,Pasada,Región de la Araucanía,ernc,1.0,0.0,351.11885773871256,19.017129323983397,1,2024-10-01 00:00:00
PMGD PFV DON ANDRONICO,DON ANDRÓNICO,Solar,(en blanco),Región Metropolitana,ernc,1.0,0.0,15.67886641244075,0.0,1,2024-10-01 00:00:00
PE MALLECO SUR,MALLECO SUR,Eólica,(en blanco),Región de la Araucanía,ernc,1.0,0.0,580.6055936687721,14.398074193309492,1,2024-10-01 00:00:00
PE CALAMA,CALAMA,Eólica,(en blanco),Región de Antofagasta,ernc,1.0,0.0,497.1387869136729,6.193473193647377,1,2024-10-01 00:00:00
PMGD PFV SANTA MARGARITA,PMGD PFV SANTA MARGARITA,Solar,(en blanco),Región de O'Higgins,ernc,1.0,0.0,19.825877247661825,0.0,1,2024-10-01 00:00:00
TER TERMOPACIFICO,Termopacífico,Térmica,Diésel,Región de Atacama,convencional,0.0,0.0,0.0,0.0,1,2024-10-01 00:00:00
PMGD HP RIO TRUENO,TRUENO,Hidráulica,Pasada,Región de la Araucanía,ernc,1.0,0.0,109.81158045279474,4.512530549814163,1,2024-10-01 00:00:00
PMGD HP TRAILELFU,Trailelfú,Hidráulica,Pasada,Región de la Araucanía,ernc,1.0,0.0,61.56388878068607,2.566454421365602,1,2024-10-01 00:00:00
TER ANDES GENERACION,Andes Generación Unidad 3 Diesel,Térmica,Diésel,Región de Atacama,convencional,0.0,0.0,0.0,0.0,1,2024-10-01 00:00:00
TER ANDES GENERACION,Andes Generación Unidad 2 FO6,Térmica,Diésel,Región de Atacama,convencional,0.0,0.0,0.0,0.0,1,2024-10-01 00:00:00
PMGD PFV SANTA LUISA,PMGD PFV SANTA LUISA,Solar,(en blanco),Región de Ñuble,ernc,1.0,0.0,19.092643169454075,0.0,1,2024-10-01 00:00:00
PMGD TER DIESEL CEREZO,PMGD Diesel Cerezo,Térmica,Diésel,Región del Maule,convencional,0.0,0.0,0.0,0.0,1,2024-10-01 00:00:00
TER ANDES GENERACION,Andes Generación Unidad 2 Diesel,Térmica,Diésel,Región de Atacama,convencional,0.0,0.0,0.0,0.0,1,2024-10-01 00:00:00
TER ANDES GENERACION,Andes Generación Unidad 1 FO6,Térmica,Diésel,Región de Atacama,convencional,0.0,0.0,0.0,0.0,1,2024-10-01 00:00:00
TER ANDES GENERACION,Andes Generación Unidad 1 Diesel,Térmica,Diésel,Región de Atacama,convencional,0.0,0.0,0.0,0.0,1,2024-10-01 00:00:00
PMGD HP ARRAYAN,Arrayán,Hidráulica,Pasada,Región Metropolitana,ernc,1.0,0.0,0.0,0.0,1,2024-10-01 00:00:00
PMGD HP RIO MULCHEN,Hidroeléctrica Rio Mulchen,Hidráulica,Pasada,Región del Bío-Bío,ernc,1.0,0.0,70.42827090729944,2.816554756348215,1,2024-10-01 00:00:00
PMGD TER LOMAS COLORADAS,PMGD TER LOMAS COLORADAS,Térmica,Biomasa,Región del Bío-Bío,ernc,1.0,0.0,2.0176616520836617,0.0,1,2024-10-01 00:00:00
PMGD PFV LOS MAGNOLIOS SOLAR,PMGD PFV LOS MAGNOLIOS SOLAR,Solar,(en blanco),Región de Valparaíso,ernc,1.0,0.0,24.57618489569857,0.0,1,2024-10-01 00:00:00
PMGD HP CURILEUFU,Curileufu,Hidráulica,Pasada,Región de los Ríos,ernc,1.0,0.0,0.0,0.0,1,2024-10-01 00:00:00
HP CARILAFQUEN,Carilafquen,Hidráulica,Pasada,Región de la Araucanía,ernc,0.95,0.0,302.17945706194575,17.009538657836092,1,2024-10-01 00:00:00
PFV QUILAPILUN,Quilapilun,Solar,(en blanco),Región Metropolitana,ernc,1.0,0.0,490.0348031212825,0.0,1,2024-10-01 00:00:00
PMGD PFV LOS MOLINOS,Los Molinos,Solar,(en blanco),Región Metropolitana,ernc,1.0,0.0,68.04844696881086,0.0,1,2024-10-01 00:00:00
HP PULELFU,Pulelfu,Hidráulica,Pasada,Región de los Lagos,ernc,1.0,0.0,225.8966789870385,9.395268705710642,1,2024-10-01 00:00:00
HP VOLCAN,VOLCÁN,Hidráulica,Pasada,Región Metropolitana,ernc,1.0,0.0,132.06405926163447,4.22236783153343,1,2024-10-01 00:00:00
HP PEUCHEN,PEUCHÉN,Hidráulica,Pasada,Región del Bío-Bío,convencional,0.0,0.0,1221.9752627899202,71.25996136535802,1,2024-10-01 00:00:00
PMGD HP PURISIMA,PURISIMA,Hidráulica,Pasada,Región del Maule,ernc,1.0,0.0,9.78639530580637,0.409216817779847,1,2024-10-01 00:00:00
PMGD TER CHILLAN,Chillan,Térmica,Diésel,Región de Ñuble,convencional,0.0,0.0,0.0,0.0,1,2024-10-01 00:00:00
PFV SAN ANDRES,SAN ANDRES (SOLAR),Solar,(en blanco),Región de Atacama,ernc,1.0,0.0,30.907332302385697,0.0,1,2024-10-01 00:00:00
PMGD TER LOS ALAMOS,PMGD TER Los Álamos,Térmica,Diésel,Región del Bío-Bío,convencional,0.0,0.0,0.0,0.0,1,2024-10-01 00:00:00
PE LOS OLMOS,LOS OLMOS,Eólica,(en blanco),Región del Bío-Bío,ernc,1.0,0.0,511.5568723289329,1.7309706987092022,1,2024-10-01 00:00:00
TER LICANTEN,TER LICANTEN,Térmica,Biomasa,Región del Maule,ernc,0.33,0.0,0.0,0.0,1,2024-10-01 00:00:00
PMGD PFV EL CONDOR,El Condor,Solar,(en blanco),Región del Maule,ernc,1.0,0.0,7.280177855802201,0.0,1,2024-10-01 00:00:00
HP GUAYACAN,GUAYACAN,Hidráulica,Pasada,Región Metropolitana,ernc,1.0,0.0,187.2349981788746,8.92500498987635,1,2024-10-01 00:00:00
PMGD PFV UTFSM VALPARAISO VALDES,UTFSM Valparaíso Valdés,Solar,(en blanco),Región de Valparaíso,ernc,1.0,0.0,0.0,0.0,1,2024-10-01 00:00:00
HP EL RINCON,EL RINCON,Hidráulica,Pasada,Región Metropolitana,ernc,1.0,0.0,6.121672786009007,0.2550564070629176,1,2024-10-01 00:00:00
TER ENERGIA PACIFICO,Energía Pacífico,Térmica,Biomasa,Región de O'Higgins,ernc,1.0,0.0,354.50880246222977,15.288573570102086,1,2024-10-01 00:00:00
PMGD TER CURACAUTIN,Curacautin,Térmica,Diésel,Región de la Araucanía,convencional,0.0,0.0,0.7419792543526904,0.0,1,2024-10-01 00:00:00
TER CONSTITUCION,Constitución 1 Elektragen,Térmica,Diésel,Región del Maule,convencional,0.0,0.0,0.0,0.0,1,2024-10-01 00:00:00
HP CORRALES,PMG CH Corrales,Hidráulica,Pasada,Región de O'Higgins,ernc,1.0,0.0,34.529363475407266,2.941649626708124,1,2024-10-01 00:00:00
PMGD HP LA COMPAÑIA II,CH La Compañía II,Hidráulica,Pasada,Región de O'Higgins,ernc,1.0,0.0,44.46018162266857,1.88998027865715,1,2024-10-01 00:00:00
TER DEGAÑ 2,Degañ 2,Térmica,Diésel,Región de los Lagos,convencional,0.0,0.0,0.0,0.0,1,2024-10-01 00:00:00
TER LLANOS BLANCOS,LLANOS BLANCOS,Térmica,Diésel,Región de Coquimbo,convencional,0.0,0.0,0.0,0.0,1,2024-10-01 00:00:00
PMGD PFV ÑIQUEN,Niquen,Solar,(en blanco),Región de Ñuble,ernc,1.0,0.0,18.514187676324845,0.0,1,2024-10-01 00:00:00
TER ESCUADRON,Escuadrón,Térmica,Biomasa,Región del Bío-Bío,ernc,1.0,0.0,16.48924688712581,0.5202917707102804,1,2024-10-01 00:00:00
PMGD PFV RAUQUEN,Rauquén,Solar,(en blanco),Región del Maule,ernc,1.0,0.0,52.12681515829444,0.0,1,2024-10-01 00:00:00
PMGD PFV SANTA INES SOLAR,PFV SANTA INES,Solar,(en blanco),Región Metropolitana,ernc,1.0,0.0,20.82112515473543,0.0,1,2024-10-01 00:00:00
PMGD PFV SAN CAMILO,PFV PMGD San Camilo,Solar,(en blanco),Región del Maule,ernc,1.0,0.0,19.850732817539534,0.0,1,2024-10-01 00:00:00
PMGD PFV TARANTO,PMGD PFV Taranto,Solar,(en blanco),Región de Valparaíso,ernc,1.0,0.0,0.0,0.0,1,2024-10-01 00:00:00
PMGD PFV LA PALMA SOLAR,PMGD PFV La Palma Solar,Solar,(en blanco),Región de Ñuble,ernc,1.0,0.0,65.00836988427085,0.0,1,2024-10-01 00:00:00
HP SAN ANDRES,SAN ANDRES,Hidráulica,Pasada,Región de O'Higgins,convencional,0.0,0.0,29.316440157329264,4.202356609583035,1,2024-10-01 00:00:00
PMGD PFV PARQUE PENCAHUE ESTE,PENCAHUE ESTE,Solar,(en blanco),Región del Maule,ernc,1.0,0.0,17.355402334760043,0.0,1,2024-10-01 00:00:00
PMGD HP MAISAN,MAISAN,Hidráulica,Pasada,Región de la Araucanía,ernc,1.0,0.0,8.843545822470997,0.44915617608766084,1,2024-10-01 00:00:00
PMGD PFV PARQUE SOLAR LA MURALLA,PMGD PFV La Muralla,Solar,(en blanco),Región de O'Higgins,ernc,1.0,0.0,17.948382244133043,0.0,1,2024-10-01 00:00:00
TER TARAPACA,Tarapacá TGTAR,Térmica,Diésel,Región de Tarapacá,convencional,0.0,0.0,0.0,0.0,1,2024-10-01 00:00:00
PMGD PFV GR RAULI,RAULI,Solar,(en blanco),Región del Maule,ernc,1.0,0.0,56.14609060119613,0.0,1,2024-10-01 00:00:00
TER NEWEN,Newen Gas Arg,Térmica,Gas Natural,Región del Bío-Bío,convencional,0.0,0.0,0.0,0.0,1,2024-10-01 00:00:00
TER NEWEN,Newen Propano+Butano,Térmica,Gas Natural,Región del Bío-Bío,convencional,0.0,0.0,0.0,0.0,1,2024-10-01 00:00:00
TER NEWEN,Newen Propano,Térmica,Gas Natural,Región del Bío-Bío,convencional,0.0,0.0,0.0,0.0,1,2024-10-01 00:00:00
TER NEWEN,Newen GNL,Térmica,Gas Natural,Región del Bío-Bío,convencional,0.0,0.0,0.0,0.0,1,2024-10-01 00:00:00
PMGD PFV GR PEUMO,PMGD PFV GR PEUMO,Solar,(en blanco),Región de O'Higgins,ernc,1.0,0.0,62.19714995069984,1.8761931891936086,1,2024-10-01 00:00:00
PMGD PFV ESCORIAL DEL VERANO SOLAR,PMGD PFV Escorial del Verano,Solar,(en blanco),Región de Valparaíso,ernc,1.0,0.0,22.000639121858278,0.0,1,2024-10-01 00:00:00
PE ALENA,Alena,Eólica,(en blanco),Región del Bío-Bío,ernc,1.0,0.0,408.97934861120604,0.0,1,2024-10-01 00:00:00
TER NEWEN,Newen Diésel,Térmica,Diésel,Región del Bío-Bío,convencional,0.0,0.0,0.0,0.0,1,2024-10-01 00:00:00
TER NEWEN,Newen Butano,Térmica,Gas Natural,Región del Bío-Bío,convencional,0.0,0.0,0.0,0.0,1,2024-10-01 00:00:00
HP LICAN,LICAN,Hidráulica,Pasada,Región de los Ríos,ernc,1.0,0.0,298.98766716085765,15.87890461763875,1,2024-10-01 00:00:00
PMGD HP MARIA ELENA,PMGD HP MARIA ELENA,Hidráulica,Pasada,Región de los Lagos,ernc,1.0,0.0,4.243785665187566,0.22533218823029416,1,2024-10-01 00:00:00
PMGD PFV PARQUE SOLAR MARAMBIO,PMGD PFV Marambio,Solar,(en blanco),Región Metropolitana,ernc,1.0,0.0,14.70597005233171,0.0,1,2024-10-01 00:00:00
TER ANDES GENERACION,Andes Generación Unidad 3 FO6,Térmica,Diésel,Región de Atacama,convencional,0.0,0.0,0.0,0.0,1,2024-10-01 00:00:00
TER ANDES GENERACION,Andes Generación Unidad 4 Diesel,Térmica,Diésel,Región de Atacama,convencional,0.0,0.0,0.0,0.0,1,2024-10-01 00:00:00
PMGD PFV DADINCO,Dadinco,Solar,(en blanco),Región de Ñuble,ernc,1.0,0.0,19.55139148294804,0.0,1,2024-10-01 00:00:00
PMGD PFV EL PIUQUEN,El Piuquen,Solar,(en blanco),Región de Ñuble,ernc,1.0,0.0,17.848130016401463,0.0,1,2024-10-01 00:00:00
PFV LOMA LOS COLORADOS [EN_REVISION],Solar Loma Los Colorados,Solar,(en blanco),Región Metropolitana,ernc,1.0,0.0,5.403029926606759,0.0,1,2024-10-01 00:00:00
PMGD PFV NAHUEN,Nahuen,Solar,(en blanco),Región Metropolitana,ernc,1.0,0.0,65.4229423251924,0.0,1,2024-10-01 00:00:00
PMGD PFV PARQUE SOLAR OVALLE NORTE,OVALLE NORTE,Solar,(en blanco),Región de Coquimbo,ernc,1.0,0.0,40.85416519424136,0.0,1,2024-10-01 00:00:00
PMGD PFV MOYA,Moya,Solar,(en blanco),Región del Bío-Bío,ernc,1.0,0.0,53.62161061417411,0.0,1,2024-10-01 00:00:00
PMGD PFV PARQUE SOLAR MECO CHILLAN,MECO CHILLAN,Solar,(en blanco),Región de Ñuble,ernc,1.0,0.0,40.952007510035635,0.0,1,2024-10-01 00:00:00
PMGD PFV SDSI,PMGD PFV SDSI,Solar,(en blanco),Región del Bío-Bío,ernc,1.0,0.0,20.766606998887745,0.0,1,2024-10-01 00:00:00
TER CMPC PACIFICO,CMPC Pacífico,Térmica,Biomasa,Región de la Araucanía,ernc,1.0,0.0,504.883129808476,22.312512474690873,1,2024-10-01 00:00:00
PMGD PFV LAS MAJADAS,PFV Las Majadas,Solar,(en blanco),Región de Coquimbo,ernc,1.0,0.0,80.0568251420376,0.0,1,2024-10-01 00:00:00
TER CHILOE,Chiloé,Térmica,Diésel,Región de los Lagos,convencional,0.0,0.0,0.0,0.0,1,2024-10-01 00:00:00
PMGD TER CHUFKEN,Chufkén (Traiguén),Térmica,Diésel,Región de la Araucanía,convencional,0.0,0.0,0.0,0.0,1,2024-10-01 00:00:00
PE LA ESTRELLA,PE LA ESTRELLA,Eólica,(en blanco),Región de O'Higgins,ernc,1.0,0.0,237.83337288044936,6.553675188754494,1,2024-10-01 00:00:00
PFV SANTA ISABEL,PFV SANTA ISABEL,Solar,(en blanco),Región de Antofagasta,ernc,1.0,0.0,585.6083991563711,0.0,1,2024-10-01 00:00:00
PMGD PFV ARIZTIA,Ariztia,Solar,(en blanco),Región de Valparaíso,ernc,1.0,0.0,13.324214425751473,0.0,1,2024-10-01 00:00:00
TER CONCON,Concón,Térmica,Diésel,Región de Valparaíso,convencional,0.0,0.0,0.0,0.0,1,2024-10-01 00:00:00
PMGD PFV PILPILEN,Pilpilen,Solar,(en blanco),Región de O'Higgins,ernc,1.0,0.0,22.26479766964575,0.0,1,2024-10-01 00:00:00
PMGD PFV MARIN,MARIN,Solar,(en blanco),Región de Valparaíso,ernc,1.0,0.0,20.05428286832036,0.0,1,2024-10-01 00:00:00
PMGD TER DON PEDRO,Don Pedro,Térmica,Diésel,Región del Bío-Bío,convencional,0.0,0.0,0.0,0.0,1,2024-10-01 00:00:00
HE COLBUN,COLBÚN,Hidráulica,Embalse,Región del Maule,convencional,0.0,0.0,6344.557919372862,290.1627182807333,1,2024-10-01 00:00:00
PMGD PFV RINCONADA NORTE (SLK 808),SLK 808,Solar,(en blanco),Región de Valparaíso,ernc,1.0,0.0,27.89675973177156,0.0,1,2024-10-01 00:00:00
PMGD PFV CAIMI,Caimi,Solar,(en blanco),Región de Valparaíso,ernc,1.0,0.0,0.1310717596970408,0.0,1,2024-10-01 00:00:00
PMGD PFV LINGUE,Lingue Solar,Solar,(en blanco),Región de Valparaíso,ernc,1.0,0.0,22.999883911915376,0.0,1,2024-10-01 00:00:00
PMGD PFV LOS LAGOS,Los Lagos Solar,Solar,(en blanco),Región de O'Higgins,ernc,1.0,0.0,2.798568932206207,0.0,1,2024-10-01 00:00:00
PMGD PFV ORION SOLAR,Orion,Solar,(en blanco),Región de Ñuble,ernc,1.0,0.0,19.312907885232644,0.0,1,2024-10-01 00:00:00
PMGD TER PRP LAS QUEMAS,PRP Las Quemas,Térmica,Diésel,Región de los Lagos,convencional,0.0,0.0,0.0,0.0,1,2024-10-01 00:00:00
PMGD PFV TAMARUGO,Tamarugo,Solar,(en blanco),Región de Tarapacá,ernc,1.0,0.0,24.44989734130189,0.0,1,2024-10-01 00:00:00
HP ANCOA,ANCOA,Hidráulica,Pasada,Región del Maule,ernc,0.4,0.0,281.2577245128074,18.610436413867724,1,2024-10-01 00:00:00
PMGD PFV LAS CABRAS,Las Cabras,Solar,(en blanco),Región de O'Higgins,ernc,1.0,0.0,19.5388200763186,0.0,1,2024-10-01 00:00:00
PMGD PFV GR PITAO,GR Pitao,Solar,(en blanco),Región del Maule,ernc,1.0,0.0,0.0,0.0,1,2024-10-01 00:00:00
PMGD PFV SATURNO NORTE,Saturno Norte,Solar,(en blanco),Región del Maule,ernc,1.0,0.0,27.107467391951214,0.0,1,2024-10-01 00:00:00
PMGD PFV TRINIDAD,Trinidad Solar,Solar,(en blanco),Región de O'Higgins,ernc,1.0,0.0,19.769174364956758,0.0,1,2024-10-01 00:00:00
PMGD PFV LLAY LLAY,LLAY LLAY,Solar,(en blanco),Región de Valparaíso,ernc,1.0,0.0,59.95133596339578,0.0,1,2024-10-01 00:00:00
HP SAUZAL,SAUZAL,Hidráulica,Pasada,Región de O'Higgins,convencional,0.0,0.0,931.0873678425372,53.36218459880973,1,2024-10-01 00:00:00
PMGD PFV HUAPE,Huape,Solar,(en blanco),Región de Ñuble,ernc,1.0,0.0,18.095848285062097,0.0,1,2024-10-01 00:00:00
PMGD PFV PARQUE SOLAR MEMBRILLO,Membrillo,Solar,(en blanco),Región de O'Higgins,ernc,1.0,0.0,14.58000084715982,0.0,1,2024-10-01 00:00:00
PMGD PFV LINARES SOLAR,Linares Solar,Solar,(en blanco),Región del Maule,ernc,1.0,0.0,54.687904733246086,0.0,1,2024-10-01 00:00:00
HP SAUZAL,SAUZAL 60 Hz,Hidráulica,Pasada,Región de O'Higgins,convencional,0.0,0.0,0.0,0.0,1,2024-10-01 00:00:00
PMGD PFV UTFSM VITACURA [EN_REVISION],UTSFM Vitacura,Solar,(en blanco),Región Metropolitana,ernc,1.0,0.0,0.0,0.0,1,2024-10-01 00:00:00
PMGD PFV MALINKE,Malinke,Solar,(en blanco),Región Metropolitana,ernc,1.0,0.0,11.667426432732565,0.0,1,2024-10-01 00:00:00
PE TOLPAN SUR,PE Tolpán Sur,Eólica,(en blanco),Región de la Araucanía,ernc,1.0,0.0,437.7855026088002,0.8404713219166068,1,2024-10-01 00:00:00
PMGD PFV SANTA ESTER,Santa Ester,Solar,(en blanco),Región de Ñuble,ernc,1.0,0.0,11.877939813529556,0.0,1,2024-10-01 00:00:00
TER CMPC SANTA FE,CMPC Santa Fe,Térmica,Biomasa,Región del Bío-Bío,ernc,1.0,0.0,242.03572949003237,8.904993767925953,1,2024-10-01 00:00:00
PMGD PFV ESFENA,PFV PMGD Esfena,Solar,(en blanco),Región de Valparaíso,ernc,1.0,0.0,28.622969791430062,0.0,1,2024-10-01 00:00:00
PMGD PFV EL PITIO,EL PITIO SOLAR,Solar,(en blanco),Región del Maule,ernc,1.0,0.0,19.233336101939965,0.0,1,2024-10-01 00:00:00
PMGD TER LIPIGAS CONCON,Lipigas Concón,Térmica,Gas Natural,Región de Valparaíso,convencional,0.0,0.0,0.0,0.0,1,2024-10-01 00:00:00
PFV EL PELICANO,PFV El Pelícano,Solar,(en blanco),Región de Coquimbo,ernc,1.0,0.0,541.5536940325757,0.0,1,2024-10-01 00:00:00
PMGD PFV EL CASTAÑO,PMGD PFV El Castaño,Solar,(en blanco),Región de O'Higgins,ernc,1.0,0.0,40.29812328356514,0.0,1,2024-10-01 00:00:00
PMGD PFV LA FORESTA,PMGD PFV La Foresta,Solar,(en blanco),Región del Maule,ernc,1.0,0.0,18.71183756479575,0.0,1,2024-10-01 00:00:00
TER COMBARBALA,COMBARBALA,Térmica,Diésel,Región de Coquimbo,convencional,0.0,0.0,0.0,0.0,1,2024-10-01 00:00:00
GEO CERRO PABELLON,GEO Cerro Pabellón G1A,Geotérmica,(en blanco),Región de Antofagasta,ernc,1.0,0.0,231.21966402584366,9.935571698371316,1,2024-10-01 00:00:00
PMGD PFV MUTUPIN,Mutupin,Solar,(en blanco),Región de Ñuble,ernc,1.0,0.0,28.300956131987263,0.0,1,2024-10-01 00:00:00
GEO CERRO PABELLON,GEO Cerro Pabellón G2A,Geotérmica,(en blanco),Región de Antofagasta,ernc,1.0,0.0,195.0793971834296,8.384701997215673,1,2024-10-01 00:00:00
GEO CERRO PABELLON,GEO Cerro Pabellón G3A,Geotérmica,(en blanco),Región de Antofagasta,ernc,1.0,0.0,183.01263034734112,8.204600999662114,1,2024-10-01 00:00:00
HP RIO COLORADO,HP Rio Colorado,Hidráulica,Pasada,Región del Maule,ernc,1.0,0.0,155.98747510333217,8.204600999662114,1,2024-10-01 00:00:00
PFV EL AGUILA,SOLAR EL AGUILA I,Solar,(en blanco),Arica y Parinacota,ernc,1.0,0.0,14.14793391892955,0.0,1,2024-10-01 00:00:00
PFV MARIA ELENA,PFV MARIA ELENA,Solar,(en blanco),Región de Antofagasta,ernc,1.0,0.0,0.0,0.0,1,2024-10-01 00:00:00
TER PLANTA DE ACIDO SULFURICO MEJILLONES,TER PAM,Térmica,Cogeneracion,Región de Antofagasta,convencional,0.0,0.0,458.427078050633,19.02066646385083,1,2024-10-01 00:00:00
PMGD HP EL GALPON,El Galpón,Hidráulica,Pasada,Región del Maule,ernc,1.0,0.0,31.938251582153917,1.357227725553608,1,2024-10-01 00:00:00
TER ANDES GENERACION,Andes Generación Unidad 4 FO6,Térmica,Diésel,Región de Atacama,convencional,0.0,0.0,0.0,0.0,1,2024-10-01 00:00:00
PMGD PFV CURACAVI,PMGD PFV CURACAVI,Solar,(en blanco),Región Metropolitana,ernc,1.0,0.0,17.094425609584167,0.0,1,2024-10-01 00:00:00
PFV MALGARIDA,PFV Malgarida,Solar,(en blanco),Región de Atacama,ernc,1.0,0.0,1155.2778600292522,0.0,1,2024-10-01 00:00:00
PMGD TER CONCHALI,PMGD CONCHALI,Térmica,Diésel,Región de Coquimbo,convencional,0.0,0.0,0.0,0.0,1,2024-10-01 00:00:00
PMGD PFV PEGASUS SOLAR,PFV PMGD Pegasus Solar,Solar,(en blanco),Región de Ñuble,ernc,1.0,0.0,16.074080022261505,0.0,1,2024-10-01 00:00:00
TER CHOLGUAN,CHOLGUAN,Térmica,Biomasa,Región de Ñuble,ernc,1.0,0.0,170.73574568077356,7.234056735067938,1,2024-10-01 00:00:00
PMGD PFV POBLACION,Población,Solar,(en blanco),Región de O'Higgins,ernc,1.0,0.0,9.813038106432462,0.0,1,2024-10-01 00:00:00
PMGD TER CAMPING DIESEL,PMGD Camping,Térmica,Diésel,Región Metropolitana,convencional,0.0,0.0,0.0,0.0,1,2024-10-01 00:00:00
PMGD TER RIO AZUL,Río Azul,Térmica,Diésel,Región de los Lagos,convencional,0.0,0.0,0.0,0.0,1,2024-10-01 00:00:00
PMGD PFV CATAN SOLAR,Catán Solar,Solar,(en blanco),Región de Valparaíso,ernc,1.0,0.0,0.0,0.0,1,2024-10-01 00:00:00
PMGD PFV JOSE SOLER MALLAFRE,José Soler Mallafré,Solar,(en blanco),Región del Maule,ernc,1.0,0.0,8.576774503586256,0.0,1,2024-10-01 00:00:00
PMGD PFV VICENTE SOLAR,PMGD PFV Vicente,Solar,(en blanco),Región Metropolitana,ernc,1.0,0.0,11.64418541486796,0.0,1,2024-10-01 00:00:00
PMGD PFV TUCUQUERE,Tucúquere,Solar,(en blanco),Región de Valparaíso,ernc,1.0,0.0,24.60980485289452,0.0,1,2024-10-01 00:00:00
PMGD TER PICOLTUE,Picoltué,Térmica,Diésel,Región del Bío-Bío,convencional,0.0,0.0,0.0,0.0,1,2024-10-01 00:00:00
PMGD PFV ROVIAN,Rovián,Solar,(en blanco),Región de O'Higgins,ernc,1.0,0.0,32.75206835765759,0.0,1,2024-10-01 00:00:00
PMGD HP EL ARRAYAN,MINICENTRAL_ARRAYAN,Hidráulica,Pasada,Región de los Ríos,ernc,1.0,0.0,27.247809218843095,1.1465076879670286,1,2024-10-01 00:00:00
PMGD PFV KAUFMANN,PMGD PFV Kaufmann,Solar,(en blanco),Región Metropolitana,ernc,1.0,0.0,4.410773486196402e-06,0.0,1,2024-10-01 00:00:00
PMGD TER CORTES,Cortés,Térmica,Diésel,Región de Valparaíso,convencional,0.0,0.0,0.0,0.0,1,2024-10-01 00:00:00
PMGD PFV EL CERNICALO II,Cernicalo 2,Solar,(en blanco),Región de Ñuble,ernc,1.0,0.0,9.492762303549844,0.0,1,2024-10-01 00:00:00
PMGD PFV CHANCON,Chancon,Solar,(en blanco),Región de O'Higgins,ernc,1.0,0.0,6.632062434178633,0.0,1,2024-10-01 00:00:00
PMGD PFV EL CERNICALO,Cernicalo 1,Solar,(en blanco),Región de Ñuble,ernc,1.0,0.0,9.879198146349253,0.0,1,2024-10-01 00:00:00
PMGD PFV TALHUEN,Talhuén,Solar,(en blanco),Región de Coquimbo,ernc,1.0,0.0,20.32066505768794,0.0,1,2024-10-01 00:00:00
PMGD PFV OVEJERIA,Ovejeria,Solar,(en blanco),Región Metropolitana,ernc,1.0,0.0,63.12312958241148,0.0,1,2024-10-01 00:00:00
PMGD HP EL TARTARO,EL TÁRTARO,Hidráulica,Pasada,Región de Valparaíso,ernc,1.0,0.0,0.0,0.0,1,2024-10-01 00:00:00
PE EL ARRAYAN,PE EL ARRAYÁN,Eólica,(en blanco),Región de Coquimbo,ernc,1.0,0.0,1356.4406686856018,10.085655862999282,1,2024-10-01 00:00:00
PMGD TER ANCALI,ANCALI,Térmica,BioGas,Región del Bío-Bío,ernc,1.0,0.0,0.0,0.0,1,2024-10-01 00:00:00
PMGD PFV CONCON,PMGD PFV Abastible Concon,Solar,(en blanco),Región de Valparaíso,ernc,1.0,0.0,0.0,0.0,1,2024-10-01 00:00:00
PMGD PFV ANTONIA SOLAR,Solar Antonia,Solar,(en blanco),Región de O'Higgins,ernc,1.0,0.0,6.552625425765396,0.0,1,2024-10-01 00:00:00
PMGD PFV DON MARIANO,Don Mariano,Solar,(en blanco),Región de O'Higgins,ernc,1.0,0.0,16.644368985640778,0.0,1,2024-10-01 00:00:00
PMGD PFV GIRASOLES,Girasoles,Solar,(en blanco),Región Metropolitana,ernc,1.0,0.0,13.308459117444528,0.0,1,2024-10-01 00:00:00
PMGD PFV TREBO,PMGD PFV TREBO,Solar,(en blanco),Región Metropolitana,ernc,1.0,0.0,17.895553766527968,0.0,1,2024-10-01 00:00:00
PMGD PFV PARQUE CURICURA,PMGD PFV Curicura,Solar,(en blanco),Región del Maule,ernc,1.0,0.0,57.12710854424974,0.0,1,2024-10-01 00:00:00
PMGD TER CENTRAL DE RESPALDO EGIDO,PMGD TER Egido,Térmica,Diésel,Región de Valparaíso,convencional,0.0,0.0,0.0,0.0,1,2024-10-01 00:00:00
PMG PFV SOLAR PALERMO [EN_REVISION],PMG SOLAR PALERMO,Solar,(en blanco),Región Metropolitana,ernc,1.0,0.0,65.16654428146263,0.0,1,2024-10-01 00:00:00
PMGD PFV SANTA AMELIA,SANTA AMELIA,Solar,(en blanco),Región de O'Higgins,ernc,1.0,0.0,23.60649736524622,0.0,1,2024-10-01 00:00:00
PMGD TER BOLDOS,Boldos,Térmica,Diésel,Región del Bío-Bío,convencional,0.0,0.0,0.0,0.0,1,2024-10-01 00:00:00
PMGD PFV VICTORIA,PMGD PFV Victoria,Solar,(en blanco),Región de Antofagasta,ernc,1.0,0.0,24.341478640251996,0.0,1,2024-10-01 00:00:00
PMGD PFV PARQUE VALPARAISO,PMG PFV PARQUE VALPARAISO,Solar,(en blanco),Región de Valparaíso,ernc,1.0,0.0,53.96057695258881,0.0,1,2024-10-01 00:00:00
PMGD PFV COCHARCAS,Cocharcas,Solar,(en blanco),Región de Ñuble,ernc,1.0,0.0,16.611486729234795,0.0,1,2024-10-01 00:00:00
PE RENAICO I,PE Renaico I,Eólica,(en blanco),Región de la Araucanía,ernc,1.0,0.0,315.7070431004131,1.7109594767588068,1,2024-10-01 00:00:00
PMGD PFV  ARGOMEDO,Argomedo,Solar,(en blanco),Región de O'Higgins,ernc,1.0,0.0,44.75381882718166,0.0,1,2024-10-01 00:00:00
PMGD PFV TREBAL SOLAR,Trebal Solar,Solar,(en blanco),Región Metropolitana,ernc,1.0,0.0,16.414173162167177,0.0,1,2024-10-01 00:00:00
PMGD PFV SOL DE SEPTIEMBRE,Sol de Septiembre,Solar,(en blanco),Región Metropolitana,ernc,1.0,0.0,51.27451962005993,0.0,1,2024-10-01 00:00:00
PMGD  TER AROMOS,Aromos,Térmica,Diésel,Región de la Araucanía,convencional,0.0,0.0,0.0,0.0,1,2024-10-01 00:00:00
PMGD PFV EL LITRE SOLAR,El Litre,Solar,(en blanco),Región Metropolitana,ernc,1.0,0.0,46.88360198348378,0.0,1,2024-10-01 00:00:00
PMGD PFV MANAO,PMGD PFV MANAO,Solar,(en blanco),Región Metropolitana,ernc,1.0,0.0,23.93211634489082,0.0,1,2024-10-01 00:00:00
PMGD PFV FILOMENA SOLAR,Filomena,Solar,(en blanco),Región de Valparaíso,ernc,1.0,0.0,22.219536182679377,0.0,1,2024-10-01 00:00:00
PMGD TER PRP TAMBORES,PRP TAMBORES,Térmica,Diésel,Región de los Ríos,convencional,0.0,0.0,0.0,0.0,1,2024-10-01 00:00:00
HP LAS LAJAS,LAS LAJAS,Hidráulica,Pasada,Región Metropolitana,convencional,0.0,0.0,0.0,0.0,1,2024-10-01 00:00:00
PFV LA CRUZ SOLAR,PFV LA CRUZ SOLAR,Solar,(en blanco),Región de Antofagasta,ernc,1.0,0.0,269.12091839989256,0.0,1,2024-10-01 00:00:00
PMGD PFV PARQUE ALHUE,PMGD PFV ALHUE,Solar,(en blanco),Región Metropolitana,ernc,1.0,0.0,13.153266398026563,0.0,1,2024-10-01 00:00:00
PMGD TER PRP CHIFIN,PRP CHIFIN,Térmica,Diésel,Región de los Lagos,convencional,0.0,0.0,0.0,0.0,1,2024-10-01 00:00:00
PMGD PFV LOS TILOS,PMGD PFV Los Tilos,Solar,(en blanco),Región de Valparaíso,ernc,1.0,0.0,32.8863033446383,0.0,1,2024-10-01 00:00:00
PMGD TER BLUEGATE,BLUEGATE,Térmica,Diésel,Región de los Lagos,convencional,0.0,0.0,0.0,0.0,1,2024-10-01 00:00:00
PMGD TER EL FARO,El Faro,Térmica,Diésel,Región de Coquimbo,convencional,0.0,0.0,0.0,0.0,1,2024-10-01 00:00:00
PMGD PFV LOS PERALES,Los Perales,Solar,(en blanco),Región de Valparaíso,ernc,1.0,0.0,17.815256375927145,0.0,1,2024-10-01 00:00:00
PMGD PFV GRANADA,Granada,Solar,(en blanco),Región del Maule,ernc,1.0,0.0,47.64129137171036,0.0,1,2024-10-01 00:00:00
PMGD PFV ERINOME,PMGD PFV Erinome,Solar,(en blanco),Región del Maule,ernc,1.0,0.0,15.908497435884179,0.0,1,2024-10-01 00:00:00
PMGD PFV LIRIO DEL CAMPO,Lirio del campo,Solar,(en blanco),Región Metropolitana,ernc,1.0,0.0,16.768736649095516,0.0,1,2024-10-01 00:00:00
PMGD PFV LOS TORDOS,PMGD PFV Los Tordos,Solar,(en blanco),Región del Maule,ernc,1.0,0.0,37.09129166133759,0.0,1,2024-10-01 00:00:00
PMGD PFV QUILLAY,Quillay,Solar,(en blanco),Región Metropolitana,ernc,1.0,0.0,16.837715035492725,0.0,1,2024-10-01 00:00:00
PMGD PFV VILLA ALEGRE,Villa Alegre,Solar,(en blanco),Región del Maule,ernc,1.0,0.0,49.48342980067793,0.0,1,2024-10-01 00:00:00
PMGD PFV SAN CARLOS SOLAR,PMGD PFV San Carlos,Solar,(en blanco),Región de Ñuble,ernc,1.0,0.0,18.149602907633394,0.0,1,2024-10-01 00:00:00
PFV ANDES SOLAR II,Solar Andes IIA,Solar,(en blanco),Región de Antofagasta,ernc,1.0,0.0,373.21929498584944,0.0,1,2024-10-01 00:00:00
PMGD PFV PARQUE SOLAR SANTA FE,Santa Fe,Solar,(en blanco),Región del Maule,ernc,1.0,0.0,50.651717398145024,0.0,1,2024-10-01 00:00:00
HP ALFALFAL II,ALFALFAL 2,Hidráulica,Pasada,Región Metropolitana,convencional,0.0,0.0,0.0,0.0,1,2024-10-01 00:00:00
PMGD PE EL ARREBOL,El Arrebol,Eólica,(en blanco),Región del Bío-Bío,ernc,1.0,0.0,107.7907553754164,0.7604857629856393,1,2024-10-01 00:00:00
PMGD PFV EL RESPLANDOR,El Resplandor,Solar,(en blanco),Región del Bío-Bío,ernc,1.0,0.0,14.75375006454389,0.0,1,2024-10-01 00:00:00
PFV ALMEYDA,PFV Almeyda,Solar,(en blanco),Región de Atacama,ernc,1.0,0.0,287.8614277564378,0.0,1,2024-10-01 00:00:00
PMGD PFV SAN EMILIO SOLAR I,PMGD PFV San Emilio Solar 1,Solar,(en blanco),Región del Maule,ernc,1.0,0.0,14.930898419806246,0.0,1,2024-10-01 00:00:00
BESS Arica,BESS Arica (Inyección),Bess,(en blanco),Arica y Parinacota,convencional,0.0,0.0,0.0,0.0,1,2024-10-01 00:00:00
BESS Arica,BESS Arica (Retiro),Bess,(en blanco),Arica y Parinacota,convencional,0.0,0.0,0.0,0.0,1,2024-10-01 00:00:00
PMGD PFV CATEMU,Catemu,Solar,(en blanco),Región de Valparaíso,ernc,1.0,0.0,16.668749859917334,0.0,1,2024-10-01 00:00:00
PE MESAMAVIDA,Parque Eólico Mesamávida,Eólica,(en blanco),Región del Bío-Bío,ernc,1.0,0.0,262.4471758794357,1.0906115962965495,1,2024-10-01 00:00:00
PMGD PFV VILLA CRUZ,Villa Cruz,Solar,(en blanco),Región del Maule,ernc,1.0,0.0,11.63636057403129,0.0,1,2024-10-01 00:00:00
PMGD PFV PULLALLI SOLAR,Pullalli,Solar,(en blanco),Región de Valparaíso,ernc,1.0,0.0,7.858865365242202,0.0,1,2024-10-01 00:00:00
PMGD PFV TRICA-DOS,Trica-dos,Solar,(en blanco),Región del Maule,ernc,1.0,0.0,14.504220633514436,0.0,1,2024-10-01 00:00:00
PMGD PFV CHACABUCO,Chacabuco,Solar,(en blanco),Región de Valparaíso,ernc,1.0,0.0,66.98144850465424,0.0,1,2024-10-01 00:00:00
PMGD PFV LOS PALTOS,Los Paltos,Solar,(en blanco),Región de Valparaíso,ernc,1.0,0.0,22.15058794308798,0.0,1,2024-10-01 00:00:00
PFV PAMPA TIGRE,pampa tigre,Solar,(en blanco),Región de Antofagasta,ernc,1.0,0.0,532.1784365488153,0.0,1,2024-10-01 00:00:00
PFV GRANJA SOLAR,PFV Granja Solar,Solar,(en blanco),Región de Tarapacá,ernc,1.0,0.0,608.9014615066312,0.0,1,2024-10-01 00:00:00
PMGD PFV EL ZORZAL,PMGD PFV El Zorzal,Solar,(en blanco),Región del Maule,ernc,1.0,0.0,18.58011887791302,0.0,1,2024-10-01 00:00:00
PMGD PFV LAS CHACRAS,Las Chacras,Solar,(en blanco),Región de Valparaíso,ernc,1.0,0.0,16.28271416891619,0.0,1,2024-10-01 00:00:00
PMGD PFV PARAGUAY,Paraguay,Solar,(en blanco),Región del Maule,ernc,1.0,0.0,54.83057564164699,0.0,1,2024-10-01 00:00:00
PMGD PFV GUADALAO,Guadalao,Solar,(en blanco),Región de O'Higgins,ernc,1.0,0.0,14.945406590839976,0.0,1,2024-10-01 00:00:00
PMGD PFV DARLIN SOLAR,Darlin,Solar,(en blanco),Región Metropolitana,ernc,1.0,0.0,46.66176797807447,0.0,1,2024-10-01 00:00:00
PMGD PFV FARAMALLA,PMGD PFV FARAMALLA,Solar,(en blanco),Región Metropolitana,ernc,1.0,0.0,18.318881044312015,0.0,1,2024-10-01 00:00:00
PMGD HP COSAPILLA,Cosapilla,Hidráulica,Pasada,Arica y Parinacota,ernc,1.0,0.0,11.339614272589925,0.4756334415844872,1,2024-10-01 00:00:00
PMGD PFV UTFSM VIÑA DEL MAR,UTFSM Viña del Mar,Solar,(en blanco),Región de Valparaíso,ernc,1.0,0.0,0.9944383215719268,0.0,1,2024-10-01 00:00:00
PMGD PFV COVADONGA,Covadonga,Solar,(en blanco),Región de Atacama,ernc,1.0,0.0,86.9543979550874,0.0,1,2024-10-01 00:00:00
PMGD PFV JAHUEL,JAHUEL,Solar,(en blanco),Región de Valparaíso,ernc,1.0,0.0,49.99412697960553,0.0,1,2024-10-01 00:00:00
PMGD PFV LA CHIMBA BIS,LA CHIMBA BIS,Solar,(en blanco),Región de Coquimbo,ernc,1.0,0.0,17.247336556923443,0.0,1,2024-10-01 00:00:00
PMGD PFV LAS CATITAS,PMGD PFV Las Catitas,Solar,(en blanco),Región del Maule,ernc,1.0,0.0,46.81492050098519,0.0,1,2024-10-01 00:00:00
PMGD PFV VENTISQUERO SOLAR,PMGD PFV VENTISQUERO,Solar,(en blanco),Región de O'Higgins,ernc,1.0,0.0,38.3113701703605,0.0,1,2024-10-01 00:00:00
PMGD PFV GR LEMU,LEMU,Solar,(en blanco),Región del Maule,ernc,1.0,0.0,31.69895299850837,0.0,1,2024-10-01 00:00:00
PMGD PFV QUELTEHUE SOLAR,Queltehue Solar,Solar,(en blanco),Región de O'Higgins,ernc,1.0,0.0,0.0,0.0,1,2024-10-01 00:00:00
PMGD PFV CABILDO SUNLIGHT,PMGD PFV Cabildo Sunlight,Solar,(en blanco),Región de Valparaíso,ernc,1.0,0.0,88.02044396712523,0.0,1,2024-10-01 00:00:00
PMGD PFV HELIOS,PMGD PFV Helios,Solar,(en blanco),Región de Valparaíso,ernc,1.0,0.0,23.215390348432464,0.0,1,2024-10-01 00:00:00
PMGD PFV PITOTOY,Pitotoy,Solar,(en blanco),Región de O'Higgins,ernc,1.0,0.0,16.238889866598342,0.0,1,2024-10-01 00:00:00
PMGD PFV EL QUELTEHUE,El Queltehue,Solar,(en blanco),Región Metropolitana,ernc,1.0,0.0,20.026097726275633,0.0,1,2024-10-01 00:00:00
PMGD TER GENERADORA LAGUNITAS,PMGD TER Lagunitas,Térmica,Diésel,Región de los Lagos,convencional,0.0,0.0,0.0,0.0,1,2024-10-01 00:00:00
PMGD HP LOS PORTONES,PMGD HP LOS PORTONES,Hidráulica,Pasada,Región de los Ríos,ernc,1.0,0.0,16.34615300112633,0.6742858732644417,1,2024-10-01 00:00:00
(en blanco),Termoandes TV10 SEN,(en blanco),(en blanco),(en blanco),convencional,0.0,0.0,0.0,0.0,1,2024-10-01 00:00:00
PMGD PFV LLANOS DE POTROSO,Llanos de Potroso,Solar,(en blanco),Región de Coquimbo,ernc,1.0,0.0,33.36535459006861,0.0,1,2024-10-01 00:00:00
PMGD PFV MARIA PINTO,María Pinto,Solar,(en blanco),Región Metropolitana,ernc,1.0,0.0,17.83688855268122,0.0,1,2024-10-01 00:00:00
PMGD PFV EL CHUCAO,PFV El Chucao,Solar,(en blanco),Región del Maule,ernc,1.0,0.0,16.49169728616761,0.0,1,2024-10-01 00:00:00
PMGD PFV CENTRAL LLIU LLIU (FOSTER),PMGD PFV Foster,Solar,(en blanco),Región de Valparaíso,ernc,1.0,0.0,12.385422770976827,0.0,1,2024-10-01 00:00:00
PFV DE LOS ANDES,PFV de los Andes,Solar,(en blanco),Región de Antofagasta,ernc,1.0,0.0,0.0,0.0,1,2024-10-01 00:00:00
PMGD TER LAS PAMPAS [No_Mostrar],Las Pampas,Térmica,BioGas,Región de O'Higgins,ernc,1.0,0.0,0.0,0.0,1,2024-10-01 00:00:00
HP MOCHO,Mocho,Hidráulica,Pasada,Región de los Ríos,ernc,1.0,0.0,252.5316154030148,14.498130303061469,1,2024-10-01 00:00:00
PMGD PFV CASABERMEJA,PMGD PFV Casabermeja,Solar,(en blanco),Región Metropolitana,ernc,1.0,0.0,30.01511497529601,0.0,1,2024-10-01 00:00:00
PMGD TER CENTRAL QUITRALMAN,QUITRALMAN,Térmica,Diésel,Región del Bío-Bío,convencional,0.0,0.0,0.0,0.0,1,2024-10-01 00:00:00
PFV SAN PEDRO,PFV GPG SAN PEDRO,Solar,(en blanco),Región de Antofagasta,ernc,1.0,0.0,517.4501771933242,0.0,1,2024-10-01 00:00:00
PMGD PFV NAZARINO DEL VERANO SOLAR,PMGD PFV Nazarino del Verano Solar,Solar,(en blanco),Región Metropolitana,ernc,1.0,0.0,17.62591891042062,0.0,1,2024-10-01 00:00:00
PMGD PFV LUMBRERAS,LUMBRERAS,Solar,(en blanco),Región Metropolitana,ernc,1.0,0.0,21.07287311908036,0.0,1,2024-10-01 00:00:00
PMGD PFV REXNER,PMGD PFV Rexner,Solar,(en blanco),Región de Valparaíso,ernc,1.0,0.0,22.728938585518733,0.0,1,2024-10-01 00:00:00
TER CHAGUAL,Chagual,Térmica,Fuel Oil,Región de Coquimbo,convencional,0.0,0.0,0.0,0.0,1,2024-10-01 00:00:00
PFV RIO ESCONDIDO,PFV RÍO ESCONDIDO,Solar,(en blanco),Región de Atacama,ernc,1.0,0.0,814.8269409871751,0.0,1,2024-10-01 00:00:00
PE MALLECO NORTE,MALLECO NORTE,Eólica,(en blanco),Región de la Araucanía,ernc,1.0,0.0,510.3361877899587,8.514774939893243,1,2024-10-01 00:00:00
PE TCHAMMA,PE TCHAMMA,Eólica,(en blanco),Región de Antofagasta,ernc,1.0,0.0,961.9594503774573,33.03852744010281,1,2024-10-01 00:00:00
PMGD PFV LAS TORTOLAS,LAS TORTOLAS,Solar,(en blanco),Región de Ñuble,ernc,1.0,0.0,16.848201386458676,0.0,1,2024-10-01 00:00:00
PMGD PFV CIPRES,PFV CIPRES,Solar,(en blanco),Región del Maule,ernc,1.0,0.0,47.43812545734664,0.0,1,2024-10-01 00:00:00
PMGD PFV QUINANTU SOLAR,PMGD PFV Quinantu Solar,Solar,(en blanco),Región del Maule,ernc,1.0,0.0,61.45344326213165,0.0,1,2024-10-01 00:00:00
PFV ATACAMA SOLAR II,PFV Atacama Solar 2,Solar,(en blanco),Región de Tarapacá,ernc,1.0,0.0,641.8299272260069,0.0,1,2024-10-01 00:00:00
PMGD PFV  SANTA CAROLINA,SANTA CAROLINA,Solar,(en blanco),Región de O'Higgins,ernc,1.0,0.0,17.782036931131685,0.0,1,2024-10-01 00:00:00
TER SAN JAVIER I,TER SAN JAVIER 1,Térmica,Diésel,Región del Maule,convencional,0.0,0.0,0.0,0.0,1,2024-10-01 00:00:00
HP FLORIDA III,Florida U-3,Hidráulica,Pasada,Región Metropolitana,convencional,0.0,0.0,55.23097258309127,2.301290524295471,1,2024-10-01 00:00:00
PMGD PFV SOLARPARK VILLA ALEMANA,PMGD PFV SolarPark Villa Alemana,Solar,(en blanco),Región de Valparaíso,ernc,1.0,0.0,18.14160219286964,0.0,1,2024-10-01 00:00:00
HP FLORIDA II,Florida U-2,Hidráulica,Pasada,Región Metropolitana,ernc,0.845,0.0,151.98523071325306,9.00504987767793,1,2024-10-01 00:00:00
PE NEGRETE,NEGRETE,Eólica,(en blanco),Región del Bío-Bío,ernc,1.0,0.0,189.3761989275669,0.11006172072717471,1,2024-10-01 00:00:00
PMGD PFV HOMERO SOLAR,Homero,Solar,(en blanco),Región de O'Higgins,ernc,1.0,0.0,13.791236300817006,0.0,1,2024-10-01 00:00:00
PMGD HP ALLIPEN,ALLIPÉN,Hidráulica,Pasada,Región de la Araucanía,ernc,1.0,0.0,0.0,0.0,1,2024-10-01 00:00:00
PMGD PFV SANTA RITA,Santa Rita,Solar,(en blanco),Región de Ñuble,ernc,1.0,0.0,18.379816969935025,0.0,1,2024-10-01 00:00:00
PMGD PFV GUADALUPE,PMGD PFV Guadalupe,Solar,(en blanco),Región de Valparaíso,ernc,1.0,0.0,49.848854782246356,0.0,1,2024-10-01 00:00:00
PMGD PFV LAS TENCAS,PMGD PFV Las Tencas,Solar,(en blanco),Región de O'Higgins,ernc,1.0,0.0,58.78561896577704,0.0,1,2024-10-01 00:00:00
PMGD PFV PRETTY FIELD,PMGD PFV PRETTY FIELD,Solar,(en blanco),Región de Coquimbo,ernc,1.0,0.0,17.57558590233209,0.0,1,2024-10-01 00:00:00
PMGD PFV MERCURIO SUR,Mercurio Sur,Solar,(en blanco),Región del Maule,ernc,1.0,0.0,16.795059975666035,0.0,1,2024-10-01 00:00:00
PMGD PFV SAN ANTONIO,PMGD PFV San Antonio,Solar,(en blanco),Región del Maule,ernc,1.0,0.0,54.635179587988034,0.0,1,2024-10-01 00:00:00
PMGD PFV PARQUE SOLAR SAN JAVIER,San Javier,Solar,(en blanco),Región del Maule,ernc,1.0,0.0,36.97190223399237,0.0,1,2024-10-01 00:00:00
PMGD PFV SAN RAMIRO,San Ramiro,Solar,(en blanco),Región Metropolitana,ernc,1.0,0.0,51.301696205423355,0.0,1,2024-10-01 00:00:00
PMGD PFV VILLA SOLAR,PMGD PFV VILLA SOLAR,Solar,(en blanco),Región del Maule,ernc,1.0,0.0,13.848111834741921,0.0,1,2024-10-01 00:00:00
PMGD PFV SANTA FRANCISCA,PMGD PFV Santa Francisca,Solar,(en blanco),Región de Coquimbo,ernc,1.0,0.0,38.777488848228515,0.0,1,2024-10-01 00:00:00
PFV CAMPOS DEL SOL,PFV Campos del Sol,Solar,(en blanco),Región de Atacama,ernc,1.0,0.0,1987.9748222181304,0.0,1,2024-10-01 00:00:00
PFV LA HUELLA,LA HUELLA,Solar,(en blanco),Región de Coquimbo,ernc,1.0,0.0,423.37742280451545,0.0,1,2024-10-01 00:00:00
CSP CERRO DOMINADOR,CSP CERRO DOMINADOR,Solar,(en blanco),Región de Antofagasta,ernc,1.0,0.0,0.0,0.0,1,2024-10-01 00:00:00
PMGD TER ELECTRICA PINARES LIMITADA,PINARES,Térmica,Gas Natural,Región del Maule,convencional,0.0,0.0,0.0,0.0,1,2024-10-01 00:00:00
PMGD TER ETERSOL,ETERSOL,Térmica,Diésel,Región Metropolitana,convencional,0.0,0.0,0.0,0.0,1,2024-10-01 00:00:00
PMGD PFV VENTURADA,Venturada,Solar,(en blanco),Región de Ñuble,ernc,1.0,0.0,62.87430176023224,0.0,1,2024-10-01 00:00:00
PMGD PFV BERRUECO,PMGD PFV BERRUECO,Solar,(en blanco),Región de Ñuble,ernc,1.0,0.0,62.740161259938056,0.0,1,2024-10-01 00:00:00
PMGD PFV FOTOVOLT SOLAR [NO_MOSTRAR],FOTOVOLT SOLAR I,Solar,(en blanco),Región Metropolitana,ernc,1.0,0.0,0.0,0.0,1,2024-10-01 00:00:00
PFV SOL DEL DESIERTO,Sol del Desierto,Solar,(en blanco),Región de Antofagasta,ernc,1.0,0.0,1182.1629367196083,0.0,1,2024-10-01 00:00:00
PFV AZABACHE,PFV Azabache,Solar,(en blanco),Región de Antofagasta,ernc,1.0,0.0,277.69572700563697,0.0,1,2024-10-01 00:00:00
PMGD PFV GABARDO DEL VERANO SOLAR,PMGD PFV GABARDO,Solar,(en blanco),Región Metropolitana,ernc,1.0,0.0,10.026304565108356,0.0,1,2024-10-01 00:00:00
PMGD TER PRP CAMPESINA (EX ALDEA),PRP CAMPESINA,Térmica,Diésel,Región de los Ríos,convencional,0.0,0.0,0.0,0.0,1,2024-10-01 00:00:00
PMGD TER PRP LOS NEGROS,PRP LOS NEGROS,Térmica,Diésel,Región de los Lagos,convencional,0.0,0.0,0.0,0.0,1,2024-10-01 00:00:00
PMGD PFV CANDELARIA SOLAR,Candelaria Solar,Solar,(en blanco),Región de O'Higgins,ernc,1.0,0.0,13.32215752777833,0.0,1,2024-10-01 00:00:00
PMGD PFV PUENTE SOLAR,Puente Solar,Solar,(en blanco),Región Metropolitana,ernc,1.0,0.0,17.059504582270396,0.0,1,2024-10-01 00:00:00
PMGD PFV EL GUANACO SOLAR,PMGD PFV Guanaco Solar,Solar,(en blanco),Región Metropolitana,ernc,1.0,0.0,61.532101181445064,0.0,1,2024-10-01 00:00:00
PMGD TER DEUCO,Deuco,Térmica,Diésel,Región Metropolitana,convencional,0.0,0.0,0.0,0.0,1,2024-10-01 00:00:00
PMGD PFV PEPA SOLAR,PMGD PFV PEPA SOLAR,Solar,(en blanco),Región Metropolitana,ernc,1.0,0.0,48.02301709705661,0.0,1,2024-10-01 00:00:00
PFV USYA,PFV Usya,Solar,(en blanco),Región de Antofagasta,ernc,1.0,0.0,244.97737911674048,0.0,1,2024-10-01 00:00:00
PMGD PFV LO BOZA,PMGD PFV LO BOZA,Solar,(en blanco),Región Metropolitana,ernc,1.0,0.0,1.9503410427394197,0.0,1,2024-10-01 00:00:00
PE CABO LEONES II,PE CABO LEONES II,Eólica,(en blanco),Región de Atacama,ernc,1.0,0.0,2210.7097281370066,96.94436473869052,1,2024-10-01 00:00:00
PMGD PFV LAS TORCAZAS,Las Torcazas,Solar,(en blanco),Región de O'Higgins,ernc,1.0,0.0,17.84005479155373,0.0,1,2024-10-01 00:00:00
PE CERRO TIGRE,PE CERRO TIGRE,Eólica,(en blanco),Región de Antofagasta,ernc,1.0,0.0,751.5514571800248,0.0,1,2024-10-01 00:00:00
HP MC1,HP MC1,Hidráulica,Pasada,Región de los Lagos,ernc,1.0,0.0,168.2224276857054,9.053401210977187,1,2024-10-01 00:00:00
HP MC2,HP MC2,Hidráulica,Pasada,Región de los Lagos,ernc,1.0,0.0,49.133267113742825,2.483086319862717,1,2024-10-01 00:00:00
PE CABO LEONES III,PE CABO LEONES III,Eólica,(en blanco),Región de Atacama,ernc,1.0,0.0,2609.763510660816,86.75865276593926,1,2024-10-01 00:00:00
TER PAJONALES,Pajonales,Térmica,Fuel Oil,Región de Atacama,convencional,0.0,0.0,0.0,0.0,1,2024-10-01 00:00:00
PMGD TER SANTA IRENE [No_Mostrar],PMGD TER Santa Irene,Térmica,BioGas,Región de O'Higgins,ernc,1.0,0.0,0.0,0.0,1,2024-10-01 00:00:00
PMGD PFV EL ROMERAL,EL ROMERAL,Solar,(en blanco),Región de O'Higgins,ernc,1.0,0.0,45.64513801721146,0.0,1,2024-10-01 00:00:00
PMGD TER AGGREKO 01,PMGD TER AGGREKO,Térmica,Diésel,Región Metropolitana,convencional,0.0,0.0,0.0,0.0,1,2024-10-01 00:00:00
PMGD TER PRP RAPACO,PRP RAPACO,Térmica,Diésel,Región de los Ríos,convencional,0.0,0.0,0.0,0.0,1,2024-10-01 00:00:00
PFV TAMAYA SOLAR,TAMAYA SOLAR,Solar,(en blanco),Región de Antofagasta,ernc,1.0,0.0,304.6308317508692,0.0,1,2024-10-01 00:00:00
HP DIGUA,HP DIGUA,Hidráulica,Pasada,Región del Maule,ernc,1.0,0.0,393.2205113252696,22.042360978360534,1,2024-10-01 00:00:00
PFV NUEVO QUILLAGUA,PFV NUEVO QUILLAGUA,Solar,(en blanco),Región de Antofagasta,ernc,1.0,0.0,351.07687789773695,0.0,1,2024-10-01 00:00:00
PMGD PFV PITRA,PFV PITRA,Solar,(en blanco),Región de Valparaíso,ernc,1.0,0.0,20.175126660448434,0.0,1,2024-10-01 00:00:00
PFV SOL DE LOS ANDES,PFV SOL DE LOS ANDES,Solar,(en blanco),Región de Atacama,ernc,1.0,0.0,402.2555780358731,0.0,1,2024-10-01 00:00:00
PMGD HP CENTRAL EL ATAJO,HP EL ATAJO,Hidráulica,Pasada,Región del Bío-Bío,ernc,1.0,0.0,16.882640194352057,0.6526118536456043,1,2024-10-01 00:00:00
PMGD PFV EL SALITRAL,PFV EL SALITRAL,Solar,(en blanco),Región de Coquimbo,ernc,1.0,0.0,30.086554905384748,0.0,1,2024-10-01 00:00:00
PMGD PFV  COCINILLAS,PFV COCINILLAS,Solar,(en blanco),Región de Coquimbo,ernc,1.0,0.0,17.49787732529355,0.0,1,2024-10-01 00:00:00
PMGD PFV CANELILLO,PFV CANELILLO,Solar,(en blanco),Región de Coquimbo,ernc,1.0,0.0,18.60432841210499,0.0,1,2024-10-01 00:00:00
PMGD PFV CONDOR PELVIN,PMGD PFV Condor Pelvin,Solar,(en blanco),Región Metropolitana,ernc,1.0,0.0,14.499950894017681,0.0,1,2024-10-01 00:00:00
PMGD PFV DON JORGE (EX PERALILLO),Don Jorge,Solar,(en blanco),Región de O'Higgins,ernc,1.0,0.0,20.467706451782323,0.0,1,2024-10-01 00:00:00
PMGD PFV PLAYERITO,PFV PLAYERITO,Solar,(en blanco),Región del Maule,ernc,1.0,0.0,12.215699277849941,0.0,1,2024-10-01 00:00:00
PMGD PFV EL MONTE,PMGD PFV El Monte,Solar,(en blanco),Región Metropolitana,ernc,1.0,0.0,16.125534045195952,0.0,1,2024-10-01 00:00:00
PMGD PFV SALERNO SOLAR,PMGD PFV Salerno Solar,Solar,(en blanco),Región Metropolitana,ernc,1.0,0.0,22.599923043013064,0.0,1,2024-10-01 00:00:00
PMGD  PFV PLAYERO,PFV PLAYERO,Solar,(en blanco),Región del Maule,ernc,1.0,0.0,12.636988408075764,0.0,1,2024-10-01 00:00:00
PMGD PFV LAS TORTOLAS DEL VERANO,PMGD PFV Las Tórtolas del Verano,Solar,(en blanco),Región de Valparaíso,ernc,1.0,0.0,22.124775864216417,0.0,1,2024-10-01 00:00:00
PMGD PFV PARQUE SOLAR BICENTENARIO,PARQUE SOLAR BICENTENARIO,Solar,(en blanco),Región del Maule,ernc,1.0,0.0,19.499525852190988,0.0,1,2024-10-01 00:00:00
PMGD PFV PUELCHE SOLAR,PMGD PFV Puelche,Solar,(en blanco),Región del Bío-Bío,ernc,1.0,0.0,18.957305226554595,0.0,1,2024-10-01 00:00:00
PMGD PFV COLINA,PMGD PFV Colina,Solar,(en blanco),Región Metropolitana,ernc,1.0,0.0,74.94680590280385,0.0,1,2024-10-01 00:00:00
TER ATACAMA,Atacama TG2B + 0.5TV2C Diésel,Térmica,Gas Natural,Región de Antofagasta,convencional,0.0,0.0,0.0,0.0,1,2024-10-01 00:00:00
TER CMPC CORDILLERA,CMPC Cordillera Gas Arg,Térmica,Gas Natural,Región Metropolitana,convencional,0.0,0.0,0.0,0.0,1,2024-10-01 00:00:00
BESS Andes Solar IIA,BESS Andes Solar IIA (retiro),Bess,(en blanco),Región de Antofagasta,ernc,0.95,0.0,259.66229265503995,0.005733379781144934,1,2024-10-01 00:00:00
PMGD PFV LLUTA SOLAR,PMGD PFV Lluta Solar,Solar,(en blanco),Región Metropolitana,ernc,1.0,0.0,0.03791408977192009,0.0031710519716125424,1,2024-10-01 00:00:00
PMGD HP MELO,MELO,Hidráulica,Pasada,Región del Bío-Bío,ernc,1.0,0.0,39.07474539430633,1.451392162856624,1,2024-10-01 00:00:00
BESS Andes Solar IIB,BESS Andes Solar IIB (inyección),Bess,(en blanco),Región de Antofagasta,ernc,1.0,0.0,506.3439490108548,0.0,1,2024-10-01 00:00:00
PMGD HP MALLARAUCO,PMGD HP MALLARAUCO,Hidráulica,Pasada,Región Metropolitana,ernc,1.0,0.0,83.61718948795912,3.4860019482630618,1,2024-10-01 00:00:00
BESS Andes Solar IIB,BESS Andes Solar IIB (retiro),Bess,(en blanco),Región de Antofagasta,ernc,1.0,0.0,0.0,0.0,1,2024-10-01 00:00:00
PMGD HP LOS PADRES,LOS PADRES,Hidráulica,Pasada,Región del Bío-Bío,ernc,1.0,0.0,44.39813437703634,1.9508051292912063,1,2024-10-01 00:00:00
PMGD HP LOS MORROS,LOS MORROS,Hidráulica,Pasada,Región Metropolitana,ernc,1.0,0.0,0.0,0.0,1,2024-10-01 00:00:00
PMGD HP LOS CORRALES II,LOS CORRALES 2,Hidráulica,Pasada,Región de los Ríos,ernc,1.0,0.0,20.173266146003815,0.9750194303904776,1,2024-10-01 00:00:00
BESS Don Humberto,BESS Don Humberto (inyección),Bess,(en blanco),Región Metropolitana,ernc,1.0,0.0,0.060033665851186205,0.0,1,2024-10-01 00:00:00
PMGD HP LOS CORRALES,PMGD HP LOS CORRALES,Hidráulica,Pasada,Región de los Ríos,ernc,1.0,0.0,60.533356729468984,2.7900850175722445,1,2024-10-01 00:00:00
PMGD HP LOS COLONOS,Los Colonos,Hidráulica,Pasada,Región de los Lagos,ernc,1.0,0.0,0.0,0.0,1,2024-10-01 00:00:00
BESS Don Humberto,BESS Don Humberto (retiro),Bess,(en blanco),Región Metropolitana,ernc,1.0,0.0,1.8410324194363767,0.07003927682638392,1,2024-10-01 00:00:00
PMGD PFV MACAO,PMGD PFV MACAO,Solar,(en blanco),Región Metropolitana,ernc,1.0,0.0,52.25137552431347,0.0,1,2024-10-01 00:00:00
PE KALLPA [EN_REVISION],PE KALLPA,Eólica,(en blanco),Región de Antofagasta,ernc,1.0,0.0,567.8584452863704,41.913504375103166,1,2024-10-01 00:00:00
PMGD PFV SAN EUGENIO SOLAR,PMGD PFV San Eugenio,Solar,(en blanco),Región del Bío-Bío,ernc,1.0,0.0,64.26203200347514,0.0,1,2024-10-01 00:00:00
PMGD PFV AXEL SOLAR,PMGD PFV Axel Solar,Solar,(en blanco),Región Metropolitana,ernc,1.0,0.0,22.641498087685772,0.0,1,2024-10-01 00:00:00
PMGD HP MOLINERA VILLARRICA,Molinera Villarrica,Hidráulica,Pasada,Región de la Araucanía,ernc,1.0,0.0,2.539712555785582,0.11963528491793843,1,2024-10-01 00:00:00
PMGD PFV VIÑAS DEL SOL,PMGD PFV Viñas del Sol,Solar,(en blanco),Región de Valparaíso,ernc,1.0,0.0,49.27006871543708,0.0,1,2024-10-01 00:00:00
PMGD HP MSA-I,PMGD HP MSA-1,Hidráulica,Pasada,Región de la Araucanía,ernc,1.0,0.0,71.25024577302031,2.964595477748231,1,2024-10-01 00:00:00
PMGD HP MUCHI,MUCHI,Hidráulica,Pasada,Región de los Ríos,ernc,1.0,0.0,15.524206757856412,0.746397616694587,1,2024-10-01 00:00:00
PMGD HP SANTA ELENA,PMGD HP SANTA ELENA,Hidráulica,Pasada,Región de la Araucanía,ernc,1.0,0.0,64.75502011035856,2.7095588417726,1,2024-10-01 00:00:00
BESS ALFALFAL VR1,BESS ALFALFAL VR1 (retiro),Bess,(en blanco),Región Metropolitana,ernc,1.0,0.0,0.0,0.0,1,2024-10-01 00:00:00
PMGD HP RECA,RECA,Hidráulica,Pasada,Región de los Ríos,ernc,1.0,0.0,40.77438095520714,1.7017322258746117,1,2024-10-01 00:00:00
PMGD HP QUILLAILEO,Quillaileo,Hidráulica,Pasada,Región del Bío-Bío,ernc,1.0,0.0,6.5005825491118765,0.2102007664882446,1,2024-10-01 00:00:00
PMGD PFV SAN ALBERTO,PMGD PFV San Alberto,Solar,(en blanco),Región de Ñuble,ernc,1.0,0.0,25.31024125482737,0.0,1,2024-10-01 00:00:00
PMGD PFV CHAÑAR DEL VERANO,PMGD PFV Chañar del Verano,Solar,(en blanco),Región de Antofagasta,ernc,1.0,0.0,17.0948314923963,0.0,1,2024-10-01 00:00:00
PMGD HP PUCLARO,PUCLARO,Hidráulica,Pasada,Región de Coquimbo,ernc,1.0,0.0,0.0,0.0,1,2024-10-01 00:00:00
PE HORIZONTE [EN_REVISION],PE Horizonte,Eólica,(en blanco),Región de Antofagasta,ernc,1.0,0.0,79.74471947232567,16.80942643833214,1,2024-10-01 00:00:00
BESS PFV El Manzano,BESS El Manzano (Retiro),Bess,(en blanco),Región Metropolitana,ernc,1.0,0.0,126.86114155453163,0.060033665851186205,1,2024-10-01 00:00:00
BESS PFV El Manzano,BESS El Manzano (Inyección),Bess,(en blanco),Región Metropolitana,ernc,1.0,0.0,113.9038753416506,0.030016832925593102,1,2024-10-01 00:00:00
PMGD HP PICHILONCO,Pichilonco,Hidráulica,Pasada,Región de los Ríos,ernc,1.0,0.0,28.802729652780283,1.20894532032144,1,2024-10-01 00:00:00
PMGD PFV TURQUÍA,PMGD PFV Turquia,Solar,(en blanco),Región del Bío-Bío,ernc,1.0,0.0,6.024032240564106,0.0,1,2024-10-01 00:00:00
PFV PMG LLANCAY [En_Revision],PFV PMG LLANCAY,Solar,(en blanco),Región Metropolitana,ernc,1.0,0.0,0.0,0.0,1,2024-10-01 00:00:00
PMGD HP PEHUI,PEHUI,Hidráulica,Pasada,Región de los Ríos,ernc,1.0,0.0,19.882561024052393,0.8899881648136768,1,2024-10-01 00:00:00
PMGD HP MUNILQUE II,Munilque 2,Hidráulica,Pasada,Región del Bío-Bío,ernc,1.0,0.0,0.0,0.0,1,2024-10-01 00:00:00
PFV DON HUMBERTO [EN_REVISION],PFV DON HUMBERTO,Solar,(en blanco),Región Metropolitana,ernc,1.0,0.0,106.90995326998741,0.0,1,2024-10-01 00:00:00
PMGD HP MUNILQUE,PMGD HP Munilque,Hidráulica,Pasada,Región del Bío-Bío,ernc,1.0,0.0,7.822453370019167,0.3423723478464285,1,2024-10-01 00:00:00
BESS Andes Solar IIA,BESS Andes Solar IIA (inyección),Bess,(en blanco),Región de Antofagasta,ernc,0.95,0.0,171.67122892764976,3.772980427777254,1,2024-10-01 00:00:00
PMGD HP LOS BAJOS,LOS BAJOS,Hidráulica,Pasada,Región Metropolitana,ernc,1.0,0.0,127.23089370480218,5.3412330649855955,1,2024-10-01 00:00:00
PMGD PFV QUILMO SOLAR,PMGD PFV Quilmo Solar,Solar,(en blanco),Región de Ñuble,ernc,1.0,0.0,36.545873720701735,0.0,1,2024-10-01 00:00:00
PMGD HP LAS VERTIENTES,LAS VERTIENTES,Hidráulica,Pasada,Región Metropolitana,ernc,1.0,0.0,38.294519069151676,1.476670040757437,1,2024-10-01 00:00:00
PMGD HP EL DIUTO,EL DIUTO,Hidráulica,Pasada,Región del Bío-Bío,ernc,1.0,0.0,46.75110931076306,1.5713859976431854,1,2024-10-01 00:00:00
PMGD HP EL COLORADO,El Colorado,Hidráulica,Pasada,Región de los Lagos,ernc,1.0,0.0,35.60350963066659,1.860010896641214,1,2024-10-01 00:00:00
PE SAN MATIAS,PE SAN MATIAS,Eólica,(en blanco),Región del Bío-Bío,ernc,1.0,0.0,410.4301622026097,3.0417057364601012,1,2024-10-01 00:00:00
PFV CEME 1,PFV CEME 1,Solar,(en blanco),Región de Antofagasta,ernc,1.0,0.0,1999.1210728445008,0.0,1,2024-10-01 00:00:00
PMGD HP EL CANELO,EL CANELO,Hidráulica,Pasada,Región de la Araucanía,ernc,1.0,0.0,124.89142368930217,5.20691799739706,1,2024-10-01 00:00:00
PE CARDONAL,Pe Cardonal,Eólica,(en blanco),Región de O'Higgins,ernc,1.0,0.0,194.81925129807445,8.854965713049964,1,2024-10-01 00:00:00
PMGD HP EL AGRIO,El Agrio,Hidráulica,Pasada,Región de la Araucanía,ernc,1.0,0.0,26.860713212335195,1.1901829370984052,1,2024-10-01 00:00:00
PMGD HP DOSAL,MCH Dosal,Hidráulica,Pasada,Región del Maule,ernc,1.0,0.0,0.0,0.0,1,2024-10-01 00:00:00
PMGD HP DOÑA HILDA,PMGD HP DOÑA HILDA,Hidráulica,Pasada,Región de los Ríos,ernc,1.0,0.0,15.233062826728332,0.6371352028049916,1,2024-10-01 00:00:00
PMGD PFV PARQUE FAROL SOLAR,PMGD PFV Parque Farol Solar,Solar,(en blanco),Región de Antofagasta,ernc,1.0,0.0,10.602494367276913,0.0,1,2024-10-01 00:00:00
PMGD PFV TALAGANTE,PMGD PFV Talagante,Solar,(en blanco),Región Metropolitana,ernc,1.0,0.0,24.507581185313256,0.0,1,2024-10-01 00:00:00
PMGD HP DONGUIL,PMGD HP DONGUIL,Hidráulica,Pasada,Región de la Araucanía,ernc,1.0,0.0,4.800229812731338,0.1921568687795756,1,2024-10-01 00:00:00
PMGD PFV JILGUERO,PMGD PFV Jilguero,Solar,(en blanco),Región del Maule,ernc,1.0,0.0,12.37908658155036,0.0,1,2024-10-01 00:00:00
PMGD HP DONGO,DONGO,Hidráulica,Pasada,Región de los Lagos,ernc,1.0,0.0,62.373945708131394,3.189885207568576,1,2024-10-01 00:00:00
PMGD PFV DOÑA REGINA SOLAR,PMGD PFV Doña Regina,Solar,(en blanco),Región Metropolitana,ernc,1.0,0.0,20.617259329873903,0.0,1,2024-10-01 00:00:00
PMGD PFV PESARO SOLAR,PMGD PFV Pesaro,Solar,(en blanco),Región de Valparaíso,ernc,1.0,0.0,21.189989218282108,0.0,1,2024-10-01 00:00:00
PMGD HP DON WALTERIO,PMGD HP DON WALTERIO,Hidráulica,Pasada,Región de los Ríos,ernc,1.0,0.0,76.83065202483107,3.2116590145464543,1,2024-10-01 00:00:00
PMGD HP EL LLANO,EL LLANO,Hidráulica,Pasada,Región Metropolitana,ernc,1.0,0.0,12.5540836560113,0.5321893270560252,1,2024-10-01 00:00:00
PMGD PFV PATAGUA,PMGD PFV Patagua,Solar,(en blanco),Región Metropolitana,ernc,1.0,0.0,0.04652444891379606,0.0,1,2024-10-01 00:00:00
PMGD PFV FUSTER DEL VERANO,PMGD PFV Fuster del Verano,Solar,(en blanco),Región Metropolitana,ernc,1.0,0.0,58.42444340621165,0.0,1,2024-10-01 00:00:00
PFV EMILIA SOLAR,PMG Emilia Solar,Solar,(en blanco),Región de Coquimbo,ernc,1.0,0.0,0.0,0.0,1,2024-10-01 00:00:00
PMGD HP LAS FLORES,PMGD HP LAS FLORES,Hidráulica,Pasada,Región de los Ríos,ernc,1.0,0.0,75.11391874152046,3.0857845933277805,1,2024-10-01 00:00:00
PMGD PFV SAN CLEMENTE FLOR DEL LLANO,PMGD PFV SAN CLEMENTE FLOR DEL LLANO,Solar,(en blanco),Región del Maule,ernc,1.0,0.0,0.06499858279153693,0.005702499063767743,1,2024-10-01 00:00:00
PMGD HP LA VIÑA - ALTO LA VIÑA,PMGD La Viña - Alto la Viña,Hidráulica,Pasada,Región del Bío-Bío,ernc,1.0,0.0,9.276862606599039,0.35332083226890015,1,2024-10-01 00:00:00
PMGD HP LA PALOMA,LA PALOMA,Hidráulica,Pasada,Región de Coquimbo,ernc,1.0,0.0,0.0,0.0,1,2024-10-01 00:00:00
PMGD PFV VERONA SOLAR,PMGD PFV Verona,Solar,(en blanco),Región Metropolitana,ernc,1.0,0.0,0.04401719108656617,0.003809657490645682,1,2024-10-01 00:00:00
PMGD HP LA MONTAÑA II,La Montaña 2,Hidráulica,Pasada,Región del Maule,ernc,1.0,0.0,7.096271003490504,0.7404152121646298,1,2024-10-01 00:00:00
PMGD PFV LONCURA,PMGD PFV Loncura,Solar,(en blanco),Región Metropolitana,ernc,1.0,0.0,80.75036206496084,0.0,1,2024-10-01 00:00:00
PMGD HP LA MONTAÑA,La Montaña 1,Hidráulica,Pasada,Región del Maule,ernc,1.0,0.0,47.83155999669518,1.9849191083261366,1,2024-10-01 00:00:00
PMGD HP SANTA ISABEL,SANTA ISABEL,Hidráulica,Pasada,Región del Bío-Bío,ernc,1.0,0.0,7.0808920272241185,0.0,1,2024-10-01 00:00:00
PMGD HP LA BIFURCADA,PMGD LA BIFURCADA,Hidráulica,Pasada,Región del Bío-Bío,ernc,1.0,0.0,2.485090466954067,0.10314833792055138,1,2024-10-01 00:00:00
PMGD PFV AHE BUENAS YERBAS,PMGD PFV AHE BUENAS YERBAS,Solar,(en blanco),Región Metropolitana,ernc,1.0,0.0,69.91411278713528,0.0,1,2024-10-01 00:00:00
PMGD PFV EL LORO CHOROY,PMGD PFV EL LORO CHOROY,Solar,(en blanco),Región Metropolitana,ernc,1.0,0.0,47.67333470626335,0.0,1,2024-10-01 00:00:00
PMGD HP EYZAGUIRRE,EYZAGUIRRE,Hidráulica,Pasada,Región Metropolitana,ernc,1.0,0.0,0.0,0.0,1,2024-10-01 00:00:00
PMGD HP ENSENADA,ENSENADA,Hidráulica,Pasada,Región de los Lagos,ernc,1.0,0.0,26.021632860650858,1.0252611518870458,1,2024-10-01 00:00:00
PMGD HP EL TORO Nº2,Minihidro El Toro,Hidráulica,Pasada,Región de Tarapacá,ernc,1.0,0.0,23.52552281840778,0.9758306152890698,1,2024-10-01 00:00:00
PMGD PFV LA HUERTA,PMGD PFV LA HUERTA [EN_REVISION],Solar,(en blanco),Región del Maule,ernc,1.0,0.0,13.549054546838944,0.0,1,2024-10-01 00:00:00
PMGD HP EL MIRADOR,PMGD HP El Mirador,Hidráulica,Pasada,Región del Bío-Bío,ernc,1.0,0.0,0.0,0.0,1,2024-10-01 00:00:00
PMGD HP EL MANZANO (MELIPEUCO),EL MANZANO,Hidráulica,Pasada,Región de la Araucanía,ernc,1.0,0.0,0.0,0.0,1,2024-10-01 00:00:00
PMGD HP LA ARENA,PMGD HP LA ARENA,Hidráulica,Pasada,Región de los Lagos,ernc,1.0,0.0,126.7005150628473,6.154884781527038,1,2024-10-01 00:00:00
PMGD PFV LAS CHILCAS,PMGD PFV Las Chilcas,Solar,(en blanco),Arica y Parinacota,ernc,1.0,0.0,36.28495025609347,0.0,1,2024-10-01 00:00:00
PMGD HP SANTA ROSA,Minihidro Santa Rosa,Hidráulica,Pasada,Región de Tarapacá,ernc,1.0,0.0,11.93469600052676,0.4978409635823176,1,2024-10-01 00:00:00
BESS ALFALFAL VR1,BESS ALFALFAL VR1 (Inyección),Bess,(en blanco),Región Metropolitana,ernc,1.0,0.0,0.0,0.0,1,2024-10-01 00:00:00
PMGD PFV DON EUGENIO,Don Eugenio,Solar,(en blanco),Región de O'Higgins,ernc,1.0,0.0,18.993428509172542,0.0,1,2024-10-01 00:00:00
PMGD PFV QUEBRADA DE TALCA,PMGD PFV Quebrada de Talca,Solar,(en blanco),Región de Coquimbo,ernc,1.0,0.0,82.87163426856652,0.0,1,2024-10-01 00:00:00
PMGD PFV DIEGO DE ALMAGRO SOLAR,PMGD PFV Diego de Almagro,Solar,(en blanco),Región de Atacama,ernc,1.0,0.0,72.86611229367867,0.0,1,2024-10-01 00:00:00
PMGD PFV CHEQUEN SOLAR,PMGD PFV Chequen Solar,Solar,(en blanco),Región Metropolitana,ernc,1.0,0.0,46.706249104327924,0.0,1,2024-10-01 00:00:00
PMGD PFV CUZ CUZ,CUZ CUZ,Solar,(en blanco),Región de Coquimbo,ernc,1.0,0.0,19.726245556316417,0.0,1,2024-10-01 00:00:00
PMGD PFV CRUZ SOLAR,Cruz Solar,Solar,(en blanco),Región de Valparaíso,ernc,1.0,0.0,27.70371422595957,0.0,1,2024-10-01 00:00:00
PMGD PFV CRUCERO,Crucero,Solar,(en blanco),Región de O'Higgins,ernc,1.0,0.0,10.501537046141035,0.0,1,2024-10-01 00:00:00
TER NORGENER [No_Mostrar],NTO1 (Carbon),Térmica,Carbón,Región de Antofagasta,convencional,0.0,0.0,0.0,0.0,1,2024-10-01 00:00:00
PMGD PFV CORDILLERILLA SOLAR,Solar Cordillerilla,Solar,(en blanco),Región del Maule,ernc,1.0,0.0,8.314631024314673,0.0,1,2024-10-01 00:00:00
TER NORGENER [No_Mostrar],NTO2 (Carbon),Térmica,Carbón,Región de Antofagasta,convencional,0.0,0.0,0.0,0.0,1,2024-10-01 00:00:00
PMGD PFV EA SF PICHILEMU [En_Revision],PMGD PFV EA SF Pichilemu,Solar,(en blanco),Región de O'Higgins,ernc,1.0,0.0,23.319135768186275,0.0,1,2024-10-01 00:00:00
PFV TAMARICO [EN_REVISION],PFV Tamarico Etapa 2,Solar,(en blanco),Región Metropolitana,ernc,0.33,0.0,0.0,0.0,1,2024-10-01 00:00:00
PMGD PFV CABIMAS [EN_REVISION],PMGD PFV Cabimas,Solar,(en blanco),Región del Maule,ernc,1.0,0.0,0.411148950786932,0.0,1,2024-10-01 00:00:00
PMGD PFV RCU (RTN),PMGD PFV Rcu,Solar,(en blanco),Región del Maule,ernc,1.0,0.0,23.86685689911178,0.0,1,2024-10-01 00:00:00
PMGD PFV CITRINO,Citrino,Solar,(en blanco),Región Metropolitana,ernc,1.0,0.0,12.143549630263795,0.0,1,2024-10-01 00:00:00
PMGD PFV CHUCHIÑI,Chuchiñi,Solar,(en blanco),Región de Coquimbo,ernc,1.0,0.0,0.0,0.0,1,2024-10-01 00:00:00
PMGD PFV CHIMBARONGO,PMGD PFV CHIMBARONGO,Solar,(en blanco),Región de O'Higgins,ernc,1.0,0.0,9.205279762066334,0.0,1,2024-10-01 00:00:00
PMGD HP EL PORTAL,PMGD HP El Portal,Hidráulica,Pasada,Región del Maule,ernc,1.0,0.0,11.322584839775788,0.4576476320506714,1,2024-10-01 00:00:00
BESS PFV COYA,BESS COYA (retiro),Bess,(en blanco),Región de Antofagasta,ernc,1.0,0.0,581.3660201028872,0.0,1,2024-10-01 00:00:00
PMGD PFV HURTADO,PMGD PFV Hurtado,Solar,(en blanco),Región del Bío-Bío,ernc,1.0,0.0,19.38179172520984,0.0,1,2024-10-01 00:00:00
PMGD PFV DOÑIHUE,Doñihue,Solar,(en blanco),Región de O'Higgins,ernc,1.0,0.0,0.18613714932404746,0.0,1,2024-10-01 00:00:00
PMGD PFV EL SAUCE,EL SAUCE SOLAR,Solar,(en blanco),Región de O'Higgins,ernc,1.0,0.0,21.274918319867094,0.0,1,2024-10-01 00:00:00
BESS San Andrés,BESS San Andrés (retiro),Bess,(en blanco),Región de Atacama,ernc,1.0,0.0,215.64117576565081,0.0,1,2024-10-01 00:00:00
PMGD PFV EL ROBLE,EL ROBLE,Solar,(en blanco),Región Metropolitana,ernc,1.0,0.0,67.74933372652963,0.0,1,2024-10-01 00:00:00
PMGD PFV EL QUEULE,El Queule,Solar,(en blanco),Región de O'Higgins,ernc,1.0,0.0,25.604210761089583,0.0,1,2024-10-01 00:00:00
PFV DESIERTO DE ATACAMA [EN_REVISION],PFV DESIERTO DE ATACAMA,Solar,(en blanco),Región de Atacama,ernc,1.0,0.0,0.0,0.0,1,2024-10-01 00:00:00
PMGD PFV EL QUEMADO,EL QUEMADO,Solar,(en blanco),Región de Valparaíso,ernc,1.0,0.0,19.325227462540514,0.0,1,2024-10-01 00:00:00
PMGD PFV CE CALDERA,PMGD PFV Ce Caldera,Solar,(en blanco),Región de Atacama,ernc,1.0,0.0,7.942584083464937,0.0,1,2024-10-01 00:00:00
PMGD PFV EL PILPEN,El Pilpen,Solar,(en blanco),Región Metropolitana,ernc,1.0,0.0,20.364972833529457,0.0,1,2024-10-01 00:00:00
PMGD PFV EL PICURIO,El Picurio,Solar,(en blanco),Región de O'Higgins,ernc,1.0,0.0,19.120353901657897,0.0,1,2024-10-01 00:00:00
PFV ALTO DEL SOL [EN_REVISION],PFV Alto del Sol,Solar,(en blanco),Región de Ñuble,ernc,1.0,0.0,0.0,0.0,1,2024-10-01 00:00:00
PMGD PFV EL LAUREL,El Laurel,Solar,(en blanco),Región Metropolitana,ernc,1.0,0.0,40.107851475595375,0.0,1,2024-10-01 00:00:00
PMGD PFV EL DIVISADERO,PMGD PFV EL DIVISADERO,Solar,(en blanco),Región de Coquimbo,ernc,1.0,0.0,24.323305140064477,0.0,1,2024-10-01 00:00:00
PFV PMG NORTH WEST,PMG North West,Solar,(en blanco),Región de Atacama,ernc,1.0,0.0,88.89318435508116,0.0,1,2024-10-01 00:00:00
PMGD PFV EL CHINCOL,El Chinchol,Solar,(en blanco),Región de Ñuble,ernc,1.0,0.0,22.933573651457476,0.0,1,2024-10-01 00:00:00
PFV LUCAS SOLAR,PMG Lucas Solar,Solar,(en blanco),Región de Coquimbo,ernc,1.0,0.0,82.50252534920892,0.0,1,2024-10-01 00:00:00
TER SAN JAVIER II,TER SAN JAVIER 2,Térmica,Diésel,Región del Maule,convencional,0.0,0.0,0.0,0.0,1,2024-10-01 00:00:00
PMGD PFV EL BOCO,EL BOCO,Solar,(en blanco),Región de Valparaíso,ernc,1.0,0.0,55.94604511531525,0.0,1,2024-10-01 00:00:00
PMGD PFV EL CAIQUEN,PMGD PFV EL CAIQUEN,Solar,(en blanco),Región del Maule,ernc,1.0,0.0,32.50371641964605,0.0,1,2024-10-01 00:00:00
PMGD PFV CHALINGA SOLAR,Chalinga,Solar,(en blanco),Región de Coquimbo,ernc,1.0,0.0,5.764766838568948,0.0,1,2024-10-01 00:00:00
PMGD PFV CASUTO,Casuto,Solar,(en blanco),Región de Valparaíso,ernc,1.0,0.0,20.878687652898112,0.0,1,2024-10-01 00:00:00
PMGD PFV CANESA SOLAR,Canesa Solar I,Solar,(en blanco),Región de Coquimbo,ernc,1.0,0.0,19.39834533399001,0.0,1,2024-10-01 00:00:00
PMGD PFV  LAS MOLLACAS,Las Mollacas,Solar,(en blanco),Región de Coquimbo,ernc,1.0,0.0,0.16710354430447627,0.0,1,2024-10-01 00:00:00
PMGD PFV PUEBLO HUNDIDO,PMGD PFV Pueblo Hundido,Solar,(en blanco),Región de O'Higgins,ernc,1.0,0.0,15.030784962668013,0.0,1,2024-10-01 00:00:00
PMGD PFV SANTA TERESITA,PMGD PFV Santa Teresita,Solar,(en blanco),Región Metropolitana,ernc,1.0,0.0,73.14099804139606,0.0,1,2024-10-01 00:00:00
PMGD PE UCUQUER,UCUQUER,Eólica,(en blanco),Región de O'Higgins,ernc,1.0,0.0,41.728499267308614,1.5474635856644368,1,2024-10-01 00:00:00
PMGD PE RAKI,RAKI,Eólica,(en blanco),Región del Bío-Bío,ernc,1.0,0.0,89.94210389078451,1.5761780936685283,1,2024-10-01 00:00:00
PMGD PE LEBU III,Eólica Lebu III,Eólica,(en blanco),Región del Bío-Bío,ernc,1.0,0.0,0.0,0.0,1,2024-10-01 00:00:00
PMGD PFV PARQUE PVP UNIHUE,PMGD PFV PVP Unihue,Solar,(en blanco),Región del Maule,ernc,1.0,0.0,19.307867473856305,0.0,1,2024-10-01 00:00:00
PMGD PFV SAN EDUARDO,PMGD PFV San Eduardo,Solar,(en blanco),Región de Ñuble,ernc,1.0,0.0,1.8755201144448217,0.0,1,2024-10-01 00:00:00
PMGD PFV CINTAC,PMGD PFV Cintac,Solar,(en blanco),Región Metropolitana,ernc,1.0,0.0,0.11481959836343114,0.0,1,2024-10-01 00:00:00
PMGD PFV SANTA PAMELA,PMGD PFV Santa Pamela,Solar,(en blanco),Región del Bío-Bío,ernc,1.0,0.0,57.10176242918269,0.0,1,2024-10-01 00:00:00
PMGD PFV ALDEBARAN,PMGD PFV Aldebaran,Solar,(en blanco),Región de O'Higgins,ernc,1.0,0.0,31.519829745557235,0.0,1,2024-10-01 00:00:00
PMGD PE LAS PEÑAS,Eólica Las Peñas,Eólica,(en blanco),Región del Bío-Bío,ernc,1.0,0.0,138.88856072552366,1.778315997641624,1,2024-10-01 00:00:00
PMGD PE HUAJACHE,Eólica Huajache,Eólica,(en blanco),Región del Bío-Bío,ernc,1.0,0.0,73.66606626776083,1.512370811638046,1,2024-10-01 00:00:00
PMGD PE EL NOGAL,El Nogal Eólico,Eólica,(en blanco),Región del Bío-Bío,ernc,1.0,0.0,45.93673998709984,0.00412460460759253,1,2024-10-01 00:00:00
PMGD HP TRUFULTRUFUL,TRUFUL-TRUFUL,Hidráulica,Pasada,Región de la Araucanía,ernc,1.0,0.0,18.554912967170164,0.7543904717507522,1,2024-10-01 00:00:00
PMGD HP TRANQUIL,PMGD HP TRANQUIL,Hidráulica,Pasada,Región de los Ríos,ernc,1.0,0.0,59.99584443978673,2.900962625535002,1,2024-10-01 00:00:00
PMGD PFV SOLARPARK MALLOA,PMGD PFV SOLARPARK MALLOA,Solar,(en blanco),Región de O'Higgins,ernc,1.0,0.0,15.33645403094414,0.0,1,2024-10-01 00:00:00
PMGD PFV DON SIMON,PMGD PFV Don Simon,Solar,(en blanco),Región de O'Higgins,ernc,1.0,0.0,28.99429785104352,0.0,1,2024-10-01 00:00:00
PMGD PFV HUINGAN,PMGD PFV Huigan,Solar,(en blanco),Región Metropolitana,ernc,1.0,0.0,66.75409614744778,0.0,1,2024-10-01 00:00:00
PMGD PFV ROMA,PMGD PFV Roma,Solar,(en blanco),Región de O'Higgins,ernc,1.0,0.0,17.35970324773835,0.0,1,2024-10-01 00:00:00
PMGD PFV PVP MAYOS,PMGD PFV Parque PVP Mayos,Solar,(en blanco),Región de O'Higgins,ernc,1.0,0.0,14.47030183543364,0.0,1,2024-10-01 00:00:00
PMGD PFV CALLE LARGA,CALLE LARGA,Solar,(en blanco),Región de Valparaíso,ernc,1.0,0.0,21.92704236665897,0.0,1,2024-10-01 00:00:00
BESS PFV COYA,BESS COYA (Inyección),Bess,(en blanco),Región de Antofagasta,ernc,1.0,0.0,515.058836170252,0.0,1,2024-10-01 00:00:00
BESS ALFALFAL VR2,BESS ALFALFAL VR2 (retiro),Bess,(en blanco),Región Metropolitana,ernc,1.0,0.0,199.73597739822767,0.21776057089702652,1,2024-10-01 00:00:00
BESS ALFALFAL VR2,BESS ALFALFAL VR2 (Inyección),Bess,(en blanco),Región Metropolitana,ernc,1.0,0.0,170.7089788296821,0.0,1,2024-10-01 00:00:00
PMGD PFV CALAMA SOLAR,Solar Calama 1,Solar,(en blanco),Región de Antofagasta,ernc,1.0,0.0,0.0,0.0,1,2024-10-01 00:00:00
PMGD PFV CACHIYUYO SOLAR II,CACHIYUYO SOLAR 2,Solar,(en blanco),Región de Atacama,ernc,1.0,0.0,89.380770821217,0.0,1,2024-10-01 00:00:00
PMGD PFV CABILSOL,Cabilsol,Solar,(en blanco),Región de Valparaíso,ernc,1.0,0.0,20.322029698054877,0.0,1,2024-10-01 00:00:00
PMGD PFV BELLAVISTA 1,Bellavista 1,Solar,(en blanco),Región de Tarapacá,ernc,1.0,0.0,94.04638930892374,0.0,1,2024-10-01 00:00:00
PMGD HP SAUCE ANDES,SAUCE ANDES,Hidráulica,Pasada,Región de Valparaíso,ernc,1.0,0.0,12.255050660731213,0.5546261189244707,1,2024-10-01 00:00:00
PMGD PFV BELLAVISTA,Bellavista,Solar,(en blanco),Región de Coquimbo,ernc,1.0,0.0,19.708024498759542,0.0,1,2024-10-01 00:00:00
PMGD PFV ALTURAS DE OVALLE,Alturas de Ovalle,Solar,(en blanco),Región de Coquimbo,ernc,1.0,0.0,30.787394351237722,0.0,1,2024-10-01 00:00:00
PMGD PFV CHILENER,PMGD PFV Chilener,Solar,(en blanco),Región Metropolitana,ernc,1.0,0.0,11.335784308911919,0.0,1,2024-10-01 00:00:00
PMGD PFV PLOMO DE VERANO,PMGD PFV Plomo Verano,Solar,(en blanco),Región Metropolitana,ernc,1.0,0.0,17.667992707084885,0.0,1,2024-10-01 00:00:00
PMGD PFV ALTOS DE TILTIL,Altos de Til Til,Solar,(en blanco),Región Metropolitana,ernc,1.0,0.0,11.378649821757058,0.0,1,2024-10-01 00:00:00
PMGD PFV ALTO SOLAR,Alto Solar,Solar,(en blanco),Región Metropolitana,ernc,1.0,0.0,20.103545920896163,0.0,1,2024-10-01 00:00:00
PMGD PFV PARQUE SAN FRANCISCO PARRAL,PMGD PFV Parque San Francisco Parral,Solar,(en blanco),Región Metropolitana,ernc,1.0,0.0,6.295918218361933,0.0,1,2024-10-01 00:00:00
PMGD PFV ALICAHUE,Alicahue,Solar,(en blanco),Región de Valparaíso,ernc,1.0,0.0,19.543979571274974,0.0,1,2024-10-01 00:00:00
PMGD PFV EL TRILE,PMGD PFV El Trile,Solar,(en blanco),Región del Maule,ernc,1.0,0.0,1.2974829443039564,0.0,1,2024-10-01 00:00:00
PMGD PFV AMPARO DEL SOL,Amparo del sol,Solar,(en blanco),Región de Coquimbo,ernc,1.0,0.0,17.56677728511048,0.0,1,2024-10-01 00:00:00
BESS San Andrés,BESS San Andrés (Inyección),Bess,(en blanco),Región de Atacama,ernc,1.0,0.0,220.4867475527845,20.167998344511,1,2024-10-01 00:00:00
PMGD HP CUMPEO,PMGD HP Cumpeo,Hidráulica,Pasada,Región del Maule,ernc,1.0,0.0,111.36565922904471,4.774167872141603,1,2024-10-01 00:00:00
PMGD HP CONTRA,Contra,Hidráulica,Pasada,Región de los Ríos,ernc,1.0,0.0,0.0,0.0,1,2024-10-01 00:00:00
HP CARENA,CARENA,Hidráulica,Pasada,Región Metropolitana,ernc,1.0,0.0,110.46194516618255,4.602581048590942,1,2024-10-01 00:00:00
HP CHACABUQUITO,CHACABUQUITO,Hidráulica,Pasada,Región de Valparaíso,ernc,0.65075,0.0,0.0,0.0,1,2024-10-01 00:00:00
HP CHACAYES,CHACAYES,Hidráulica,Pasada,Región de O'Higgins,convencional,0.0,0.0,827.4640276488499,34.31924564492811,1,2024-10-01 00:00:00
HP CHAPIQUIÑA,CHAP,Hidráulica,Pasada,Arica y Parinacota,ernc,1.0,0.0,165.2326596444148,8.40471321916607,1,2024-10-01 00:00:00
PE SAN GABRIEL,San Gabriel,Eólica,(en blanco),Región de la Araucanía,ernc,1.0,0.0,666.8239434420508,3.0216945145097056,1,2024-10-01 00:00:00
PE PUNTA SIERRA,PARQUE EÓLICO PUNTA SIERRA,Eólica,(en blanco),Región de Coquimbo,ernc,1.0,0.0,1000.9313051258524,8.324668331364487,1,2024-10-01 00:00:00
HP CHIBURGO,CHIBURGO,Hidráulica,Pasada,Región del Maule,ernc,1.0,0.0,31.017394023112875,0.0,1,2024-10-01 00:00:00
HP CORRENTOSO,Correntoso,Hidráulica,Pasada,Región de los Lagos,ernc,1.0,0.0,143.11025377825274,7.204039902142345,1,2024-10-01 00:00:00
PE PUNTA PALMERAS,PUNTA PALMERAS,Eólica,(en blanco),Región de Coquimbo,ernc,1.0,0.0,470.97411421353104,0.5903310475366643,1,2024-10-01 00:00:00
PE PUNTA COLORADA,PE PUNTA COLORADA,Eólica,(en blanco),Región de Coquimbo,ernc,1.0,0.0,0.0,0.0,1,2024-10-01 00:00:00
PE MONTE REDONDO,MONTE REDONDO,Eólica,(en blanco),Región de Coquimbo,ernc,1.0,0.0,390.41894025221427,0.43024127193350115,1,2024-10-01 00:00:00
PE LOS CURUROS,LOS CURUROS,Eólica,(en blanco),Región de Coquimbo,ernc,1.0,0.0,1046.4068070081257,0.0200112219503954,1,2024-10-01 00:00:00
HP COYA,COYA,Hidráulica,Pasada,Región de O'Higgins,ernc,1.0,0.0,0.0,0.0,1,2024-10-01 00:00:00
HP CUMBRES,Cumbres,Hidráulica,Pasada,Región de los Ríos,ernc,1.0,0.0,267.1798298707043,13.997849754301583,1,2024-10-01 00:00:00
PE LOS BUENOS AIRES,PE Los Buenos Aires,Eólica,(en blanco),Región del Bío-Bío,ernc,1.0,0.0,115.8249526488886,0.0,1,2024-10-01 00:00:00
HP CURILLINQUE,CURILLINQUE,Hidráulica,Pasada,Región del Maule,convencional,0.0,0.0,1488.780412546436,74.04152121646298,1,2024-10-01 00:00:00
PE LEBU,LEBU (EOLICA),Eólica,(en blanco),Región del Bío-Bío,ernc,1.0,0.0,0.0,0.0,1,2024-10-01 00:00:00
PE SAN JUAN,Parque Eólico San Juan,Eólica,(en blanco),Región de Atacama,ernc,1.0,0.0,3178.082214052045,127.87170826302662,1,2024-10-01 00:00:00
PE LA FLOR,Eólica La Flor,Eólica,(en blanco),Región de la Araucanía,ernc,1.0,0.0,204.1644919489091,2.851599127931345,1,2024-10-01 00:00:00
PE SAN PEDRO,PE SAN PEDRO,Eólica,(en blanco),Región de los Lagos,ernc,1.0,0.0,185.24388159481023,3.752104115699138,1,2024-10-01 00:00:00
HP CAPULLO,CAPULLO,Hidráulica,Pasada,Región de los Lagos,ernc,1.0,0.0,276.25491902520855,11.506452621477356,1,2024-10-01 00:00:00
PMGD PFV CURACO,PMGD PFV CURACO,Solar,(en blanco),Región de O'Higgins,ernc,1.0,0.0,0.0,0.0,1,2024-10-01 00:00:00
HP ABANICO,ABANICO,Hidráulica,Pasada,Región del Bío-Bío,convencional,0.0,0.0,784.4962220396791,34.56415298476803,1,2024-10-01 00:00:00
PE UCUQUER II,UCUQUER_2,Eólica,(en blanco),Región de O'Higgins,ernc,1.0,0.0,46.916309862702015,1.5208528682300506,1,2024-10-01 00:00:00
HP ALFALFAL,ALFALFAL,Hidráulica,Pasada,Región Metropolitana,convencional,0.0,0.0,1055.3918456638535,42.74397008604458,1,2024-10-01 00:00:00
PE TOTORAL,Eólica Totoral,Eólica,(en blanco),Región de Coquimbo,ernc,1.0,0.0,426.2390275434221,2.301290524295471,1,2024-10-01 00:00:00
PMGD PFV BELENOS TIL TIL [EN_REVISION],PMGD PFV BELENOS TIL TIL [EN_REVISION],Solar,(en blanco),Región Metropolitana,ernc,1.0,0.0,0.0,0.0,1,2024-10-01 00:00:00
HP ALTO RENAICO,Alto Renaico,Hidráulica,Pasada,Región del Bío-Bío,ernc,1.0,0.0,24.813915218490305,1.200673317023724,1,2024-10-01 00:00:00
HP BLANCO,BLANCO,Hidráulica,Pasada,Región de Valparaíso,convencional,0.0,0.0,304.17057364601004,13.207406487260965,1,2024-10-01 00:00:00
PE TALTAL,PE Taltal,Eólica,(en blanco),Región de Antofagasta,ernc,1.0,0.0,257.0541515638041,29.946793648766718,1,2024-10-01 00:00:00
HP PIEDRAS NEGRAS,HP PIEDRAS NEGRAS,Hidráulica,Pasada,Región Metropolitana,ernc,1.0,0.0,32.378874291519644,2.2771027658149507,1,2024-10-01 00:00:00
PMGD PFV SAN ANTONIO DEL MONTE SUNLIGHT,PMGD PFV San Antonio Del Monte Sunlight,Solar,(en blanco),Región Metropolitana,ernc,1.0,0.0,2.9949684454881256,0.0,1,2024-10-01 00:00:00
PE TALINAY PONIENTE,PE Talinay Poniente,Eólica,(en blanco),Región de Coquimbo,ernc,1.0,0.0,787.8217969651166,19.651019955288284,1,2024-10-01 00:00:00
PE TALINAY ORIENTE,PE Talinay Oriente,Eólica,(en blanco),Región de Coquimbo,ernc,1.0,0.0,787.0113424761255,7.654292396026241,1,2024-10-01 00:00:00
HP CALLAO,CALLAO,Hidráulica,Pasada,Región de los Lagos,ernc,1.0,0.0,64.40453135577032,2.7598948086203468,1,2024-10-01 00:00:00
PE SIERRA GORDA ESTE,PE Sierra Gorda Este,Eólica,(en blanco),Región de Antofagasta,ernc,1.0,0.0,746.4686068046244,35.30980113147268,1,2024-10-01 00:00:00
PE SARCO,Parque Eólico Sarco,Eólica,(en blanco),Región de Atacama,ernc,1.0,0.0,2517.661861634122,101.75706361776062,1,2024-10-01 00:00:00
PMGD PFV BELEN,PMGD PFV BELEN,Solar,(en blanco),Región Metropolitana,ernc,1.0,0.0,0.0,0.0,1,2024-10-01 00:00:00
PE SAN PEDRO II,PE SAN PEDRO II,Eólica,(en blanco),Región de los Lagos,ernc,1.0,0.0,364.66449760205535,6.163456360721784,1,2024-10-01 00:00:00
HP DOS VALLES,Dos Valles,Hidráulica,Pasada,Región de O'Higgins,ernc,1.0,0.0,0.0,0.0,1,2024-10-01 00:00:00
HP EL PASO,El Paso,Hidráulica,Pasada,Región de O'Higgins,convencional,0.0,0.0,135.3759164944249,0.0,1,2024-10-01 00:00:00
HP FLORIDA,Florida U-1,Hidráulica,Pasada,Región Metropolitana,ernc,1.0,0.0,0.0,0.0,1,2024-10-01 00:00:00
HP RUCATAYO,RUCATAYO,Hidráulica,Pasada,Región de los Lagos,convencional,0.0,0.0,677.2097676343059,27.905649009826387,1,2024-10-01 00:00:00
HP LOS HIERROS II,LOS HIERROS 2,Hidráulica,Pasada,Región del Maule,ernc,1.0,0.0,0.0,0.0,1,2024-10-01 00:00:00
HP LOS MOLLES,MOLLES,Hidráulica,Pasada,Región de Coquimbo,ernc,1.0,0.0,98.22046105163805,6.8891633247528725,1,2024-10-01 00:00:00
HP RENAICO,RENAICO,Hidráulica,Pasada,Región del Bío-Bío,ernc,1.0,0.0,119.66710726336447,5.903310475366644,1,2024-10-01 00:00:00
HP QUILLECO,QUILLECO,Hidráulica,Pasada,Región del Bío-Bío,convencional,0.0,0.0,1577.884850788677,68.03815463134437,1,2024-10-01 00:00:00
HP QUELTEHUES,QUELTEHUES,Hidráulica,Pasada,Región Metropolitana,convencional,0.0,0.0,814.9970363737533,32.54825250231812,1,2024-10-01 00:00:00
HP PUNTILLA,PUNTILLA,Hidráulica,Pasada,Región Metropolitana,ernc,0.83975,0.0,377.51170209420934,16.609314218828185,1,2024-10-01 00:00:00
HP LOS QUILOS,LOS QUILOS,Hidráulica,Pasada,Región de Valparaíso,convencional,0.0,0.0,515.3890213324335,22.512624694194827,1,2024-10-01 00:00:00
HP MAITENES,MAITENES,Hidráulica,Pasada,Región Metropolitana,ernc,0.3725,0.0,0.0,0.0,1,2024-10-01 00:00:00
HP MALALCAHUELLO,Malalcahuello,Hidráulica,Pasada,Región de la Araucanía,ernc,1.0,0.0,142.8801247258232,8.304657109414093,1,2024-10-01 00:00:00
HP MAMPIL,MAMPIL,Hidráulica,Pasada,Región del Bío-Bío,convencional,0.0,0.0,741.1756385987449,47.366562356585916,1,2024-10-01 00:00:00
HP MARIPOSAS,MARIPOSAS,Hidráulica,Pasada,Región del Maule,ernc,1.0,0.0,46.9263154736772,2.1011783047915173,1,2024-10-01 00:00:00
HP NALCAS,NALCAS,Hidráulica,Pasada,Región de los Lagos,ernc,1.0,0.0,131.3064578982707,6.708316352169299,1,2024-10-01 00:00:00
HP PULLINQUE,HP Pullinque,Hidráulica,Pasada,Región de los Ríos,convencional,0.0,0.0,756.7243580542018,30.216945145097057,1,2024-10-01 00:00:00
HP OJOS DE AGUA,OJOS DE AGUA,Hidráulica,Pasada,Región del Maule,ernc,1.0,0.0,125.04192837094891,5.2295556452020735,1,2024-10-01 00:00:00
HP PROVIDENCIA,PROVIDENCIA,Hidráulica,Pasada,Región del Maule,ernc,1.0,0.0,64.27489759357763,3.0591078901897424,1,2024-10-01 00:00:00
HP PALACIOS,PMG Palacios,Hidráulica,Pasada,Región de O'Higgins,ernc,1.0,0.0,0.0,0.0,1,2024-10-01 00:00:00
HP LOS HIERROS,LOS HIERROS,Hidráulica,Pasada,Región del Maule,ernc,0.665,0.0,414.2923280390361,22.002338534459742,1,2024-10-01 00:00:00
HP SAN CLEMENTE,SAN CLEMENTE,Hidráulica,Pasada,Región del Maule,ernc,1.0,0.0,0.0,0.0,1,2024-10-01 00:00:00
HP LOMA ALTA,LOMA ALTA,Hidráulica,Pasada,Región del Maule,convencional,0.0,0.0,621.3337633284767,32.303675347640386,1,2024-10-01 00:00:00
HP LLAUQUEREO,LLAUQUEREO,Hidráulica,Pasada,Región del Bío-Bío,ernc,1.0,0.0,43.588619104741966,1.8166474678733546,1,2024-10-01 00:00:00
HP HORNITOS,HORNITOS,Hidráulica,Pasada,Región de Valparaíso,convencional,0.0,0.0,250.2403304896944,10.605947633709562,1,2024-10-01 00:00:00
HP ISLA,ISLA,Hidráulica,Pasada,Región del Maule,convencional,0.0,0.0,1150.409079700666,58.06358106139172,1,2024-10-01 00:00:00
HP ITATA,itata,Hidráulica,Pasada,Región de Ñuble,ernc,1.0,0.0,364.00412727769236,20.011221950395402,1,2024-10-01 00:00:00
HP JUNCAL,JUNCAL,Hidráulica,Pasada,Región de Valparaíso,ernc,0.467,0.0,205.71536165006484,9.505330426437816,1,2024-10-01 00:00:00
HP JUNCALITO,Juncalito,Hidráulica,Pasada,Región de Valparaíso,ernc,1.0,0.0,0.0,0.0,1,2024-10-01 00:00:00
HP LA CONFLUENCIA,LA CONFLUENCIA,Hidráulica,Pasada,Región de O'Higgins,convencional,0.0,0.0,737.743714034252,0.0100056109751977,1,2024-10-01 00:00:00
PE LA ESPERANZA,Parque Eólico La Esperanza,Eólica,(en blanco),Región del Bío-Bío,ernc,1.0,0.0,51.06863841740906,0.1600897756031632,1,2024-10-01 00:00:00
PE CUEL,CUEL,Eólica,(en blanco),Región del Bío-Bío,ernc,1.0,0.0,89.53020700606902,0.0100056109751977,1,2024-10-01 00:00:00
HE RAPEL,RAPEL,Hidráulica,Embalse,Región de O'Higgins,convencional,0.0,0.0,2659.5655647539375,157.03346167467933,1,2024-10-01 00:00:00
PE CANELA II,PE Canela II,Eólica,(en blanco),Región de Coquimbo,ernc,1.0,0.0,493.696856738205,0.0400224439007908,1,2024-10-01 00:00:00
HP LA MINA,LA MINA,Hidráulica,Pasada,Región del Maule,convencional,0.0,0.0,180.30110977306256,9.905554865445724,1,2024-10-01 00:00:00
HP LAJA I,LAJA I,Hidráulica,Pasada,Región del Bío-Bío,ernc,0.194,0.0,760.0962489528437,26.604919583050687,1,2024-10-01 00:00:00
HP LIRCAY,LIRCAY,Hidráulica,Pasada,Región del Maule,ernc,1.0,0.0,117.96615339758091,5.70319825586269,1,2024-10-01 00:00:00
PE CANELA,PE Canela I,Eólica,(en blanco),Región de Coquimbo,ernc,1.0,0.0,159.36937161294898,0.0,1,2024-10-01 00:00:00
PE CABO LEONES,PE CABO LEONES,Eólica,(en blanco),Región de Atacama,ernc,1.0,0.0,2477.939586062587,93.24228867786736,1,2024-10-01 00:00:00
PE AURORA,Aurora,Eólica,(en blanco),Región de los Lagos,ernc,1.0,0.0,549.9984296956424,67.03759353382459,1,2024-10-01 00:00:00
HP SAUZALITO,SAUZALITO,Hidráulica,Pasada,Región de O'Higgins,ernc,1.0,0.0,0.0,0.0,1,2024-10-01 00:00:00
HP SAN IGNACIO,SAN IGNACIO,Hidráulica,Pasada,Región del Maule,ernc,0.0575,0.0,668.3748131432063,26.014588535514022,1,2024-10-01 00:00:00
HP LA HIGUERA,LA HIGUERA,Hidráulica,Pasada,Región de O'Higgins,convencional,0.0,0.0,1172.7476567919475,61.00421011578038,1,2024-10-01 00:00:00
PFV LEYDA [EN_REVISION],PFV LEYDA,Solar,(en blanco),Región de Valparaíso,ernc,0.3,0.0,0.0,0.0,1,2024-10-01 00:00:00
HE RALCO,RALCO,Hidráulica,Embalse,Región del Bío-Bío,convencional,0.0,0.0,10546.629669211432,614.1339958222206,1,2024-10-01 00:00:00
PMGD PFV PVP LA ROSA,PMGD PFV PVP LA ROSA [EN_REVISION],Solar,(en blanco),Región de O'Higgins,ernc,1.0,0.0,0.0,0.0,1,2024-10-01 00:00:00
PMGD PFV LLOICA,PMGD PFV Lloica,Solar,(en blanco),Región de Atacama,ernc,1.0,0.0,22.581953334908654,0.0,1,2024-10-01 00:00:00
PMGD PFV EL TURPIAL,PMGD PFV El Turpial,Solar,(en blanco),Región Metropolitana,ernc,1.0,0.0,22.115693963342018,0.0,1,2024-10-01 00:00:00
PMGD TER BELLET,PMGD TER BELLET,Térmica,Diésel,Región Metropolitana,ernc,1.0,0.0,0.0,0.0,1,2024-10-01 00:00:00
PMGD PFV HIJUELA 4 [EN_REVISION],PMGD PFV HIJUELA 4 [EN_REVISION],Solar,(en blanco),Región del Maule,ernc,1.0,0.0,19.59922285216035,0.0,1,2024-10-01 00:00:00
PFV PUERTO SECO SOLAR,PFV PUERTO SECO SOLAR,Solar,(en blanco),Región de Antofagasta,ernc,1.0,0.0,93.72255800467686,0.0,1,2024-10-01 00:00:00
PMGD PFV LENGA SOLAR [EN_REVISION],PMGD PFV LENGA SOLAR,Solar,(en blanco),Región del Bío-Bío,ernc,1.0,0.0,9.288918075599499,0.0,1,2024-10-01 00:00:00
PFV GRAN TENO,PFV GRAN TENO,Solar,(en blanco),Región del Maule,ernc,1.0,0.0,759.5959684040839,0.0,1,2024-10-01 00:00:00
PFV POZO ALMONTE SOLAR III,PFV POZO ALMONTE SOLAR III,Solar,(en blanco),Región de Tarapacá,ernc,1.0,0.0,86.44847882570814,0.0,1,2024-10-01 00:00:00
PMGD PFV ALBATROS,PMGD PFV Albatros,Solar,(en blanco),Región del Maule,ernc,1.0,0.0,8.235964119262208,0.0,1,2024-10-01 00:00:00
PMGD PFV EL INTERLOCUTOR,PMGD PFV El Interlocutor,Solar,(en blanco),Región Metropolitana,ernc,1.0,0.0,0.9999806806319242,0.0,1,2024-10-01 00:00:00
PFV POZO ALMONTE SOLAR II,PFV POZO ALMONTE SOLAR II,Solar,(en blanco),Región de Tarapacá,ernc,1.0,0.0,46.0858441517606,0.0,1,2024-10-01 00:00:00
PFV PILOTO SOLAR CARDONES,PFV Piloto Solar Cardones,Solar,(en blanco),Región de Atacama,ernc,1.0,0.0,0.5503086036358735,0.0,1,2024-10-01 00:00:00
PFV PILAR LOS AMARILLOS,PMG PFV Pilar Los Amarillos,Solar,(en blanco),Región de Atacama,ernc,1.0,0.0,15.644206487348626,0.0,1,2024-10-01 00:00:00
PFV PAMPA SOLAR NORTE,PFV Pampa Solar Norte,Solar,(en blanco),Región de Antofagasta,ernc,1.0,0.0,340.9511995908369,0.0,1,2024-10-01 00:00:00
PFV TAMANGO,PFV TAMANGO,Solar,(en blanco),Región del Maule,ernc,1.0,0.0,138.47765589673617,0.0,1,2024-10-01 00:00:00
PMGD PFV PLAZA SUNLIGHT,PMGD PFV Plaza Sunlight,Solar,(en blanco),Región Metropolitana,ernc,1.0,0.0,0.0,0.0,1,2024-10-01 00:00:00
PFV PAMPA CAMARONES,PARQUE SOLAR PAMPA CAMARONES,Solar,(en blanco),Arica y Parinacota,ernc,1.0,0.0,43.63446946283718,0.0,1,2024-10-01 00:00:00
PMGD PFV SANTA BLANCA DE ISLA DE MAIPO SUNLIGHT,PMGD PFV SANTA BLANCA DE ISLA DE MAIPO SUNLIGHT [EN_REVISION],Solar,(en blanco),Región Metropolitana,ernc,1.0,0.0,11.78815384109462,0.0,1,2024-10-01 00:00:00
PFV LUZ DEL NORTE,Luz del Norte,Solar,(en blanco),Región de Atacama,ernc,1.0,0.0,717.7224864728814,0.0,1,2024-10-01 00:00:00
PMGD PFV ANCAHUAL SOLAR,PMGD PFV ANCAHUAL SOLAR [EN_REVISION],Solar,(en blanco),Región de la Araucanía,ernc,1.0,0.0,47.41437900454279,0.0,1,2024-10-01 00:00:00
PMGD PFV SAN RAFAEL,PMGD PFV San Rafael,Solar,(en blanco),Región del Maule,ernc,1.0,0.0,7.595384246945574,0.0,1,2024-10-01 00:00:00
PMGD PFV CARANCA SOLAR [EN_REVISION],PMGD PFV CARANCA SOLAR,Solar,(en blanco),Región de Atacama,ernc,1.0,0.0,0.0,0.0,1,2024-10-01 00:00:00
PMGD HP COLLIL,COLLIL,Hidráulica,Pasada,Región de los Lagos,ernc,1.0,0.0,65.91110604564257,3.4424607465031545,1,2024-10-01 00:00:00
PMGD HP CAVANCHA,CAVANCHA,Hidráulica,Pasada,Región de Tarapacá,ernc,1.0,0.0,40.48328698999911,1.6871981660228748,1,2024-10-01 00:00:00
BESS Nueva Imperial,BESS Nueva Imperial (Inyección),Bess,(en blanco),Región de la Araucanía,convencional,0.0,0.0,0.0,0.0,1,2024-10-01 00:00:00
PMGD HP CALIBORO,Caliboro,Hidráulica,Pasada,Región del Bío-Bío,ernc,1.0,0.0,18.299037665685276,0.690344851564316,1,2024-10-01 00:00:00
BESS Nueva Imperial,BESS Nueva Imperial (Retiro),Bess,(en blanco),Región de la Araucanía,convencional,0.0,0.0,0.0,0.0,1,2024-10-01 00:00:00
PMGD HP BUREO,Bureo,Hidráulica,Pasada,Región del Bío-Bío,ernc,1.0,0.0,35.76501850677702,1.4850242128339963,1,2024-10-01 00:00:00
PMGD HP BOQUIAMARGO,Boquiamargo,Hidráulica,Pasada,Región del Bío-Bío,ernc,1.0,0.0,0.0,0.0,1,2024-10-01 00:00:00
PMGD HP AUXILIAR DEL MAIPO,AUXILIAR DEL MAIPO,Hidráulica,Pasada,Región Metropolitana,ernc,1.0,0.0,89.86051064368954,3.750080154696486,1,2024-10-01 00:00:00
PFV RUCASOL [EN_REVISION],PFV RUCASOL,Solar,(en blanco),Región Metropolitana,ernc,1.0,0.0,0.0,0.0,1,2024-10-01 00:00:00
PMGD HP ALTO HOSPICIO,Minihidro Alto Hospicio,Hidráulica,Pasada,Región de Tarapacá,ernc,1.0,0.0,22.87947958213025,0.9614383433495648,1,2024-10-01 00:00:00
HP PILMAIQUEN,HE Pilmaiquén,Hidráulica,Pasada,Región de los Ríos,convencional,0.0,0.0,610.7224827041172,24.3736683355816,1,2024-10-01 00:00:00
PFV URIBE SOLAR,PFV URIBE SOLAR,Solar,(en blanco),Región de Antofagasta,ernc,1.0,0.0,264.93857301225995,0.0,1,2024-10-01 00:00:00
PE LOS CERRILLOS,PE Los Cerrillos,Eólica,(en blanco),Región de O'Higgins,ernc,1.0,0.0,213.34964282414057,10.065644641048888,1,2024-10-01 00:00:00
PFV SDGX01,SDGx01 (Andacollo),Solar,(en blanco),Región de Coquimbo,ernc,1.0,0.0,1.2006733170237243,0.0,1,2024-10-01 00:00:00
PE MANANTIALES,PE Manantiales,Eólica,(en blanco),Región de O'Higgins,ernc,1.0,0.0,120.41752808650432,3.682064838872754,1,2024-10-01 00:00:00
PFV SANTIAGO SOLAR,Santiago Solar,Solar,(en blanco),Región Metropolitana,ernc,1.0,0.0,367.28596767755715,0.0,1,2024-10-01 00:00:00
PFV SALVADOR,EL SALVADOR (SOLAR),Solar,(en blanco),Región de Atacama,ernc,1.0,0.0,102.68758543845402,0.0,1,2024-10-01 00:00:00
BESS Tamaya,BESS Tamaya (inyección),Bess,(en blanco),Región de Antofagasta,ernc,1.0,0.0,337.8394545775504,63.345523083976644,1,2024-10-01 00:00:00
BESS Tamaya,BESS Tamaya (retiro),Bess,(en blanco),Región de Antofagasta,ernc,1.0,0.0,438.50590659901445,0.0,1,2024-10-01 00:00:00
PFV LOS LOROS,Parque Solar Los Loros,Solar,(en blanco),Región de Atacama,ernc,1.0,0.0,218.61259419709458,0.0,1,2024-10-01 00:00:00
PFV EL ROMERO,El Romero,Solar,(en blanco),Región de Atacama,ernc,1.0,0.0,890.0091018548106,0.0,1,2024-10-01 00:00:00
PFV DOÑA CARMEN SOLAR,PFV DOÑA CARMEN SOLAR,Solar,(en blanco),Región de Valparaíso,ernc,1.0,0.0,148.24313220852912,0.0,1,2024-10-01 00:00:00
BESS Punta Sierra,BESS Punta Sierra (Inyección),Bess,(en blanco),Región de Coquimbo,ernc,1.0,0.0,0.0,0.0,1,2024-10-01 00:00:00
PFV DIEGO DE ALMAGRO,PFV Diego de Almagro,Solar,(en blanco),Región de Atacama,ernc,1.0,0.0,144.47101687087962,0.0,1,2024-10-01 00:00:00
PMGD PFV ALTO BELLAVISTA SUNLIGHT,PMGD PFV Alto Bellavista Sunlight,Solar,(en blanco),Región de O'Higgins,ernc,1.0,0.0,4.6734828633138,0.0,1,2024-10-01 00:00:00
PFV CONEJO SOLAR,PFV CONEJO SOLAR,Solar,(en blanco),Región de Antofagasta,ernc,1.0,0.0,511.45681621918084,0.0,1,2024-10-01 00:00:00
PFV CHAÑARES,PFV Chañares,Solar,(en blanco),Región de Atacama,ernc,1.0,0.0,152.89574131199606,0.0,1,2024-10-01 00:00:00
PFV CERRO DOMINADOR,PFV CERRO DOMINADOR,Solar,(en blanco),Región de Antofagasta,ernc,1.0,0.0,508.9354022534311,0.0,1,2024-10-01 00:00:00
PFV CARRERA PINTO,PFV Carrera Pinto,Solar,(en blanco),Región de Atacama,ernc,1.0,0.0,371.8085038383466,0.0,1,2024-10-01 00:00:00
PMGD PFV PARQUE SOLAR EL PALQUI,PMGD PFV El Palqui,Solar,(en blanco),Región de Coquimbo,ernc,1.0,0.0,22.546763648435427,0.0,1,2024-10-01 00:00:00
PFV BOLERO,PFV BOLERO,Solar,(en blanco),Región de Antofagasta,ernc,1.0,0.0,675.4888025465721,0.0,1,2024-10-01 00:00:00
PMGD PFV FV CHICAUMA DEL VERANO,PMGD PFV FV CHICAUMA DEL VERANO,Solar,(en blanco),Región Metropolitana,ernc,1.0,0.0,56.11548456525558,0.0,1,2024-10-01 00:00:00
PFV ANTAY,PMG Antay,Solar,(en blanco),Región de Atacama,ernc,1.0,0.0,75.87254802492416,0.0,1,2024-10-01 00:00:00
PFV ANDES SOLAR,ANDES SOLAR,Solar,(en blanco),Región de Antofagasta,ernc,1.0,0.0,101.66701311898383,0.0,1,2024-10-01 00:00:00
PE VALLE DE LOS VIENTOS,PE Valle de los Vientos,Eólica,(en blanco),Región de Antofagasta,ernc,1.0,0.0,373.8396428663117,4.602581048590942,1,2024-10-01 00:00:00
PFV ANDES SOLAR IV,PFV Andes Solar IV,Solar,(en blanco),Región de Antofagasta,ernc,1.0,0.0,91.77146386451332,0.0,1,2024-10-01 00:00:00
PMGD PFV SAGRADA FAMILIA LA FORTUNA 15,PMGD PFV SAGRADA FAMILIA LA FORTUNA 15 [EN_REVISION],Solar,(en blanco),Región del Maule,ernc,1.0,0.0,13.568344880127327,0.0,1,2024-10-01 00:00:00
BESS Punta Sierra,BESS Punta Sierra (Retiro),Bess,(en blanco),Región de Coquimbo,ernc,1.0,0.0,0.0,0.0,1,2024-10-01 00:00:00
PFV ESPERANZA,PMG PFV ESPERANZA,Solar,(en blanco),Región de Atacama,ernc,1.0,0.0,0.0,0.0,1,2024-10-01 00:00:00
PFV FINIS TERRAE,PFV Finis Terrae,Solar,(en blanco),Región de Antofagasta,ernc,1.0,0.0,1366.2361618303205,0.0,1,2024-10-01 00:00:00
PFV HUATACONDO,Huatacondo,Solar,(en blanco),Región de Tarapacá,ernc,1.0,0.0,508.27503192906806,0.0,1,2024-10-01 00:00:00
PFV LLANO DE LLAMPOS,PFV LLANO DE LLAMPOS,Solar,(en blanco),Región de Atacama,ernc,1.0,0.0,515.3990269434088,0.0,1,2024-10-01 00:00:00
PFV LALACKAMA II,PFV Lalackama II,Solar,(en blanco),Región de Antofagasta,ernc,1.0,0.0,77.64354116753417,0.0,1,2024-10-01 00:00:00
PFV LALACKAMA,PFV Lalackama I,Solar,(en blanco),Región de Antofagasta,ernc,1.0,0.0,263.3176640342779,0.0,1,2024-10-01 00:00:00
PFV  DON OSCAR,PFV Don Oscar,Solar,(en blanco),Región de Coquimbo,ernc,1.0,0.0,83.8958713694833,0.0,1,2024-10-01 00:00:00
PFV LA SILLA,PFV La Silla,Solar,(en blanco),Región de Coquimbo,ernc,1.0,0.0,14.318029305507912,0.0,1,2024-10-01 00:00:00
PFV LA HUAYCA II,PFV LA HUAYCA II,Solar,(en blanco),Región de Tarapacá,ernc,1.0,0.0,94.41294516196551,0.0,1,2024-10-01 00:00:00
PFV DOÑA ANTONIA,PFV Doña Antonia,Solar,(en blanco),Región de Coquimbo,ernc,1.0,0.0,85.73808044646908,0.0,1,2024-10-01 00:00:00
PFV JAVIERA,JAVIERA (SOLAR),Solar,(en blanco),Región de Atacama,ernc,1.0,0.0,343.182450838306,0.0,1,2024-10-01 00:00:00
PMGD PFV CEFALU SOLAR [EN_REVISION],PMGD Cefalu Solar,Solar,(en blanco),Región Metropolitana,ernc,1.0,0.0,0.0,0.0,1,2024-10-01 00:00:00
PMGD PFV TABOLANGO,PMGD PFV Tabolango,Solar,(en blanco),Región de Valparaíso,ernc,1.0,0.0,71.54506403024752,0.0,1,2024-10-01 00:00:00
PMGD PFV MARIA DOLORES,PMGD PFV MARIA DOLORES,Solar,(en blanco),Región del Bío-Bío,ernc,1.0,0.0,52.40026816755667,0.0,1,2024-10-01 00:00:00
PMGD PFV SOLAR DEL BUENO,PMGD PFV Solar Del Bueno,Solar,(en blanco),Región de los Ríos,ernc,1.0,0.0,11.80195462173594,0.0,1,2024-10-01 00:00:00
PMGD PFV COINCO,PMGD PFV Coinco,Solar,(en blanco),Región de O'Higgins,ernc,1.0,0.0,11.800105694088996,0.0,1,2024-10-01 00:00:00
PMGD PFV RENGO SOLAR,PMGD PFV Rengo,Solar,(en blanco),Región de O'Higgins,ernc,1.0,0.0,30.92853187994556,0.0,1,2024-10-01 00:00:00
HE LOS CONDORES [EN_REVISION],HE Los Cóndores,Hidráulica,Embalse,Región del Maule,convencional,0.0,0.0,0.0,0.0,1,2024-10-01 00:00:00
PFV PEUMO YUNGAY [EN_REVISION],PFV PEUMO YUNGAY [EN_REVISION],Solar,(en blanco),Región de Ñuble,ernc,1.0,0.0,0.0,0.0,1,2024-10-01 00:00:00
PFV JAMA,PFV JAMA-2,Solar,(en blanco),Región de Antofagasta,ernc,1.0,0.0,49.55779116015421,0.0,1,2024-10-01 00:00:00
PFV JAMA,PFV JAMA-1,Solar,(en blanco),Región de Antofagasta,ernc,1.0,0.0,159.03918645076743,0.0,1,2024-10-01 00:00:00
PMGD PFV SGT TUCAPEL [EN_REVISION],PMGD PFV SGT TUCAPEL [EN_REVISION],Solar,(en blanco),Región de Ñuble,ernc,1.0,0.0,0.0,0.0,1,2024-10-01 00:00:00
PMGD PFV LA VENDIMIA,PMGD PFV La Vendimia,Solar,(en blanco),Región del Maule,ernc,1.0,0.0,57.08564662821764,0.0,1,2024-10-01 00:00:00
PMGD PFV ENCON SOLAR,Encon Solar I,Solar,(en blanco),Región de Valparaíso,ernc,1.0,0.0,68.94963430232646,0.0,1,2024-10-01 00:00:00
PMGD PFV ALAMEDA,PMGD PFV Alameda,Solar,(en blanco),Región de O'Higgins,ernc,1.0,0.0,35.98153343543922,0.0,1,2024-10-01 00:00:00
PMGD PFV TALLADO,PMGD PFV Tallado,Solar,(en blanco),Región de Antofagasta,ernc,1.0,0.0,79.84919762428314,0.0,1,2024-10-01 00:00:00
PMGD PFV OLIVIA,PMGD PFV Olivia,Solar,(en blanco),Región de Coquimbo,ernc,1.0,0.0,24.542477737001516,0.0,1,2024-10-01 00:00:00
PMGD TER SEPULTURA,Sepultura,Térmica,Diésel,Región de Valparaíso,convencional,0.0,0.0,0.0,0.0,1,2024-10-01 00:00:00
PMGD TER EL JARDIN,PMGD TER El Jardin,Térmica,Diésel,Región de los Lagos,convencional,0.0,0.0,0.0,0.0,1,2024-10-01 00:00:00
PMGD TER SALMOFOOD,PMGD TER Salmofood I,Térmica,Diésel,Región de los Lagos,convencional,0.0,0.0,0.0,0.0,1,2024-10-01 00:00:00
PMGD TER REY,Rey,Térmica,Diésel,Región de los Ríos,convencional,0.0,0.0,0.0,0.0,1,2024-10-01 00:00:00
PMGD TER RASO POWER,Raso Power,Térmica,Diésel,Región del Maule,convencional,0.0,0.0,0.0,0.0,1,2024-10-01 00:00:00
PMGD TER LAS DALIAS,PMGD TER Las Dalias,Térmica,Diésel,Región de los Lagos,convencional,0.0,0.0,0.0,0.0,1,2024-10-01 00:00:00
HP AILLIN,AILLIN,Hidráulica,Pasada,Región del Bío-Bío,ernc,1.0,0.0,59.9436153524094,2.5914532425762045,1,2024-10-01 00:00:00
PMGD TER RAMADILLA,Ramadilla,Térmica,Diésel,Región de Coquimbo,convencional,0.0,0.0,0.0,0.0,1,2024-10-01 00:00:00
PMGD PFV TIERRA,PMGD PFV Tierra,Solar,(en blanco),Región de Atacama,ernc,1.0,0.0,39.76306657763218,0.0,1,2024-10-01 00:00:00
PMGD TER PUNITAQUI,Punitaqui,Térmica,Diésel,Región de Coquimbo,convencional,0.0,0.0,0.0,0.0,1,2024-10-01 00:00:00
PMGD TER ORAFTI,PMGD TER ORAFTI,Térmica,Diésel,Región de Ñuble,convencional,0.0,0.0,0.0,0.0,1,2024-10-01 00:00:00
PMGD TER MULTIEXPORT II,Multiexport II,Térmica,Diésel,Región de los Lagos,convencional,0.0,0.0,0.0,0.0,1,2024-10-01 00:00:00
PMGD TER MULTIEXPORT,PMGD TER MULTIEXPORT,Térmica,Diésel,Región de los Lagos,convencional,0.0,0.0,0.0,0.0,1,2024-10-01 00:00:00
PMGD PFV NAN,PMGD PFV Nan,Solar,(en blanco),Región de O'Higgins,ernc,1.0,0.0,26.65242214357271,0.0,1,2024-10-01 00:00:00
PMGD PFV ROSARIO,PMGD PFV Rosario,Solar,(en blanco),Región de O'Higgins,ernc,1.0,0.0,0.0,0.0,1,2024-10-01 00:00:00
PMGD TER TAMM,Tamm,Térmica,Biomasa,Región de O'Higgins,ernc,1.0,0.0,0.0,0.0,1,2024-10-01 00:00:00
PMGD PFV INDEPENDENCIA,PMGD PFV Independencia,Solar,(en blanco),Región Metropolitana,ernc,1.0,0.0,19.210330058845184,0.0,1,2024-10-01 00:00:00
PMGD TER TAPIHUE,Tapihue,Térmica,Gas Natural,Región de Valparaíso,convencional,0.0,0.0,0.0,0.0,1,2024-10-01 00:00:00
PMGD TER TREBAL MAPOCHO,Trebal Mapocho,Térmica,BioGas,Región Metropolitana,ernc,1.0,0.0,0.0,0.0,1,2024-10-01 00:00:00
PMGD PFV EL GAVIOTIN,PMGD PFV El Gaviotin,Solar,(en blanco),Región de Coquimbo,ernc,1.0,0.0,90.83114952304206,0.0,1,2024-10-01 00:00:00
TER ANGAMOS,ANG1,Térmica,Carbón,Región de Antofagasta,convencional,0.0,0.0,4590.574315420706,268.9708342352646,1,2024-10-01 00:00:00
TER ANDINA,TER ANDINA,Térmica,Carbón,Región de Antofagasta,convencional,0.0,0.0,0.0,0.0,1,2024-10-01 00:00:00
TER AGUAS BLANCAS,AGB,Térmica,Diésel,Región de Antofagasta,convencional,0.0,0.0,0.0,0.0,1,2024-10-01 00:00:00
TER ACONCAGUA,Cogeneradora Aconcagua,Térmica,Cogeneracion,Región de Valparaíso,convencional,0.0,0.0,314.47635295046376,14.237984417706329,1,2024-10-01 00:00:00
PMGD PFV CARACOLES,PMGD PFV CARACOLES,Solar,(en blanco),Región del Maule,ernc,1.0,0.0,18.308798162904882,0.0,1,2024-10-01 00:00:00
PFV GUANCHOI,PFV GUANCHOI,Solar,(en blanco),Región de Atacama,ernc,1.0,0.0,1572.041573979162,0.0,1,2024-10-01 00:00:00
PMGD TER ZOFRI,Zofri,Térmica,Diésel,Región de Tarapacá,convencional,0.0,0.0,0.0,0.0,1,2024-10-01 00:00:00
PFV ANDES SOLAR II-B,Solar Andes IIB,Solar,(en blanco),Región de Antofagasta,ernc,1.0,0.0,242.02572387905715,0.0,1,2024-10-01 00:00:00
PMGD TER ZAPALLAR,ZAPALLAR,Térmica,Diésel,Región del Maule,convencional,0.0,0.0,0.0,0.0,1,2024-10-01 00:00:00
PMGD PFV PIDUCO,PMGD PFV Piduco,Solar,(en blanco),Región del Maule,ernc,1.0,0.0,19.811295648050603,0.0,1,2024-10-01 00:00:00
PMGD TER YUMBEL,Yumbel,Térmica,Diésel,Región del Bío-Bío,convencional,0.0,0.0,0.0,0.0,1,2024-10-01 00:00:00
PMGD PFV LA COLONIA,PMGD PFV Parque La Colonia,Solar,(en blanco),Región Metropolitana,ernc,1.0,0.0,55.98911169131316,0.0,1,2024-10-01 00:00:00
PMGD PFV HUAQUELON,PMGD PFV Huaquelon,Solar,(en blanco),Región de Coquimbo,ernc,1.0,0.0,47.11787143167631,0.0,1,2024-10-01 00:00:00
PMGD TER TRONGOL-CURANILAHUE,Trongol-Curanilahue,Térmica,Diésel,Región del Bío-Bío,convencional,0.0,0.0,0.0,0.0,1,2024-10-01 00:00:00
PMGD PFV MARAÑON,PMGD PFV Marañon,Solar,(en blanco),Región de Atacama,ernc,1.0,0.0,92.41763682033535,0.0,1,2024-10-01 00:00:00
PMGD PFV PARQUE SOLAR EL RECONQUISTADOR,PMGD PFV El Reconquistador,Solar,(en blanco),Región de Ñuble,ernc,1.0,0.0,16.708109244585863,0.0,1,2024-10-01 00:00:00
PMGD TER TOMAVAL,PMGD TER TOMAVAL,Térmica,Gas Natural,Región de Valparaíso,convencional,0.0,0.0,0.0,0.0,1,2024-10-01 00:00:00
PMGD TER MONTE PATRIA,Monte Patria,Térmica,Diésel,Región de Coquimbo,convencional,0.0,0.0,0.0,0.0,1,2024-10-01 00:00:00
PMGD TER MIMBRE,MIMBRE,Térmica,Diésel,Región de O'Higgins,convencional,0.0,0.0,0.0,0.0,1,2024-10-01 00:00:00
PMGD PFV VIOLETA,PMGD PFV Violeta,Solar,(en blanco),Región Metropolitana,ernc,1.0,0.0,37.55708109597165,0.0,1,2024-10-01 00:00:00
PMGD PFV DOÑA IGNA,PMGD PFV Doña Igna,Solar,(en blanco),Región Metropolitana,ernc,1.0,0.0,15.665202832839425,0.0,1,2024-10-01 00:00:00
PMGD TER ERMITAÑO,Ermitaño,Térmica,Diésel,Región de Valparaíso,convencional,0.0,0.0,0.0,0.0,1,2024-10-01 00:00:00
BESS Salvador,BESS Salvador (inyección),Bess,(en blanco),Región de Atacama,ernc,1.0,0.0,284.72351398496016,39.481095399927035,1,2024-10-01 00:00:00
BESS Salvador,BESS Salvador (retiro),Bess,(en blanco),Región de Atacama,ernc,1.0,0.0,278.51439926871495,0.0,1,2024-10-01 00:00:00
PMGD PFV PARQUE PVP ITIHUE,PMGD PFV Parque PVP Itihue,Solar,(en blanco),Región de Ñuble,ernc,1.0,0.0,58.12455052102003,0.0,1,2024-10-01 00:00:00
PMGD TER EL NOGAL,El Nogal,Térmica,Diésel,Región Metropolitana,convencional,0.0,0.0,0.000723696836786172,0.0,1,2024-10-01 00:00:00
PMGD PFV PARQUE EL INGENIO,PMGD PFV El Ingenio,Solar,(en blanco),Región de Valparaíso,ernc,1.0,0.0,19.47895518121116,0.0,1,2024-10-01 00:00:00
PMGD TER EL MOLLE,El Molle,Térmica,BioGas,Región de Valparaíso,ernc,1.0,0.0,27.033367598356595,1.6456095667489856,1,2024-10-01 00:00:00
PFV CARACAS II,PFV CARACAS II,Solar,(en blanco),Región de Coquimbo,ernc,1.0,0.0,84.92447662088408,0.0,1,2024-10-01 00:00:00
PMGD TER EL CANELO,El Canelo 1,Térmica,Diésel,Región de los Lagos,convencional,0.0,0.0,0.0,0.0,1,2024-10-01 00:00:00
PMGD TER EL CAMPESINO,El CAMPESINO I,Térmica,BioGas,Región Metropolitana,ernc,1.0,0.0,4.333296430591119,0.4302404398668925,1,2024-10-01 00:00:00
PMGD PFV GUARANA,PMGD PFV GUARANA,Solar,(en blanco),Región de O'Higgins,ernc,1.0,0.0,11.607105822868094,0.0,1,2024-10-01 00:00:00
PMGD PFV PARQUE SOLAR CANTILLANA,PMGD PFV CANTILLANA,Solar,(en blanco),Región Metropolitana,ernc,1.0,0.0,0.0,0.0,1,2024-10-01 00:00:00
PMGD TER CURAUMA,Curauma,Térmica,Diésel,Región de Valparaíso,convencional,0.0,0.0,0.0,0.0,1,2024-10-01 00:00:00
PMGD TER COPIULEMU,Copiulemu,Térmica,Diésel,Región del Bío-Bío,convencional,0.0,0.0,3.7041850879294143,0.0,1,2024-10-01 00:00:00
PMGD PFV YAHUTELA,PMGD PFV Yahutela,Solar,(en blanco),Región de Valparaíso,ernc,1.0,0.0,46.15253803374688,0.0,1,2024-10-01 00:00:00
PMGD PFV PARQUE EL TRIGAL,PMGD PFV El Trigal,Solar,(en blanco),Región de Ñuble,ernc,1.0,0.0,26.229987263129807,0.0,1,2024-10-01 00:00:00
PMGD TER ESTANCILLA,Estancilla,Térmica,Diésel,Región Metropolitana,convencional,0.0,0.0,0.0,0.0,1,2024-10-01 00:00:00
PMGD PFV PSF EL PERAL,PMGD PFV PSF El Peral,Solar,(en blanco),Región Metropolitana,ernc,1.0,0.0,48.96481509273572,0.0,1,2024-10-01 00:00:00
PMGD TER LOS PINOS,PMGD TER Los Pinos,Térmica,Diésel,Región del Bío-Bío,convencional,0.0,0.0,27.850021592924115,1.159377423494201,1,2024-10-01 00:00:00
PMGD TER ESTANDARTES,Estandartes,Térmica,Diésel,Región de Tarapacá,convencional,0.0,0.0,0.0,0.0,1,2024-10-01 00:00:00
PMGD TER LOUSIANA PACIFIC II,Louisiana Pacific II,Térmica,Diésel,Región de la Araucanía,convencional,0.0,0.0,0.0,0.0,1,2024-10-01 00:00:00
PMGD PFV LOS CISNES,PMGD PFV Los Cisnes,Solar,(en blanco),Región Metropolitana,ernc,1.0,0.0,44.876598192145806,0.0,1,2024-10-01 00:00:00
PE RENAICO II,PE Renaico II,Eólica,(en blanco),Región de la Araucanía,ernc,1.0,0.0,392.6501914996835,2.801571073055356,1,2024-10-01 00:00:00
PMGD PFV RIMINI,PMGD PFV Rimini,Solar,(en blanco),Región de Valparaíso,ernc,1.0,0.0,71.22748493012959,0.0,1,2024-10-01 00:00:00
PMGD PFV OLIVIER,PMGD PFV Olivier,Solar,(en blanco),Región de Coquimbo,ernc,1.0,0.0,23.028658277086336,0.0,1,2024-10-01 00:00:00
PMGD TER LOUSIANA PACIFIC,Louisiana Pacific,Térmica,Diésel,Región de los Ríos,convencional,0.0,0.0,0.0,0.0,1,2024-10-01 00:00:00
PMGD TER LOS SAUCES,Los Sauces,Térmica,Diésel,Región de la Araucanía,convencional,0.0,0.0,0.0,0.0,1,2024-10-01 00:00:00
PMGD TER LONQUIMAY,Lonquimay,Térmica,Diésel,Región de la Araucanía,convencional,0.0,0.0,0.0,0.0,1,2024-10-01 00:00:00
TER ANGAMOS,ANG2,Térmica,Carbón,Región de Antofagasta,convencional,0.0,0.0,4655.240579153409,267.87021702799285,1,2024-10-01 00:00:00
PMGD TER LEPANTO,PMGD Lepanto,Térmica,BioGas,Región Metropolitana,ernc,1.0,0.0,0.0,0.0,1,2024-10-01 00:00:00
PMGD PFV LOS NOGALES,PMGD PFV Los Nogales,Solar,(en blanco),Región de Coquimbo,ernc,1.0,0.0,38.02064961695538,0.0,1,2024-10-01 00:00:00
HP LA CONFIANZA  [EN_REVISION],La Confianza,Hidráulica,Pasada,Región del Bío-Bío,ernc,1.0,0.0,36.060221954612494,1.500841646279655,1,2024-10-01 00:00:00
PMGD TER HBS GNL,HBS-GNL,Térmica,Gas Natural,Región del Bío-Bío,convencional,0.0,0.0,0.0,0.0,1,2024-10-01 00:00:00
PFV VENEZIA SOLAR [EN_REVISION],PFV VENEZIA SOLAR,Solar,(en blanco),Región del Maule,ernc,1.0,0.0,18.370301750462982,0.0,1,2024-10-01 00:00:00
PMGD PFV CLEMENTINA,PMGD PFV Clementina,Solar,(en blanco),Región Metropolitana,ernc,1.0,0.0,42.275496630757715,0.0,1,2024-10-01 00:00:00
PMGD TER HBS,HBS,Térmica,Biomasa,Región del Bío-Bío,ernc,1.0,0.0,0.0,0.0,1,2024-10-01 00:00:00
PMGD PFV EL CHERCAN,PMGD PFV El Chercan,Solar,(en blanco),Región del Maule,ernc,1.0,0.0,50.908223097746365,0.0,1,2024-10-01 00:00:00
PMGD TER GAMI,PRP Gami,Térmica,Diésel,Región de los Lagos,convencional,0.0,0.0,0.0,0.0,1,2024-10-01 00:00:00
PMGD TER LEBU,PMGD TER Lebu,Térmica,Diésel,Región del Bío-Bío,convencional,0.0,0.0,0.0,0.0,1,2024-10-01 00:00:00
PMGD TER CONTULMO,PMGD TER Contulmo,Térmica,Diésel,Región del Bío-Bío,convencional,0.0,0.0,0.0,0.0,1,2024-10-01 00:00:00
PMGD PFV PARQUE FOTOVOLTAICO EL SHARON,PMGD PFV El Sharon,Solar,(en blanco),Región de O'Higgins,ernc,1.0,0.0,9.482176443781064,0.0,1,2024-10-01 00:00:00
PMGD PFV RINCONADA ALCONES,PMGD PFV Rinconada Alcones,Solar,(en blanco),Región de O'Higgins,ernc,1.0,0.0,74.01843072721226,0.0,1,2024-10-01 00:00:00
TER CANDELARIA,Candelaria 1 Diésel,Térmica,Diésel,Región de O'Higgins,convencional,0.0,0.0,0.0,0.0,1,2024-10-01 00:00:00
TER CAMPICHE,Campiche,Térmica,Carbón,Región de Valparaíso,convencional,0.0,0.0,2317.299501855787,258.1447631601007,1,2024-10-01 00:00:00
PFV VALLE DEL SOL,PFV VALLE DEL SOL,Solar,(en blanco),Región de Antofagasta,ernc,1.0,0.0,706.1660057965281,0.0,1,2024-10-01 00:00:00
TER CALLE CALLE,Calle Calle,Térmica,Diésel,Región de los Ríos,convencional,0.0,0.0,0.0,0.0,1,2024-10-01 00:00:00
TER ATACAMA,Atacama TG2A + TG2B + TV2C Gas Arg,Térmica,Gas Natural,Región de Antofagasta,convencional,0.0,0.0,0.0,0.0,1,2024-10-01 00:00:00
PMGD PFV SANTA ELIZABETH,PMGD PFV Santa Elizabeth,Solar,(en blanco),Región de O'Higgins,ernc,1.0,0.0,50.76449538340682,0.0,1,2024-10-01 00:00:00
TER ATACAMA,Atacama TG1A Gas Arg,Térmica,Gas Natural,Región de Antofagasta,convencional,0.0,0.0,0.0,0.0,1,2024-10-01 00:00:00
TER ATACAMA,Atacama TG1A + 0.5TV1C Gas Arg,Térmica,Gas Natural,Región de Antofagasta,convencional,0.0,0.0,0.0,0.0,1,2024-10-01 00:00:00
TER ATACAMA,Atacama TG2B + 0.5TV2C Gas Arg,Térmica,Gas Natural,Región de Antofagasta,convencional,0.0,0.0,0.0,0.0,1,2024-10-01 00:00:00
PE CAMPO LINDO,PE CAMPO LINDO,Eólica,(en blanco),Región del Bío-Bío,ernc,1.0,0.0,304.87096641427394,8.965027433777141,1,2024-10-01 00:00:00
PMGD PFV PATRICIA DEL VERANO SOLAR,PMGD PFV Patricia Del Verano,Solar,(en blanco),Región Metropolitana,ernc,1.0,0.0,47.5314215882183,0.0,1,2024-10-01 00:00:00
TER ATACAMA,Atacama TG1B + 0.5TV1C Gas Arg,Térmica,Gas Natural,Región de Antofagasta,convencional,0.0,0.0,0.0,0.0,1,2024-10-01 00:00:00
TER ATACAMA,Atacama TG2A + 0.5TV2C Gas Arg,Térmica,Gas Natural,Región de Antofagasta,convencional,0.0,0.0,0.0,0.0,1,2024-10-01 00:00:00
TER ATACAMA,Atacama TG2A Gas Arg,Térmica,Gas Natural,Región de Antofagasta,convencional,0.0,0.0,0.0,0.0,1,2024-10-01 00:00:00
PMGD PFV LOS JOTES,PMGD PFV Los Jotes,Solar,(en blanco),Región de Valparaíso,ernc,1.0,0.0,22.867903995139404,0.0,1,2024-10-01 00:00:00
PMGD PFV MALLOCO,PMGD PFV Malloco,Solar,(en blanco),Región Metropolitana,ernc,1.0,0.0,15.31823987655844,0.0,1,2024-10-01 00:00:00
TER ATACAMA,Atacama TG2B Gas Arg,Térmica,Gas Natural,Región de Antofagasta,convencional,0.0,0.0,0.0,0.0,1,2024-10-01 00:00:00
PMGD PFV LOS TAURETES,PMGD PFV Los Tauretes,Solar,(en blanco),Región Metropolitana,ernc,1.0,0.0,21.170997156259137,0.0,1,2024-10-01 00:00:00
TER ATACAMA,Atacama TG1B Gas Arg,Térmica,Gas Natural,Región de Antofagasta,convencional,0.0,0.0,0.0,0.0,1,2024-10-01 00:00:00
PFV COYA,PFV COYA,Solar,(en blanco),Región de Antofagasta,ernc,1.0,0.0,698.7418424529313,0.0,1,2024-10-01 00:00:00
TER CANDELARIA,Candelaria 2 Diésel,Térmica,Diésel,Región de O'Higgins,convencional,0.0,0.0,0.0,0.0,1,2024-10-01 00:00:00
PMGD PFV COLTAUCO ALMENDRO,PMGD PFV Coltauco Almendro,Solar,(en blanco),Región de O'Higgins,ernc,1.0,0.0,13.736935334965755,0.0,1,2024-10-01 00:00:00
PMGD PFV MITCHI,PMGD PFV MITCHI,Solar,(en blanco),Región de Antofagasta,ernc,1.0,0.0,0.0,0.0,1,2024-10-01 00:00:00
PFV CASTILLA,PFV CASTILLA,Solar,(en blanco),Región de Atacama,ernc,1.0,0.0,25.40424626602696,0.0,1,2024-10-01 00:00:00
TER CMPC CORDILLERA,CMPC Cordillera GNL,Térmica,Gas Natural,Región Metropolitana,convencional,0.0,0.0,0.0,0.0,1,2024-10-01 00:00:00
TER CHUYACA,Chuyaca,Térmica,Diésel,Región de los Lagos,convencional,0.0,0.0,0.0,0.0,1,2024-10-01 00:00:00
TER CENIZAS,Cenizas,Térmica,Diésel,Región de Atacama,convencional,0.0,0.0,0.0,0.0,1,2024-10-01 00:00:00
PE LLANOS DEL  VIENTO,llanos del viento,Eólica,(en blanco),Región de Antofagasta,ernc,1.0,0.0,825.6430064513638,0.0,1,2024-10-01 00:00:00
PMGD PFV PELUMPEN SOLAR,PMGD PFV Pelumpen,Solar,(en blanco),Región de Valparaíso,ernc,1.0,0.0,22.45157233307679,0.0,1,2024-10-01 00:00:00
TER CEMENTOS BIO BIO CENTRO,Cementos Bío Bío Fuel Oil,Térmica,Fuel Oil,Región del Maule,convencional,0.0,0.0,0.0,0.0,1,2024-10-01 00:00:00
TER CEMENTOS BIO BIO CENTRO,Cementos Bío Bío Diésel,Térmica,Diésel,Región del Maule,convencional,0.0,0.0,0.0,0.0,1,2024-10-01 00:00:00
TER CELCO,CELCO,Térmica,Biomasa,Región del Maule,ernc,1.0,0.0,84.51739590749497,2.3713298011218553,1,2024-10-01 00:00:00
PMGD PFV MAIKONO,PMGD PFV Maikono,Solar,(en blanco),Región de Valparaíso,ernc,1.0,0.0,22.351980947234015,0.0,1,2024-10-01 00:00:00
TER CARDONES,TER Cardones,Térmica,Diésel,Región de Atacama,convencional,0.0,0.0,0.0,0.0,1,2024-10-01 00:00:00
TER CANDELARIA,Candelaria 2 Gas Arg,Térmica,Gas Natural,Región de O'Higgins,convencional,0.0,0.0,0.0,0.0,1,2024-10-01 00:00:00
TER CANDELARIA,Candelaria 1 Gas Arg,Térmica,Gas Natural,Región de O'Higgins,convencional,0.0,0.0,715.4011847266355,100.056109751977,1,2024-10-01 00:00:00
PMGD PFV PSF LA GAMBOINA,PMGD PFV La Gamboina,Solar,(en blanco),Región de O'Higgins,ernc,1.0,0.0,22.548577362435157,0.0,1,2024-10-01 00:00:00
TER CANDELARIA,Candelaria 2 GNL,Térmica,Gas Natural,Región de O'Higgins,convencional,0.0,0.0,0.0,0.0,1,2024-10-01 00:00:00
TER CANDELARIA,Candelaria 1 GNL,Térmica,Gas Natural,Región de O'Higgins,convencional,0.0,0.0,0.0,0.0,1,2024-10-01 00:00:00
TER ATACAMA,Atacama TG1A + TG1B + TV1C Gas Arg,Térmica,Gas Natural,Región de Antofagasta,convencional,0.0,0.0,0.0,0.0,1,2024-10-01 00:00:00
TER ATACAMA,Atacama TG1A + TG1B + TV1C Diésel,Térmica,Gas Natural,Región de Antofagasta,convencional,0.0,0.0,0.0,0.0,1,2024-10-01 00:00:00
PMGD PFV NEWENTUN,PMGD PFV Newentun,Solar,(en blanco),Región de O'Higgins,ernc,1.0,0.0,41.95895620000779,0.0,1,2024-10-01 00:00:00
TER ATACAMA,Atacama TG2B Diésel,Térmica,Gas Natural,Región de Antofagasta,convencional,0.0,0.0,0.0,0.0,1,2024-10-01 00:00:00
PMGD TER CENTRAL LA GLORIA 21 [EN_REVISION],PMGD TER La Gloria-21,Térmica,Biomasa,Región del Maule,ernc,1.0,0.0,0.0,0.0,1,2024-10-01 00:00:00
TER ATACAMA,Atacama TG1B Diésel,Térmica,Gas Natural,Región de Antofagasta,convencional,0.0,0.0,0.0,0.0,1,2024-10-01 00:00:00
PMGD PFV PSF COYUNCHE,PMGD PFV Coyunche,Solar,(en blanco),Región del Bío-Bío,ernc,1.0,0.0,15.552770438679207,0.0,1,2024-10-01 00:00:00
TER ATACAMA,Atacama TG2B GNL,Térmica,Gas Natural,Región de Antofagasta,convencional,0.0,0.0,29.216384047577286,0.0,1,2024-10-01 00:00:00
TER ATACAMA,Atacama TG2B + 0.5TV2C GNL,Térmica,Gas Natural,Región de Antofagasta,convencional,0.0,0.0,502.3817270646765,0.0,1,2024-10-01 00:00:00
TER ATACAMA,Atacama TG2A + 0.5TV2C GNL,Térmica,Gas Natural,Región de Antofagasta,convencional,0.0,0.0,0.0,0.0,1,2024-10-01 00:00:00
TER ATACAMA,Atacama TG1B + 0.5TV1C Diésel,Térmica,Gas Natural,Región de Antofagasta,convencional,0.0,0.0,0.0,0.0,1,2024-10-01 00:00:00
TER ARICA,TER ARICA GMAR,Térmica,Diésel,Arica y Parinacota,convencional,0.0,0.0,0.0,0.0,1,2024-10-01 00:00:00
TER ARICA,TER ARICA M1AR,Térmica,Diésel,Arica y Parinacota,convencional,0.0,0.0,0.0,0.0,1,2024-10-01 00:00:00
PMGD PFV LIQUIDAMBAR,PMGD PFV Liquidambar,Solar,(en blanco),Región de Valparaíso,ernc,1.0,0.0,68.98486349085178,0.0,1,2024-10-01 00:00:00
PMGD PFV REN,PMGD PFV REN,Solar,(en blanco),Región de la Araucanía,ernc,1.0,0.0,38.07010946899295,0.0,1,2024-10-01 00:00:00
PMGD PFV LOCKMA,PMGD PFV Lockma,Solar,(en blanco),Región de Antofagasta,ernc,1.0,0.0,70.90576228838454,0.0,1,2024-10-01 00:00:00
TER ARICA,TER ARICA M2AR,Térmica,Diésel,Arica y Parinacota,convencional,0.0,0.0,0.0,0.0,1,2024-10-01 00:00:00
TER ARAUCO,TER ARAUCO,Térmica,Biomasa,Región del Bío-Bío,ernc,0.625,0.0,102.79764715918118,0.0400224439007908,1,2024-10-01 00:00:00
PMGD PFV COLCHAGUA,PMGD PFV Colchagua,Solar,(en blanco),Región de O'Higgins,ernc,1.0,0.0,10.21608483953454,0.0,1,2024-10-01 00:00:00
TER ANTILHUE,Antilhue TG2,Térmica,Diésel,Región de los Ríos,convencional,0.0,0.0,0.0,0.0,1,2024-10-01 00:00:00
TER ATACAMA,Atacama TG1A Diésel,Térmica,Gas Natural,Región de Antofagasta,convencional,0.0,0.0,0.0,0.0,1,2024-10-01 00:00:00
TER ATACAMA,Atacama TG1A + TG1B + TV1C GNL,Térmica,Gas Natural,Región de Antofagasta,convencional,0.0,0.0,0.0,0.0,1,2024-10-01 00:00:00
HP PALMUCHO,PALMUCHO,Hidráulica,Pasada,Región del Bío-Bío,ernc,0.3,0.0,688.169343576712,28.486934985041476,1,2024-10-01 00:00:00
HP CIPRESILLOS,Cipresillos,Hidráulica,Pasada,Región de O'Higgins,ernc,1.0,0.0,34.41930175468009,2.00112219503954,1,2024-10-01 00:00:00
TER ATACAMA,Atacama TG1A + 0.5TV1C GNL,Térmica,Gas Natural,Región de Antofagasta,convencional,0.0,0.0,882.995168561197,116.06508731229333,1,2024-10-01 00:00:00
TER ATACAMA,Atacama TG1B GNL,Térmica,Gas Natural,Región de Antofagasta,convencional,0.0,0.0,0.0,0.0,1,2024-10-01 00:00:00
TER ATACAMA,Atacama TG2A + 0.5TV2C Diésel,Térmica,Gas Natural,Región de Antofagasta,convencional,0.0,0.0,0.0,0.0,1,2024-10-01 00:00:00
PMGD PFV PARANAL,PMGD PFV Paranal,Solar,(en blanco),Región de Antofagasta,ernc,1.0,0.0,18.482838190570376,0.0,1,2024-10-01 00:00:00
PMGD PFV AYLA SOLAR,PMGD PFV Ayla,Solar,(en blanco),Región de O'Higgins,ernc,1.0,0.0,40.82721958770691,0.0,1,2024-10-01 00:00:00
TER ATACAMA,Atacama TG1B + 0.5TV1C GNL,Térmica,Gas Natural,Región de Antofagasta,convencional,0.0,0.0,0.0,0.0,1,2024-10-01 00:00:00
TER ATACAMA,Atacama TG2A Diésel,Térmica,Gas Natural,Región de Antofagasta,convencional,0.0,0.0,0.0,0.0,1,2024-10-01 00:00:00
TER ATACAMA,Atacama TG2A GNL,Térmica,Gas Natural,Región de Antofagasta,convencional,0.0,0.0,71.13989403365565,0.0,1,2024-10-01 00:00:00
TER ANTILHUE,Antilhue TG1,Térmica,Diésel,Región de los Ríos,convencional,0.0,0.0,0.0,0.0,1,2024-10-01 00:00:00
PMGD PFV ARMAZONES,PMGD PFV Armazones,Solar,(en blanco),Región de Antofagasta,ernc,1.0,0.0,44.85274417272042,0.0,1,2024-10-01 00:00:00
TER ATACAMA,Atacama TG2A + TG2B + TV2C Diésel,Térmica,Gas Natural,Región de Antofagasta,convencional,0.0,0.0,0.0,0.0,1,2024-10-01 00:00:00
TER ATACAMA,Atacama TG2A + TG2B + TV2C GNL,Térmica,Gas Natural,Región de Antofagasta,convencional,0.0,0.0,0.0,0.0,1,2024-10-01 00:00:00
PMGD PFV QUEMADOS,PMGD PFV Quemados,Solar,(en blanco),Región de O'Higgins,ernc,1.0,0.0,22.158336049893517,0.0,1,2024-10-01 00:00:00
PMGD PFV CABRERO SOLAR,PMGD PFV Cabrero,Solar,(en blanco),Región del Bío-Bío,ernc,1.0,0.0,45.80953345685725,0.0,1,2024-10-01 00:00:00
PMGD PFV PARQUE SOLAR NANCAGUA,PMGD PFV NANCAGUA,Solar,(en blanco),Región de O'Higgins,ernc,1.0,0.0,38.16662038696212,0.0,1,2024-10-01 00:00:00
TER ATACAMA,Atacama TG1A + 0.5TV1C Diésel,Térmica,Gas Natural,Región de Antofagasta,convencional,0.0,0.0,0.0,0.0,1,2024-10-01 00:00:00
PMGD PFV ITAHUE SOLAR,PMGD PFV Itahue Solar,Solar,(en blanco),Región del Maule,ernc,1.0,0.0,22.263869179364313,0.0,1,2024-10-01 00:00:00
PMGD PFV PSF CHAMPA,PMGD PFV Champa,Solar,(en blanco),Región Metropolitana,ernc,1.0,0.0,46.3825874435142,0.0,1,2024-10-01 00:00:00
TER ATACAMA,Atacama TG1A GNL,Térmica,Gas Natural,Región de Antofagasta,convencional,0.0,0.0,21.512063596675056,0.0,1,2024-10-01 00:00:00
PMGD PFV PARQUE LA TRAVESIA,PMGD PFV Parque La Travesía,Solar,(en blanco),Región de Atacama,ernc,1.0,0.0,1.7209944144799412,0.0,1,2024-10-01 00:00:00
PMGD TER COELEMU,Energía León (Coelemu),Térmica,Biomasa,Región de Ñuble,ernc,1.0,0.0,37.19728840409477,0.9799117155001421,1,2024-10-01 00:00:00
PMGD TER CIRUELILLO,Ciruelillo,Térmica,Diésel,Región de los Lagos,convencional,0.0,0.0,0.0,0.0,1,2024-10-01 00:00:00
PMGD PFV EA MAITEN [En_Revision],PMGD PFV Ea Maiten,Solar,(en blanco),Región Metropolitana,ernc,1.0,0.0,17.644053603946023,0.0,1,2024-10-01 00:00:00
TER RENCA [No_Mostrar],Renca U-1,Térmica,Diésel,Región Metropolitana,convencional,0.0,0.0,0.0,0.0,1,2024-10-01 00:00:00
TER RENCA [No_Mostrar],Renca U-2,Térmica,Diésel,Región Metropolitana,convencional,0.0,0.0,0.0,0.0,1,2024-10-01 00:00:00
PMGD PFV LUNA,Luna,Solar,(en blanco),Región de O'Higgins,ernc,1.0,0.0,15.945924610902646,0.0,1,2024-10-01 00:00:00
PMGD HP TRANCA DEL TORO,PMGD HP Tranca del Toro,Hidráulica,Pasada,Región de los Ríos,ernc,1.0,0.0,0.0,0.0,1,2024-10-01 00:00:00
PMGD PFV SOL DEL MAULE,PMGD PFV Sol del Maule,Solar,(en blanco),Región del Maule,ernc,1.0,0.0,16.055404992925034,0.0,1,2024-10-01 00:00:00
PMGD PFV LUDERS,Luders,Solar,(en blanco),Región de O'Higgins,ernc,1.0,0.0,13.91843545792487,0.0,1,2024-10-01 00:00:00
PFV TAIRA [EN_REVISION],PFV TAIRA,Solar,(en blanco),Región de Antofagasta,ernc,1.0,0.0,0.0,0.0,1,2024-10-01 00:00:00
PMGD PFV LUCE SOLAR,Solar Luce,Solar,(en blanco),Región Metropolitana,ernc,1.0,0.0,17.772640576416958,0.0,1,2024-10-01 00:00:00
PMGD PFV LOS LIRIOS,PMGD PFV Los Lirios,Solar,(en blanco),Región de O'Higgins,ernc,1.0,0.0,44.6498398456504,0.0,1,2024-10-01 00:00:00
PFV MESETA DE LOS ANDES,PFV Meseta de Los Andes,Solar,(en blanco),Región de Valparaíso,ernc,1.0,0.0,715.6113025571148,0.0,1,2024-10-01 00:00:00
PMGD PFV LOS PUQUIOS,Solar Los Puquios,Solar,(en blanco),Región de Tarapacá,ernc,1.0,0.0,0.0,0.0,1,2024-10-01 00:00:00
PMGD PFV LOS PATOS,Los Patos,Solar,(en blanco),Región del Maule,ernc,1.0,0.0,19.863094455534316,0.0,1,2024-10-01 00:00:00
PMGD PFV LOS LIBERTADORES,Los Libertadores,Solar,(en blanco),Región de O'Higgins,ernc,1.0,0.0,10.379840822984246,0.0,1,2024-10-01 00:00:00
PMGD PFV LAS GOLONDRINAS,PMGD PFV Golondrinas,Solar,(en blanco),Región del Maule,ernc,1.0,0.0,27.81346066818396,0.0,1,2024-10-01 00:00:00
PFV PATAGUILLA [EN_REVISION],PFV PATAGUILLA,Solar,(en blanco),Región Metropolitana,ernc,1.0,0.0,0.0,0.0,1,2024-10-01 00:00:00
PMGD PFV LOS GORRIONES,PFV LOS GORRIONES,Solar,(en blanco),Región del Maule,ernc,1.0,0.0,19.38380006525253,0.0,1,2024-10-01 00:00:00
PE PUNTA DE TALCA [En_Revision],PE PUNTA DE TALCA,Eólica,(en blanco),Región Metropolitana,ernc,1.0,0.0,982.85116609367,2.87161034988174,1,2024-10-01 00:00:00
PE LA CABAÑA,PE LA CABAÑA,Eólica,(en blanco),Región de la Araucanía,ernc,1.0,0.0,507.6746952705561,9.085094765479512,1,2024-10-01 00:00:00
PMGD PFV LUNA DEL NORTE,Luna del Norte,Solar,(en blanco),Región de Coquimbo,ernc,1.0,0.0,21.014185189595068,0.0,1,2024-10-01 00:00:00
PMGD PFV MALAQUITA SOLAR II,MALAQUITA SOLAR 2,Solar,(en blanco),Región de Atacama,ernc,1.0,0.0,90.91594389297185,0.0,1,2024-10-01 00:00:00
PFV CHERCAN SOLAR,PFV CHERCÁN SOLAR,Solar,(en blanco),Región de Coquimbo,ernc,1.0,0.0,74.57181859814845,0.0,1,2024-10-01 00:00:00
PMGD PFV POCILLAS,PMGD PFV Pocillas,Solar,(en blanco),Región del Maule,ernc,1.0,0.0,17.116126893692467,0.0,1,2024-10-01 00:00:00
PMGD PFV PENCAHUE,PMGD PFV Pencahue,Solar,(en blanco),Región Metropolitana,ernc,1.0,0.0,0.0,0.0,1,2024-10-01 00:00:00
PMGD PFV OCOA,Ocoa,Solar,(en blanco),Región de Valparaíso,ernc,1.0,0.0,27.625371068359126,0.0,1,2024-10-01 00:00:00
PMGD PFV ÑILHUE,Ñilhue,Solar,(en blanco),Región de Valparaíso,ernc,1.0,0.0,6.760450201338646,0.0,1,2024-10-01 00:00:00
PMGD PFV TIJERAL,PMGD PFV Tijeral,Solar,(en blanco),Región Metropolitana,ernc,1.0,0.0,22.78791954272895,0.0,1,2024-10-01 00:00:00
PMGD PFV BLU,PMGD PFV Blu,Solar,(en blanco),Región de Ñuble,ernc,1.0,0.0,19.982699639071914,0.0,1,2024-10-01 00:00:00
PMGD PFV CENTAURO SOLAR,PMGD PFV Centauro Solar,Solar,(en blanco),Región de Ñuble,ernc,1.0,0.0,56.34185471435654,0.0,1,2024-10-01 00:00:00
PMGD PFV NORTE CHICO,Norte Chico I,Solar,(en blanco),Región de Coquimbo,ernc,1.0,0.0,18.16439107048174,0.0,1,2024-10-01 00:00:00
PMGD PFV EL CARPINTERO,PMGD PFV El Carpintero,Solar,(en blanco),Región del Maule,ernc,1.0,0.0,60.39483853093664,0.0,1,2024-10-01 00:00:00
PMGD PFV MOSTAZAL,Mostazal,Solar,(en blanco),Región de O'Higgins,ernc,1.0,0.0,45.671777214216704,0.0,1,2024-10-01 00:00:00
PMGD PFV MONTT SOLAR,Montt Solar,Solar,(en blanco),Región de Valparaíso,ernc,1.0,0.0,15.567385309348266,0.0,1,2024-10-01 00:00:00
PMGD PFV RUCAPAINE,PMGD PFV Rucapaine,Solar,(en blanco),Región Metropolitana,ernc,1.0,0.0,53.94514205696381,0.0,1,2024-10-01 00:00:00
PMGD PFV MARCHIHUE VII,PFV MARCHIHUE VII,Solar,(en blanco),Región de O'Higgins,ernc,1.0,0.0,15.624412602377088,0.0,1,2024-10-01 00:00:00
PMGD PFV MACARENA SOLAR,PMGD PFV Macarena Solar,Solar,(en blanco),Región Metropolitana,ernc,1.0,0.0,2.3143054388365467,0.0,1,2024-10-01 00:00:00
PMGD PFV EA SF GRANEROS [En_Revision],PMGD PFV EA SF Graneros,Solar,(en blanco),Región Metropolitana,ernc,1.0,0.0,10.907202536697426,0.0,1,2024-10-01 00:00:00
PMGD PFV MARCHIGUE II,PFV MARCHIGUE II,Solar,(en blanco),Región de O'Higgins,ernc,1.0,0.0,76.78149805712816,0.0,1,2024-10-01 00:00:00
PMGD PFV EL MIRLO,PMGD PFV El Mirlo,Solar,(en blanco),Región de O'Higgins,ernc,1.0,0.0,47.8539099604719,0.0,1,2024-10-01 00:00:00
PMGD PFV LO MIGUEL,PMGD PFV Lo Miguel,Solar,(en blanco),Región de O'Higgins,ernc,1.0,0.0,29.486412159115545,0.0,1,2024-10-01 00:00:00
PMGD PFV LOMAS COLORADAS,LOMAS COLORADAS,Solar,(en blanco),Región de Coquimbo,ernc,1.0,0.0,7.818566582775479,0.0,1,2024-10-01 00:00:00
PMGD PFV LO SIERRA,Lo Sierra,Solar,(en blanco),Región Metropolitana,ernc,1.0,0.0,16.226624788552726,0.0,1,2024-10-01 00:00:00
PMGD PFV LA CHAPEANA,La Chapeana,Solar,(en blanco),Región de Coquimbo,ernc,1.0,0.0,1.8607343741550078,0.0,1,2024-10-01 00:00:00
BESS La Cabaña,BESS La Cabaña (Inyección),Bess,(en blanco),Región de la Araucanía,ernc,1.0,0.0,112.99336474290764,0.0,1,2024-10-01 00:00:00
BESS La Cabaña,BESS La Cabaña (Retiro),Bess,(en blanco),Región de la Araucanía,ernc,1.0,0.0,134.22527123227712,0.4202356609583034,1,2024-10-01 00:00:00
PMGD PFV LA BLANQUINA,LA BLANQUINA,Solar,(en blanco),Región de O'Higgins,ernc,1.0,0.0,41.571570584292004,0.0,1,2024-10-01 00:00:00
PMGD PFV LA ACACIA,LA ACACIA,Solar,(en blanco),Región de O'Higgins,ernc,1.0,0.0,34.020715495635436,0.0,1,2024-10-01 00:00:00
PMGD PFV JAURURO SOLAR,PMGD PFV JAURURO SOLAR,Solar,(en blanco),Región de Valparaíso,ernc,1.0,0.0,21.382720658871715,0.0,1,2024-10-01 00:00:00
PMGD PFV LOMA TENDIDA DEL VERANO SOLAR,PMGD PFV Loma Tendida del Verano,Solar,(en blanco),Región Metropolitana,ernc,1.0,0.0,10.409132924192708,0.0,1,2024-10-01 00:00:00
PMGD PVF DOÑA RUBENA [EN_REVISION],PMGD PFV Dona Rubena,Solar,(en blanco),Región Metropolitana,ernc,1.0,0.0,0.0,0.0,1,2024-10-01 00:00:00
PFV QUILMO,PFV QUILMO,Solar,(en blanco),Región Metropolitana,ernc,1.0,0.0,63.55564091445579,0.0,1,2024-10-01 00:00:00
PMGD PFV ILLAPEL 5X,PMGD PFV ILLAPEL 5X,Solar,(en blanco),Región de Coquimbo,ernc,1.0,0.0,19.551956375830287,0.0,1,2024-10-01 00:00:00
PMGD PFV HORNITOS,Solar Hornitos,Solar,(en blanco),Región de Atacama,ernc,1.0,0.0,0.3131000318331632,0.0,1,2024-10-01 00:00:00
PMGD PFV HORMIGA SOLAR,Hormiga Solar,Solar,(en blanco),Región de Valparaíso,ernc,1.0,0.0,12.36920298770028,0.0,1,2024-10-01 00:00:00
PMGD PFV AVELLANO SOLAR,PMGD PFV Avellano,Solar,(en blanco),Región del Bío-Bío,ernc,1.0,0.0,36.99785663417528,0.0,1,2024-10-01 00:00:00
PMGD PFV ENAMI SOLAR,PMGD PFV Enami Solar,Solar,(en blanco),Región Metropolitana,ernc,1.0,0.0,45.770260210393545,0.0,1,2024-10-01 00:00:00
PMGD PFV GR SANTA ROSA,GR Santa Rosa,Solar,(en blanco),Región Metropolitana,ernc,1.0,0.0,52.02745834269465,0.0,1,2024-10-01 00:00:00
PMGD PFV FRANCISCO,PMGD PFV Francisco,Solar,(en blanco),Región de O'Higgins,ernc,1.0,0.0,13.24240594515727,0.0,1,2024-10-01 00:00:00
PMGD PFV SGT CATAPILCO,PMGD PFV SGT CATAPILCO,Solar,(en blanco),Región Metropolitana,ernc,1.0,0.0,9.724070938869264,0.0,1,2024-10-01 00:00:00
PMGD PFV LA ESPERANZA II,LA ESPERANZA II,Solar,(en blanco),Región de O'Higgins,ernc,1.0,0.0,58.57717668941993,0.0,1,2024-10-01 00:00:00
PMGD PFV LA FRONTERA,La Frontera,Solar,(en blanco),Región de O'Higgins,ernc,1.0,0.0,30.603048711461536,0.0,1,2024-10-01 00:00:00
PMGD PFV LA LAJUELA,La Lajuela,Solar,(en blanco),Región de O'Higgins,ernc,1.0,0.0,34.55208121422594,0.0,1,2024-10-01 00:00:00
PMGD PFV LA LIGUA,La Ligua,Solar,(en blanco),Región de Valparaíso,ernc,1.0,0.0,22.24002442723588,0.0,1,2024-10-01 00:00:00
PMGD PFV LIPANGUE,PMGD PFV LIPANGUE,Solar,(en blanco),Región Metropolitana,ernc,1.0,0.0,13.984741217658836,0.0,1,2024-10-01 00:00:00
PFV LAS SALINAS,PFV LAS SALINAS,Solar,(en blanco),Región de Antofagasta,ernc,1.0,0.0,1021.8730488969412,0.0,1,2024-10-01 00:00:00
PMGD PFV LAS TURCAS,PMGD LAS TURCAS,Solar,(en blanco),Región Metropolitana,ernc,1.0,0.0,9.452816889946325,0.0,1,2024-10-01 00:00:00
PMGD PFV LOS ROBLES,PMGD PFV Los Robles,Solar,(en blanco),Región del Maule,ernc,1.0,0.0,12.395936326098402,0.0,1,2024-10-01 00:00:00
PMGD PFV LAS TERRAZAS,SOLAR_LAS_TERRAZAS,Solar,(en blanco),Región de Atacama,ernc,1.0,0.0,6.24937739696673,0.0,1,2024-10-01 00:00:00
PMGD PFV EL CARDENAL,PMGD PFV El Cardenal,Solar,(en blanco),Región de O'Higgins,ernc,1.0,0.0,20.51429039275825,0.0,1,2024-10-01 00:00:00
PMGD PFV LAS PERDICES,Las Perdices,Solar,(en blanco),Región del Maule,ernc,1.0,0.0,16.12365895427709,0.0,1,2024-10-01 00:00:00
PMGD PFV LAS PALOMAS,Las Palomas,Solar,(en blanco),Región de Ñuble,ernc,1.0,0.0,21.83721132144799,0.0,1,2024-10-01 00:00:00
PMGD PFV OLIVILLO,Olivillo,Solar,(en blanco),Región de Valparaíso,ernc,1.0,0.0,0.0,0.0,1,2024-10-01 00:00:00
PMGD PFV LAS LECHUZAS,Las Lechuzas,Solar,(en blanco),Región de Ñuble,ernc,1.0,0.0,20.60088624582891,0.0,1,2024-10-01 00:00:00
PMGD PFV ENCINO,PMGD PFV ENCINO,Solar,(en blanco),Región de O'Higgins,ernc,1.0,0.0,10.50628868137666,0.0,1,2024-10-01 00:00:00
PMGD PFV SOFIA,PMGD PFV Sofia,Solar,(en blanco),Región de Coquimbo,ernc,1.0,0.0,19.877641534987216,0.0,1,2024-10-01 00:00:00
PMGD PFV LAS CODORNICES,Las Codornices,Solar,(en blanco),Región de Ñuble,ernc,1.0,0.0,5.960436707378749,0.0,1,2024-10-01 00:00:00
PMGD PFV POMUYETO,PMGD PFV Pomuyeto,Solar,(en blanco),Región de Ñuble,ernc,1.0,0.0,20.109519602034197,0.0,1,2024-10-01 00:00:00
PMGD PFV RECOLETA,PMGD PFV Recoleta,Solar,(en blanco),Región de Coquimbo,ernc,1.0,0.0,45.27746959335904,0.0,1,2024-10-01 00:00:00
PFV WILLKA,PFV WILLKA,Solar,(en blanco),Arica y Parinacota,ernc,1.0,0.0,468.18254875145084,0.0,1,2024-10-01 00:00:00
PMGD PFV LAGUNILLA,Solar Lagunilla,Solar,(en blanco),Región de Coquimbo,ernc,1.0,0.0,9.667933580800721,0.0,1,2024-10-01 00:00:00
PMGD PFV LA MANGA,La Manga,Solar,(en blanco),Región Metropolitana,ernc,1.0,0.0,15.075256164155835,0.0,1,2024-10-01 00:00:00
PMGD PFV TAMARAMA [En_Revision],PMGD PFV TAMARAMA,Solar,(en blanco),Región de Atacama,ernc,1.0,0.0,15.585676704949513,0.0,1,2024-10-01 00:00:00
PMGD PFV PAMA,PAMA,Solar,(en blanco),Región de Coquimbo,ernc,1.0,0.0,8.39300275233692,0.0,1,2024-10-01 00:00:00
PMGD PFV PANQUEHUE II,PANQUEHUE_II,Solar,(en blanco),Región de Valparaíso,ernc,1.0,0.0,38.257803767839775,0.0,1,2024-10-01 00:00:00
PMGD PFV PELLIN,PMGD PFV Pellin,Solar,(en blanco),Región de Ñuble,ernc,1.0,0.0,50.729427148241406,0.0,1,2024-10-01 00:00:00
PMGD PFV VITUCO 2B,Vituco 2B,Solar,(en blanco),Región de O'Higgins,ernc,1.0,0.0,20.336582259582038,0.0,1,2024-10-01 00:00:00
PMGD PFV PAILLIHUE,PMGD PFV Paillihue,Solar,(en blanco),Región Metropolitana,ernc,1.0,0.0,51.03426582084585,0.0,1,2024-10-01 00:00:00
PMGD PFV VILLA SECA,PMGD PFV VILLA SECA,Solar,(en blanco),Región del Maule,ernc,1.0,0.0,13.508828016389913,0.0,1,2024-10-01 00:00:00
PMGD LAJA ANDINO,PMGD PFV Laja Andino,Solar,(en blanco),Región Metropolitana,ernc,1.0,0.0,55.14348481014726,0.0,1,2024-10-01 00:00:00
PMGD PFV CARA DE GALLO,PMGD PFV Cara De Gallo,Solar,(en blanco),Región de O'Higgins,ernc,1.0,0.0,5.092241393522488,0.0,1,2024-10-01 00:00:00
PMGD PFV CONDOR CHEPICA,PMGD PFV Condor Chepica,Solar,(en blanco),Región Metropolitana,ernc,1.0,0.0,16.70139604743993,0.0,1,2024-10-01 00:00:00
PMGD PFV VILLA PRAT,Villa Prat,Solar,(en blanco),Región del Maule,ernc,1.0,0.0,13.84761941520148,0.0,1,2024-10-01 00:00:00
PMGD PFV VALLE SOLAR OESTE II,VALLE SOLAR OESTE 2,Solar,(en blanco),Región de Atacama,ernc,1.0,0.0,70.84769321074076,0.0,1,2024-10-01 00:00:00
PMGD PFV DON RODRIGO,PMGD PFV Don Rodrigo,Solar,(en blanco),Región del Maule,ernc,1.0,0.0,34.030322769630075,0.0,1,2024-10-01 00:00:00
PMGD PFV VALLE SOLAR ESTE II,VALLE SOLAR ESTE 2,Solar,(en blanco),Región de Atacama,ernc,1.0,0.0,91.10228855336455,0.0,1,2024-10-01 00:00:00
PMGD PFV VALLE DE LA LUNA II,Valle de la Luna II SpA,Solar,(en blanco),Región Metropolitana,ernc,1.0,0.0,14.367514006680453,0.0,1,2024-10-01 00:00:00
PMGD PFV TRICAHUE II,Solar Tricahue 2,Solar,(en blanco),Región de O'Higgins,ernc,1.0,0.0,39.46226720839984,0.0,1,2024-10-01 00:00:00
PMGD PFV TILTIL,Til Til Solar,Solar,(en blanco),Región Metropolitana,ernc,1.0,0.0,16.620612687115607,0.0,1,2024-10-01 00:00:00
PMGD PFV EL PICHON,PMGD PFV Pichon,Solar,(en blanco),Región del Maule,ernc,1.0,0.0,12.477910612773814,0.0,1,2024-10-01 00:00:00
PMGD PFV PARQUE PUEBLO SECO,PMGD PFV Pueblo Seco,Solar,(en blanco),Región de Ñuble,ernc,1.0,0.0,65.17043429211394,0.0,1,2024-10-01 00:00:00
TER MAITENCILLO,TER MAITENCILLO,Térmica,Diésel,Región de Atacama,convencional,0.0,0.0,0.0,0.0,1,2024-10-01 00:00:00
PMGD PFV TECHOS DE ALTAMIRA,Solar Techos de Altamira,Solar,(en blanco),Región Metropolitana,ernc,1.0,0.0,0.0,0.0,1,2024-10-01 00:00:00
PMGD PFV JARDIN SOLAR PETORCA,PMGD PFV Jardin Solar Petorca,Solar,(en blanco),Región Metropolitana,ernc,1.0,0.0,59.657925558568074,0.0,1,2024-10-01 00:00:00
PMGD TER AGNI,Agni,Térmica,Diésel,Región Metropolitana,convencional,0.0,0.0,0.0,0.0,1,2024-10-01 00:00:00
PMGD PFV LAS ARBOLEDAS,PMGD PFV Las Arboledas,Solar,(en blanco),Región Metropolitana,ernc,1.0,0.0,11.8363091231517,0.0,1,2024-10-01 00:00:00
PMGD TER ALMENDRADO,Almendrado,Térmica,Diésel,Región de los Lagos,convencional,0.0,0.0,0.0,0.0,1,2024-10-01 00:00:00
PMGD PFV SIETE COLORES,PMGD PFV Siete Colores,Solar,(en blanco),Región de Coquimbo,ernc,1.0,0.0,48.289423247060896,0.0,1,2024-10-01 00:00:00
PMGD TER CHORRILLOS,Chorrillos,Térmica,Diésel,Región Metropolitana,convencional,0.0,0.0,0.0,0.0,1,2024-10-01 00:00:00
PMGD PFV SANTA LUCIA,PMGD PFV Santa Lucía,Solar,(en blanco),Región de Coquimbo,ernc,1.0,0.0,51.666459735461096,0.0,1,2024-10-01 00:00:00
PMGD TER CHILE,CHILE_GENERACION,Térmica,Diésel,Región del Maule,convencional,0.0,0.0,0.0,0.0,1,2024-10-01 00:00:00
PMGD PFV EL RAYADOR,PMGD PFV El Rayador,Solar,(en blanco),Región Metropolitana,ernc,1.0,0.0,84.19738085143472,0.0,1,2024-10-01 00:00:00
PMGD TER CASABLANCA II,Casablanca 2,Térmica,Diésel,Región de Valparaíso,convencional,0.0,0.0,0.0,0.0,1,2024-10-01 00:00:00
PMGD PFV LAS TAGUAS,PMGD PFV Las Taguas,Solar,(en blanco),Región de Coquimbo,ernc,1.0,0.0,83.79571065126872,0.0,1,2024-10-01 00:00:00
PMGD TER CASABLANCA,Casablanca 1,Térmica,Diésel,Región de Valparaíso,convencional,0.0,0.0,0.0,0.0,1,2024-10-01 00:00:00
BESS Uribe Solar,BESS Uribe Solar (retiro),Bess,(en blanco),Región de Antofagasta,ernc,1.0,0.0,3.0326576502483844,0.002914439367661074,1,2024-10-01 00:00:00
PMGD TER CAÑETE,PMGD TER Cañete,Térmica,Diésel,Región del Bío-Bío,convencional,0.0,0.0,0.0,0.0,1,2024-10-01 00:00:00
PMGD TER DIESEL COYA,PMGD TER Diesel Coya,Térmica,Diésel,Región Metropolitana,convencional,0.0,0.0,0.0,0.0,1,2024-10-01 00:00:00
PMGD PFV LIMA,PMGD PFV Lima,Solar,(en blanco),Región Metropolitana,ernc,1.0,0.0,16.21703271698334,0.0,1,2024-10-01 00:00:00
PE ATACAMA,PE ATACAMA,Eólica,(en blanco),Región de Atacama,ernc,1.0,0.0,2132.1656819817044,87.23892209274875,1,2024-10-01 00:00:00
PMGD PFV PARQUE SOLAR JOTABECHE,PMGD PFV Parque Jotabeche,Solar,(en blanco),Región de Atacama,ernc,1.0,0.0,33.39586750668945,0.0,1,2024-10-01 00:00:00
PMGD PFV CONDOR PETORCA,PMGD PFV Condor Petorca,Solar,(en blanco),Región de Valparaíso,ernc,1.0,0.0,22.77796652214555,0.0,1,2024-10-01 00:00:00
PMGD PFV AÑUÑUCA DEL VERANO SOLAR,PMGD PFV Añuñuca del Verano,Solar,(en blanco),Región de Valparaíso,ernc,1.0,0.0,19.919115510181886,0.0,1,2024-10-01 00:00:00
PMGD TER BIO CRUZ,PMGD TER BIO CRUZ,Térmica,Gas Natural,Región de Valparaíso,convencional,0.0,0.0,0.0,0.0,1,2024-10-01 00:00:00
PMGD PFV SOY SOLAR,PMGD PFV Soy Solar,Solar,(en blanco),Región de Coquimbo,ernc,1.0,0.0,18.427596680678146,0.0,1,2024-10-01 00:00:00
PMGD TER CALFUCO,Calfuco,Térmica,Diésel,Región de los Lagos,convencional,0.0,0.0,0.0,0.0,1,2024-10-01 00:00:00
TER CMPC LAJA,CMPC Laja,Térmica,Biomasa,Región del Bío-Bío,ernc,1.0,0.0,0.0,0.0,1,2024-10-01 00:00:00
PMGD PFV TAMBO REAL,TAMBO REAL,Solar,(en blanco),Región de Coquimbo,ernc,1.0,0.0,18.985046781243135,0.0,1,2024-10-01 00:00:00
PMGD PFV SOL DEL NORTE,Sol del Norte,Solar,(en blanco),Región de Coquimbo,ernc,1.0,0.0,21.202580292140592,0.0,1,2024-10-01 00:00:00
PMGD PFV RANGUIL,PV Ranguil,Solar,(en blanco),Región de O'Higgins,ernc,1.0,0.0,17.570914295374955,0.0,1,2024-10-01 00:00:00
PMGD PFV QUINTA SOLAR,La Quinta Solar SpA,Solar,(en blanco),Región Metropolitana,ernc,1.0,0.0,22.921632112847234,0.0,1,2024-10-01 00:00:00
PMGD PFV PUNTA BAJA SOLAR,Punta Baja Solar,Solar,(en blanco),Región de Coquimbo,ernc,1.0,0.0,16.696311051761477,0.0,1,2024-10-01 00:00:00
PMGD PFV FULGOR,PMGD PFV Fulgor,Solar,(en blanco),Región del Bío-Bío,ernc,1.0,0.0,17.602790518114492,0.0,1,2024-10-01 00:00:00
PMGD PFV MAIMALICAN,PMGD PFV Maimalicán,Solar,(en blanco),Región de Coquimbo,ernc,1.0,0.0,71.95565079076778,0.0,1,2024-10-01 00:00:00
PMGD PFV PORTEZUELO,PORTEZUELO,Solar,(en blanco),Región de O'Higgins,ernc,1.0,0.0,14.230062717252446,0.0,1,2024-10-01 00:00:00
PMGD PFV PLACILLA SOLAR,Placilla Solar,Solar,(en blanco),Región de O'Higgins,ernc,1.0,0.0,47.134931841461814,0.0,1,2024-10-01 00:00:00
PMGD PFV PIRQUE,Pirque,Solar,(en blanco),Región Metropolitana,ernc,1.0,0.0,10.844667378352108,0.0,1,2024-10-01 00:00:00
PMGD PFV DON MATIAS,PMGD PFV Don Matías,Solar,(en blanco),Región de O'Higgins,ernc,1.0,0.0,17.027379629147113,0.0,1,2024-10-01 00:00:00
PMGD PFV PIQUERO,PMGD PFV Piquero,Solar,(en blanco),Región de Valparaíso,ernc,1.0,0.0,78.22406814361554,0.0,1,2024-10-01 00:00:00
PMGD PFV ARICA,PMGD PFV Arica,Solar,(en blanco),Arica y Parinacota,ernc,1.0,0.0,48.67952099919633,0.0,1,2024-10-01 00:00:00
PMGD PFV PICA,PMGD PFV PICA,Solar,(en blanco),Región de Tarapacá,ernc,1.0,0.0,2.279698682260415,0.0,1,2024-10-01 00:00:00
PMGD PFV PERALILLO,PERALILLO,Solar,(en blanco),Región del Maule,ernc,1.0,0.0,14.810977326912088,0.0,1,2024-10-01 00:00:00
PMGD PFV PEDREROS SOLAR,Pedreros Solar,Solar,(en blanco),Región de Valparaíso,ernc,1.0,0.0,17.830172168748188,0.0,1,2024-10-01 00:00:00
PMGD PFV PAS1,PMGD PFV PAS1,Solar,(en blanco),Región de Tarapacá,ernc,1.0,0.0,0.0,0.0,1,2024-10-01 00:00:00
PFV MANZANO,PFV El Manzano,Solar,(en blanco),Región Metropolitana,ernc,1.0,0.0,359.9818716656628,0.0200112219503954,1,2024-10-01 00:00:00
PMGD PFV MAITENLAHUE,PMGD PFV Maitenlahue,Solar,(en blanco),Región Metropolitana,ernc,1.0,0.0,22.199667372391,0.0,1,2024-10-01 00:00:00
PFV ELENA,PFV ELENA,Solar,(en blanco),Región de Antofagasta,ernc,1.0,0.0,340.8111210371841,0.0,1,2024-10-01 00:00:00
PMGD PFV LAS BANDURRIAS,PMGD PFV Las Bandurrias,Solar,(en blanco),Región del Maule,ernc,1.0,0.0,3.155391014816308,0.0,1,2024-10-01 00:00:00
PMGD PFV RLA SOLAR,RLA Solar,Solar,(en blanco),Región Metropolitana,ernc,1.0,0.0,14.073260085823412,0.0,1,2024-10-01 00:00:00
PMGD PFV TRANQUE DEL SOL,PMGD PFV Tranque del Sol,Solar,(en blanco),Región de Valparaíso,ernc,1.0,0.0,78.80383181704985,0.0,1,2024-10-01 00:00:00
PMGD PFV SANTUARIO SOLAR,Santuario Solar,Solar,(en blanco),Región de Valparaíso,ernc,1.0,0.0,25.41416531525982,0.0,1,2024-10-01 00:00:00
BESS Uribe Solar,BESS Uribe Solar (inyección),Bess,(en blanco),Región de Antofagasta,ernc,1.0,0.0,2.7015004663737496,0.0,1,2024-10-01 00:00:00
BESS Andes IV,BESS Andes IV (inyección),Bess,(en blanco),Región de Antofagasta,ernc,1.0,0.0,598.8758393094831,84.70750251602374,1,2024-10-01 00:00:00
PMGD PFV SANTA LAURA,Santa Laura,Solar,(en blanco),Región de Valparaíso,ernc,1.0,0.0,18.52379669339698,0.0,1,2024-10-01 00:00:00
PMGD PFV SANTA JULIA,Santa Julia,Solar,(en blanco),Región de Valparaíso,ernc,1.0,0.0,27.157065891940178,0.0,1,2024-10-01 00:00:00
BESS Andes IV,BESS Andes IV (retiro),Bess,(en blanco),Región de Antofagasta,ernc,1.0,0.0,0.0,0.0,1,2024-10-01 00:00:00
PMGD PFV SANTA CLARA,Santa Clara,Solar,(en blanco),Región de Coquimbo,ernc,1.0,0.0,16.366207904472503,0.0,1,2024-10-01 00:00:00
PMGD PFV FOTOVOLT LIN,PMGD PFV Fotovolt Lin,Solar,(en blanco),Región del Maule,ernc,1.0,0.0,27.21609153731075,0.0,1,2024-10-01 00:00:00
PMGD PFV TALCA,Talca,Solar,(en blanco),Región del Maule,ernc,1.0,0.0,36.40286584673632,0.0,1,2024-10-01 00:00:00
PMGD PFV SANTA CECILIA,SANTA CECILIA (EX - AVENIR),Solar,(en blanco),Región de Atacama,ernc,1.0,0.0,6.609549307402879,0.0,1,2024-10-01 00:00:00
PMGD PFV SANTA ADRIANA,Solar Santa Adriana,Solar,(en blanco),Región Metropolitana,ernc,1.0,0.0,13.489395732698172,0.0,1,2024-10-01 00:00:00
PMGD PFV SAN PEDRO,Solar San Pedro,Solar,(en blanco),Región Metropolitana,ernc,1.0,0.0,18.374488886837316,0.0,1,2024-10-01 00:00:00
PMGD PFV EL CUERVO,PMGD PFV El Cuervo,Solar,(en blanco),Región del Maule,ernc,1.0,0.0,17.600431561652137,0.0,1,2024-10-01 00:00:00
PMGD PFV SAN ISIDRO,Solar San Isidro,Solar,(en blanco),Región de O'Higgins,ernc,1.0,0.0,11.804027297056743,0.0,1,2024-10-01 00:00:00
PMGD PFV LA PAZ,PMGD PFV La Paz,Solar,(en blanco),Región Metropolitana,ernc,1.0,0.0,62.06278565730632,0.0,1,2024-10-01 00:00:00
PMGD PFV SAN FRANCISCO,PMGD PFV SAN FRANCISCO,Solar,(en blanco),Región Metropolitana,ernc,1.0,0.0,24.240250236897857,0.0,1,2024-10-01 00:00:00
PMGD PFV RODEO,Rodeo,Solar,(en blanco),Región de Valparaíso,ernc,1.0,0.0,17.823794702374318,0.0,1,2024-10-01 00:00:00
PMGD PFV MALVILLA,PMGD-PFV-Malvilla,Solar,(en blanco),Región de Valparaíso,ernc,1.0,0.0,19.066604497713108,0.0,1,2024-10-01 00:00:00
PMGD PFV ORQUIDEA SOLAR,PMGD PFV Orquidea Solar,Solar,(en blanco),Región de Coquimbo,ernc,1.0,0.0,26.250321768071757,0.0,1,2024-10-01 00:00:00
PMGD PFV PAINE,PMGD PFV Paine,Solar,(en blanco),Región de Antofagasta,ernc,1.0,0.0,91.1844717061685,0.0,1,2024-10-01 00:00:00
PMGD PFV CORSO,PMGD PFV Corso,Solar,(en blanco),Región de Atacama,ernc,1.0,0.0,28.893382190270056,0.0,1,2024-10-01 00:00:00
HE EL TORO,EL TORO,Hidráulica,Embalse,Región del Bío-Bío,convencional,0.0,0.0,2271.704087128445,220.68605695948477,1,2024-10-01 00:00:00
BESS Cochrane,BESS Cochrane (Inyección),Bess,(en blanco),Región de Antofagasta,convencional,0.0,0.0,0.0,0.0,1,2024-10-01 00:00:00
HE ANGOSTURA,ANGOSTURA U2,Hidráulica,Pasada,Región del Bío-Bío,convencional,0.0,0.0,3361.8852876664287,142.07967584780735,1,2024-10-01 00:00:00
BESS Angamos,BESS Angamos (Inyección),Bess,(en blanco),Región de Antofagasta,convencional,0.0,0.0,2.721526185253775,0.11006172072717471,1,2024-10-01 00:00:00
HE ANTUCO,ANTUCO,Hidráulica,Embalse,Región del Bío-Bío,convencional,0.0,0.0,5900.5989547923655,288.62735727658924,1,2024-10-01 00:00:00
HE ANGOSTURA,ANGOSTURA U1,Hidráulica,Pasada,Región del Bío-Bío,convencional,0.0,0.0,3375.8931430317043,142.07967584780735,1,2024-10-01 00:00:00
HE CIPRESES,CIPRESES,Hidráulica,Embalse,Región del Maule,convencional,0.0,0.0,1099.5643518484658,68.10919446926826,1,2024-10-01 00:00:00
HE ANGOSTURA,ANGOSTURA U3,Hidráulica,Pasada,Región del Bío-Bío,convencional,0.0,0.0,0.0,0.0,1,2024-10-01 00:00:00
HE CONVENTO VIEJO,CONVENTO VIEJO,Hidráulica,Pasada,Región de O'Higgins,ernc,1.0,0.0,152.51552809493856,3.812137781550324,1,2024-10-01 00:00:00
HE PANGUE,PANGUE,Hidráulica,Embalse,Región del Bío-Bío,convencional,0.0,0.0,9921.703921559692,353.85873791717114,1,2024-10-01 00:00:00
HE PEHUENCHE,PEHUENCHE,Hidráulica,Embalse,Región del Maule,convencional,0.0,0.0,7572.639885314276,522.2832875187838,1,2024-10-01 00:00:00
BESS Andes,BESS Andes (retiro),Bess,(en blanco),Región de Antofagasta,ernc,1.0,0.0,0.0,0.0,1,2024-10-01 00:00:00
HE MACHICURA,MACHICURA,Hidráulica,Embalse,Región del Maule,convencional,0.0,0.0,1261.7075439724306,47.026371583429196,1,2024-10-01 00:00:00
HE CANUTILLAR,CANUTILLAR,Hidráulica,Embalse,Región de los Lagos,convencional,0.0,0.0,2596.4560480638033,133.07462597012943,1,2024-10-01 00:00:00
BESS Andes,BESS Andes (Inyección),Bess,(en blanco),Región de Antofagasta,ernc,1.0,0.0,0.0,0.0,1,2024-10-01 00:00:00
PMGD PFV LUMBRERAS,LUMBRERAS,Solar,(en blanco),Región Metropolitana,ernc,1.0,0.0,21.07287311908036,0.0,2,2024-10-01 01:00:00
TER UJINA,TER UJINA-UG4 (HFO),Térmica,Fuel Oil,Región de Tarapacá,convencional,0.0,0.0,0.0,0.0,2,2024-10-01 01:00:00
PMGD PFV LOMA TENDIDA DEL VERANO SOLAR,PMGD PFV Loma Tendida del Verano,Solar,(en blanco),Región Metropolitana,ernc,1.0,0.0,10.409132924192708,0.0,2,2024-10-01 01:00:00
HP RIO COLORADO,HP Rio Colorado,Hidráulica,Pasada,Región del Maule,ernc,1.0,0.0,155.98747510333217,8.204600999662114,2,2024-10-01 01:00:00
PMGD PFV MACAO,PMGD PFV MACAO,Solar,(en blanco),Región Metropolitana,ernc,1.0,0.0,52.25137552431347,0.0,2,2024-10-01 01:00:00
PMGD PFV DON ENRIQUE,PMGD PFV Don Enrique,Solar,(en blanco),Región de Coquimbo,ernc,1.0,0.0,84.28175503493114,0.0,2,2024-10-01 01:00:00
PMGD PFV PARQUE SANTA CRUZ,PMGD PFV Santa Cruz,Solar,(en blanco),Región de O'Higgins,ernc,1.0,0.0,26.515196821563368,0.0,2,2024-10-01 01:00:00
PMGD PFV ALTOS DE TILTIL,Altos de Til Til,Solar,(en blanco),Región Metropolitana,ernc,1.0,0.0,11.378649821757058,0.0,2,2024-10-01 01:00:00
PMGD PFV CURACO,PMGD PFV CURACO,Solar,(en blanco),Región de O'Higgins,ernc,1.0,0.0,0.0,0.0,2,2024-10-01 01:00:00
PMGD PFV CAIMI,Caimi,Solar,(en blanco),Región de Valparaíso,ernc,1.0,0.0,0.1310717596970408,0.0,2,2024-10-01 01:00:00
PMG PFV SOLAR PALERMO [EN_REVISION],PMG SOLAR PALERMO,Solar,(en blanco),Región Metropolitana,ernc,1.0,0.0,65.16654428146263,0.0,2,2024-10-01 01:00:00
TER KELAR,KELAR TG2 + 0.5 TV (Diesel),Térmica,Diésel,Región de Antofagasta,convencional,0.0,0.0,0.0,0.0,2,2024-10-01 01:00:00
PFV EL AGUILA,SOLAR EL AGUILA I,Solar,(en blanco),Arica y Parinacota,ernc,1.0,0.0,14.14793391892955,0.0,2,2024-10-01 01:00:00
PMGD PFV LOS TAURETES,PMGD PFV Los Tauretes,Solar,(en blanco),Región Metropolitana,ernc,1.0,0.0,21.170997156259137,0.0,2,2024-10-01 01:00:00
PMGD TER SEPULTURA,Sepultura,Térmica,Diésel,Región de Valparaíso,convencional,0.0,0.0,0.0,0.0,2,2024-10-01 01:00:00
PFV PAMPA SOLAR NORTE,PFV Pampa Solar Norte,Solar,(en blanco),Región de Antofagasta,ernc,1.0,0.0,340.9511995908369,0.0,2,2024-10-01 01:00:00
PFV CASTILLA,PFV CASTILLA,Solar,(en blanco),Región de Atacama,ernc,1.0,0.0,25.40424626602696,0.0,2,2024-10-01 01:00:00
PMGD PFV LOS CISNES,PMGD PFV Los Cisnes,Solar,(en blanco),Región Metropolitana,ernc,1.0,0.0,44.876598192145806,0.0,2,2024-10-01 01:00:00
PFV PAMPA CAMARONES,PARQUE SOLAR PAMPA CAMARONES,Solar,(en blanco),Arica y Parinacota,ernc,1.0,0.0,43.63446946283718,0.0,2,2024-10-01 01:00:00
TER UJINA,TER UJINA-UG5 (Diésel),Térmica,Diésel,Región de Tarapacá,convencional,0.0,0.0,0.0,0.0,2,2024-10-01 01:00:00
PMGD PFV FARAMALLA,PMGD PFV FARAMALLA,Solar,(en blanco),Región Metropolitana,ernc,1.0,0.0,18.318881044312015,0.0,2,2024-10-01 01:00:00
GEO CERRO PABELLON,GEO Cerro Pabellón G2A,Geotérmica,(en blanco),Región de Antofagasta,ernc,1.0,0.0,195.0793971834296,8.43473005209166,2,2024-10-01 01:00:00
TER CHAGUAL,Chagual,Térmica,Fuel Oil,Región de Coquimbo,convencional,0.0,0.0,0.0,0.0,2,2024-10-01 01:00:00
PMGD TER EL NOGAL,El Nogal,Térmica,Diésel,Región Metropolitana,convencional,0.0,0.0,0.000723696836786172,0.0,2,2024-10-01 01:00:00
BESS Don Humberto,BESS Don Humberto (retiro),Bess,(en blanco),Región Metropolitana,ernc,1.0,0.0,1.8410324194363767,0.07003927682638392,2,2024-10-01 01:00:00
BESS La Cabaña,BESS La Cabaña (Retiro),Bess,(en blanco),Región de la Araucanía,ernc,1.0,0.0,134.22527123227712,0.4202356609583034,2,2024-10-01 01:00:00
HE RALCO,RALCO,Hidráulica,Embalse,Región del Bío-Bío,convencional,0.0,0.0,10546.629669211432,619.2556679682049,2,2024-10-01 01:00:00
PE CANELA II,PE Canela II,Eólica,(en blanco),Región de Coquimbo,ernc,1.0,0.0,493.696856738205,0.24013466340474482,2,2024-10-01 01:00:00
PMGD PFV RINCONADA NORTE (SLK 808),SLK 808,Solar,(en blanco),Región de Valparaíso,ernc,1.0,0.0,27.89675973177156,0.0,2,2024-10-01 01:00:00
PMGD PFV ASTILLAS,PMGD PFV ASTILLAS,Solar,(en blanco),Región de Atacama,ernc,1.0,0.0,89.25393925274656,0.0,2,2024-10-01 01:00:00
PMGD PFV PARQUE VALPARAISO,PMG PFV PARQUE VALPARAISO,Solar,(en blanco),Región de Valparaíso,ernc,1.0,0.0,53.96057695258881,0.0,2,2024-10-01 01:00:00
PMGD TER CENTRAL LA GLORIA 21 [EN_REVISION],PMGD TER La Gloria-21,Térmica,Biomasa,Región del Maule,ernc,1.0,0.0,0.0,0.0,2,2024-10-01 01:00:00
PMGD PFV LOS PUQUIOS,Solar Los Puquios,Solar,(en blanco),Región de Tarapacá,ernc,1.0,0.0,0.0,0.0,2,2024-10-01 01:00:00
GEO CERRO PABELLON,GEO Cerro Pabellón G3A,Geotérmica,(en blanco),Región de Antofagasta,ernc,1.0,0.0,183.01263034734112,8.114550500885334,2,2024-10-01 01:00:00
TER ATACAMA,Atacama TG1A + 0.5TV1C Gas Arg,Térmica,Gas Natural,Región de Antofagasta,convencional,0.0,0.0,0.0,0.0,2,2024-10-01 01:00:00
PFV GRANJA SOLAR,PFV Granja Solar,Solar,(en blanco),Región de Tarapacá,ernc,1.0,0.0,608.9014615066312,0.0,2,2024-10-01 01:00:00
PMGD PFV BELENOS TIL TIL [EN_REVISION],PMGD PFV BELENOS TIL TIL [EN_REVISION],Solar,(en blanco),Región Metropolitana,ernc,1.0,0.0,0.0,0.0,2,2024-10-01 01:00:00
PMGD PFV MALINKE,Malinke,Solar,(en blanco),Región Metropolitana,ernc,1.0,0.0,11.667426432732565,0.0,2,2024-10-01 01:00:00
PMGD TER BLUEGATE,BLUEGATE,Térmica,Diésel,Región de los Lagos,convencional,0.0,0.0,0.0,0.0,2,2024-10-01 01:00:00
PFV PILAR LOS AMARILLOS,PMG PFV Pilar Los Amarillos,Solar,(en blanco),Región de Atacama,ernc,1.0,0.0,15.644206487348626,0.0,2,2024-10-01 01:00:00
TER UJINA,TER UJINA-UG2 (Diésel),Térmica,Diésel,Región de Tarapacá,convencional,0.0,0.0,0.0,0.0,2,2024-10-01 01:00:00
PMGD PFV CEFALU SOLAR [EN_REVISION],PMGD Cefalu Solar,Solar,(en blanco),Región Metropolitana,ernc,1.0,0.0,0.0,0.0,2,2024-10-01 01:00:00
PFV PILOTO SOLAR CARDONES,PFV Piloto Solar Cardones,Solar,(en blanco),Región de Atacama,ernc,1.0,0.0,0.5503086036358735,0.0,2,2024-10-01 01:00:00
PMGD PFV PARQUE SOLAR MEMBRILLO,Membrillo,Solar,(en blanco),Región de O'Higgins,ernc,1.0,0.0,14.58000084715982,0.0,2,2024-10-01 01:00:00
PMGD PFV GABRIELA,PMGD PFV Gabriela,Solar,(en blanco),Región de Coquimbo,ernc,1.0,0.0,89.86171110338678,0.0,2,2024-10-01 01:00:00
PMGD TER CENTRAL QUITRALMAN,QUITRALMAN,Térmica,Diésel,Región del Bío-Bío,convencional,0.0,0.0,0.0,0.0,2,2024-10-01 01:00:00
TER ATACAMA,Atacama TG1A Gas Arg,Térmica,Gas Natural,Región de Antofagasta,convencional,0.0,0.0,0.0,0.0,2,2024-10-01 01:00:00
PMGD PFV GR SANTA ROSA,GR Santa Rosa,Solar,(en blanco),Región Metropolitana,ernc,1.0,0.0,52.02745834269465,0.0,2,2024-10-01 01:00:00
HE PANGUE,PANGUE,Hidráulica,Embalse,Región del Bío-Bío,convencional,0.0,0.0,9921.703921559692,407.2880001319586,2,2024-10-01 01:00:00
PMGD PFV DON MATIAS,PMGD PFV Don Matías,Solar,(en blanco),Región de O'Higgins,ernc,1.0,0.0,17.027379629147113,0.0,2,2024-10-01 01:00:00
TER PLANTA DE ACIDO SULFURICO MEJILLONES,TER PAM,Térmica,Cogeneracion,Región de Antofagasta,convencional,0.0,0.0,458.427078050633,18.910604743123653,2,2024-10-01 01:00:00
PFV QUILMO,PFV QUILMO,Solar,(en blanco),Región Metropolitana,ernc,1.0,0.0,63.55564091445579,0.0,2,2024-10-01 01:00:00
PMGD HP EL GALPON,El Galpón,Hidráulica,Pasada,Región del Maule,ernc,1.0,0.0,31.938251582153917,1.3581039476239318,2,2024-10-01 01:00:00
TER UJINA,TER UJINA-UG1 (Diésel),Térmica,Diésel,Región de Tarapacá,convencional,0.0,0.0,0.0,0.0,2,2024-10-01 01:00:00
TER NUEVA RENCA,Nueva Renca Diésel,Térmica,Diésel,Región Metropolitana,convencional,0.0,0.0,0.0,0.0,2,2024-10-01 01:00:00
PMGD PFV LOS PATOS,Los Patos,Solar,(en blanco),Región del Maule,ernc,1.0,0.0,19.863094455534316,0.0,2,2024-10-01 01:00:00
PMGD PFV TILTIL,Til Til Solar,Solar,(en blanco),Región Metropolitana,ernc,1.0,0.0,16.620612687115607,0.0,2,2024-10-01 01:00:00
PMGD PFV HUAPE,Huape,Solar,(en blanco),Región de Ñuble,ernc,1.0,0.0,18.095848285062097,0.0,2,2024-10-01 01:00:00
BESS Diego de Almagro Sur,BESS Diego de Almagro Sur (retiro),Bess,(en blanco),Región de Atacama,ernc,1.0,0.0,35.34982357537347,0.0,2,2024-10-01 01:00:00
PMGD PFV CASABERMEJA,PMGD PFV Casabermeja,Solar,(en blanco),Región Metropolitana,ernc,1.0,0.0,30.01511497529601,0.0,2,2024-10-01 01:00:00
PMGD PFV SAN EUGENIO SOLAR,PMGD PFV San Eugenio,Solar,(en blanco),Región del Bío-Bío,ernc,1.0,0.0,64.26203200347514,0.0,2,2024-10-01 01:00:00
PMGD HP TRANQUIL,PMGD HP TRANQUIL,Hidráulica,Pasada,Región de los Ríos,ernc,1.0,0.0,59.99584443978673,2.8974408750976983,2,2024-10-01 01:00:00
HE PEHUENCHE,PEHUENCHE,Hidráulica,Embalse,Región del Maule,convencional,0.0,0.0,7572.639885314276,347.2283196922369,2,2024-10-01 01:00:00
TER TALTAL,Taltal 2 Gas Arg,Térmica,Gas Natural,Región de Antofagasta,convencional,0.0,0.0,0.0,0.0,2,2024-10-01 01:00:00
PMGD PFV LA MANGA,La Manga,Solar,(en blanco),Región Metropolitana,ernc,1.0,0.0,15.075256164155835,0.0,2,2024-10-01 01:00:00
PMGD PFV UTFSM VITACURA [EN_REVISION],UTSFM Vitacura,Solar,(en blanco),Región Metropolitana,ernc,1.0,0.0,0.0,0.0,2,2024-10-01 01:00:00
PMGD TER DON PEDRO,Don Pedro,Térmica,Diésel,Región del Bío-Bío,convencional,0.0,0.0,0.0,0.0,2,2024-10-01 01:00:00
HP LA HIGUERA,LA HIGUERA,Hidráulica,Pasada,Región de O'Higgins,convencional,0.0,0.0,1172.7476567919475,60.64400812067326,2,2024-10-01 01:00:00
PMGD PFV PARQUE SOLAR CANTILLANA,PMGD PFV CANTILLANA,Solar,(en blanco),Región Metropolitana,ernc,1.0,0.0,0.0,0.0,2,2024-10-01 01:00:00
PMGD PVF DOÑA RUBENA [EN_REVISION],PMGD PFV Dona Rubena,Solar,(en blanco),Región Metropolitana,ernc,1.0,0.0,0.0,0.0,2,2024-10-01 01:00:00
PE CANELA,PE Canela I,Eólica,(en blanco),Región de Coquimbo,ernc,1.0,0.0,159.36937161294898,0.20011221950395403,2,2024-10-01 01:00:00
PFV MARIA ELENA,PFV MARIA ELENA,Solar,(en blanco),Región de Antofagasta,ernc,1.0,0.0,0.0,0.0,2,2024-10-01 01:00:00
TER QUINTAY,Quintay,Térmica,Diésel,Región de Valparaíso,convencional,0.0,0.0,0.0,0.0,2,2024-10-01 01:00:00
PFV SAN PEDRO,PFV GPG SAN PEDRO,Solar,(en blanco),Región de Antofagasta,ernc,1.0,0.0,517.4501771933242,0.0,2,2024-10-01 01:00:00
TER CORONEL,Coronel TG Gas Natural,Térmica,Gas Natural,Región del Bío-Bío,convencional,0.0,0.0,0.0,0.0,2,2024-10-01 01:00:00
TER SAN LORENZO DE D. DE ALMAGRO,TER SAN LORENZO U1,Térmica,Diésel,Región de Atacama,convencional,0.0,0.0,0.0,0.0,2,2024-10-01 01:00:00
PMGD TER CENTRAL DE RESPALDO EGIDO,PMGD TER Egido,Térmica,Diésel,Región de Valparaíso,convencional,0.0,0.0,0.0,0.0,2,2024-10-01 01:00:00
PMGD PFV VIOLETA,PMGD PFV Violeta,Solar,(en blanco),Región Metropolitana,ernc,1.0,0.0,37.55708109597165,0.0,2,2024-10-01 01:00:00
PMGD TER EL FARO,El Faro,Térmica,Diésel,Región de Coquimbo,convencional,0.0,0.0,0.0,0.0,2,2024-10-01 01:00:00
TER ESPERANZA,TER ESPERANZA-DS1,Térmica,Diésel,Región de O'Higgins,convencional,0.0,0.0,0.0,0.0,2,2024-10-01 01:00:00
PMGD PFV LINARES SOLAR,Linares Solar,Solar,(en blanco),Región del Maule,ernc,1.0,0.0,54.687904733246086,0.0,2,2024-10-01 01:00:00
PMGD PFV DOÑIHUE,Doñihue,Solar,(en blanco),Región de O'Higgins,ernc,1.0,0.0,0.18613714932404746,0.0,2,2024-10-01 01:00:00
PE KALLPA [EN_REVISION],PE KALLPA,Eólica,(en blanco),Región de Antofagasta,ernc,1.0,0.0,567.8584452863704,40.27258417517074,2,2024-10-01 01:00:00
PMGD TER ERMITAÑO,Ermitaño,Térmica,Diésel,Región de Valparaíso,convencional,0.0,0.0,0.0,0.0,2,2024-10-01 01:00:00
TER ATACAMA,Atacama TG2B + 0.5TV2C Diésel,Térmica,Gas Natural,Región de Antofagasta,convencional,0.0,0.0,0.0,0.0,2,2024-10-01 01:00:00
PMGD PFV SUNHUNTER,PMGD PFV Sunhunter,Solar,(en blanco),Región de Coquimbo,ernc,1.0,0.0,88.60009840740346,0.0,2,2024-10-01 01:00:00
TER ATACAMA,Atacama TG1A + 0.5TV1C Diésel,Térmica,Gas Natural,Región de Antofagasta,convencional,0.0,0.0,0.0,0.0,2,2024-10-01 01:00:00
PMGD PFV ALTURAS DE OVALLE,Alturas de Ovalle,Solar,(en blanco),Región de Coquimbo,ernc,1.0,0.0,30.787394351237722,0.0,2,2024-10-01 01:00:00
HP EL PINAR,El Pinar,Hidráulica,Pasada,Región de Ñuble,ernc,1.0,0.0,209.0572357157808,8.854965713049964,2,2024-10-01 01:00:00
TER UJINA,TER UJINA-UG5 (HFO),Térmica,Fuel Oil,Región de Tarapacá,convencional,0.0,0.0,0.0,0.0,2,2024-10-01 01:00:00
PFV LLANO DE LLAMPOS,PFV LLANO DE LLAMPOS,Solar,(en blanco),Región de Atacama,ernc,1.0,0.0,515.3990269434088,0.0,2,2024-10-01 01:00:00
TER TALTAL,Taltal 1 Gas Arg,Térmica,Gas Natural,Región de Antofagasta,convencional,0.0,0.0,0.0,0.0,2,2024-10-01 01:00:00
PMGD HP LA VIÑA - ALTO LA VIÑA,PMGD La Viña - Alto la Viña,Hidráulica,Pasada,Región del Bío-Bío,ernc,1.0,0.0,9.276862606599039,0.3530341418978522,2,2024-10-01 01:00:00
PMGD PFV OVEJERIA,Ovejeria,Solar,(en blanco),Región Metropolitana,ernc,1.0,0.0,63.12312958241148,0.0,2,2024-10-01 01:00:00
PMGD PFV PARQUE SOLAR MECO CHILLAN,MECO CHILLAN,Solar,(en blanco),Región de Ñuble,ernc,1.0,0.0,40.952007510035635,0.0,2,2024-10-01 01:00:00
PMGD PFV RECOLETA,PMGD PFV Recoleta,Solar,(en blanco),Región de Coquimbo,ernc,1.0,0.0,45.27746959335904,0.0,2,2024-10-01 01:00:00
PMGD PFV RDCL SAN,PMGD PFV RDCL SAN,Solar,(en blanco),Región de Valparaíso,ernc,1.0,0.0,71.11168345664743,0.0,2,2024-10-01 01:00:00
TER SAN LORENZO DE D. DE ALMAGRO,TER SAN LORENZO U2,Térmica,Diésel,Región de Atacama,convencional,0.0,0.0,0.0,0.0,2,2024-10-01 01:00:00
PFV CARACAS II,PFV CARACAS II,Solar,(en blanco),Región de Coquimbo,ernc,1.0,0.0,84.92447662088408,0.0,2,2024-10-01 01:00:00
TER PUNTA COLORADA,TER PUNTA COLORADA (Diésel),Térmica,Diésel,Región de Coquimbo,convencional,0.0,0.0,0.0,0.0,2,2024-10-01 01:00:00
BESS Andes Solar IIB,BESS Andes Solar IIB (inyección),Bess,(en blanco),Región de Antofagasta,ernc,1.0,0.0,506.3439490108548,0.0,2,2024-10-01 01:00:00
TER ATACAMA,Atacama TG2A + TG2B + TV2C GNL,Térmica,Gas Natural,Región de Antofagasta,convencional,0.0,0.0,0.0,0.0,2,2024-10-01 01:00:00
PMGD PFV PARQUE SOLAR OVALLE NORTE,OVALLE NORTE,Solar,(en blanco),Región de Coquimbo,ernc,1.0,0.0,40.85416519424136,0.0,2,2024-10-01 01:00:00
PMGD PFV LOS TILOS,PMGD PFV Los Tilos,Solar,(en blanco),Región de Valparaíso,ernc,1.0,0.0,32.8863033446383,0.0,2,2024-10-01 01:00:00
TER EMELDA,Emelda 2,Térmica,Diésel,Región de Atacama,convencional,0.0,0.0,0.0,0.0,2,2024-10-01 01:00:00
PMGD TER CONCHALI,PMGD CONCHALI,Térmica,Diésel,Región de Coquimbo,convencional,0.0,0.0,0.0,0.0,2,2024-10-01 01:00:00
PMGD PFV PEQUEN,PMGD PFV Pequen,Solar,(en blanco),Región del Maule,ernc,1.0,0.0,11.207752385502982,0.0,2,2024-10-01 01:00:00
PMGD PFV QUINANTU SOLAR,PMGD PFV Quinantu Solar,Solar,(en blanco),Región del Maule,ernc,1.0,0.0,61.45344326213165,0.0,2,2024-10-01 01:00:00
PMGD PFV AMPARO DEL SOL,Amparo del sol,Solar,(en blanco),Región de Coquimbo,ernc,1.0,0.0,17.56677728511048,0.0,2,2024-10-01 01:00:00
PFV ATACAMA SOLAR II,PFV Atacama Solar 2,Solar,(en blanco),Región de Tarapacá,ernc,1.0,0.0,641.8299272260069,0.0,2,2024-10-01 01:00:00
HP ALFALFAL,ALFALFAL,Hidráulica,Pasada,Región Metropolitana,convencional,0.0,0.0,1055.3918456638535,43.70450873966356,2,2024-10-01 01:00:00
PMGD PFV VENTISQUERO SOLAR,PMGD PFV VENTISQUERO,Solar,(en blanco),Región de O'Higgins,ernc,1.0,0.0,38.3113701703605,0.0,2,2024-10-01 01:00:00
PE LA ESPERANZA,Parque Eólico La Esperanza,Eólica,(en blanco),Región del Bío-Bío,ernc,1.0,0.0,51.06863841740906,1.270712593850108,2,2024-10-01 01:00:00
PMGD PFV  SANTA CAROLINA,SANTA CAROLINA,Solar,(en blanco),Región de O'Higgins,ernc,1.0,0.0,17.782036931131685,0.0,2,2024-10-01 01:00:00
PMGD TER EL CANELO,El Canelo 1,Térmica,Diésel,Región de los Lagos,convencional,0.0,0.0,0.0,0.0,2,2024-10-01 01:00:00
PFV LALACKAMA II,PFV Lalackama II,Solar,(en blanco),Región de Antofagasta,ernc,1.0,0.0,77.64354116753417,0.0,2,2024-10-01 01:00:00
TER CMPC PACIFICO,CMPC Pacífico,Térmica,Biomasa,Región de la Araucanía,ernc,1.0,0.0,504.883129808476,23.213017462458666,2,2024-10-01 01:00:00
PMGD PFV SANTA PAMELA,PMGD PFV Santa Pamela,Solar,(en blanco),Región del Bío-Bío,ernc,1.0,0.0,57.10176242918269,0.0,2,2024-10-01 01:00:00
PMGD PFV EL CERNICALO,Cernicalo 1,Solar,(en blanco),Región de Ñuble,ernc,1.0,0.0,9.879198146349253,0.0,2,2024-10-01 01:00:00
PMGD PFV DON MARTIN,PMGD PFV Don Martín,Solar,(en blanco),Región del Bío-Bío,ernc,1.0,0.0,15.695368729857606,0.0,2,2024-10-01 01:00:00
PMGD PFV POMUYETO,PMGD PFV Pomuyeto,Solar,(en blanco),Región de Ñuble,ernc,1.0,0.0,20.109519602034197,0.0,2,2024-10-01 01:00:00
PMGD TER EL MOLLE,El Molle,Térmica,BioGas,Región de Valparaíso,ernc,1.0,0.0,27.033367598356595,1.6405436765845807,2,2024-10-01 01:00:00
PMGD PFV LLUTA SOLAR,PMGD PFV Lluta Solar,Solar,(en blanco),Región Metropolitana,ernc,1.0,0.0,0.03791408977192009,0.0031768625300741694,2,2024-10-01 01:00:00
TER ATACAMA,Atacama TG1B + 0.5TV1C Gas Arg,Térmica,Gas Natural,Región de Antofagasta,convencional,0.0,0.0,0.0,0.0,2,2024-10-01 01:00:00
PMGD TER PRP CHIFIN,PRP CHIFIN,Térmica,Diésel,Región de los Lagos,convencional,0.0,0.0,0.0,0.0,2,2024-10-01 01:00:00
PMGD PFV PARAGUAY,Paraguay,Solar,(en blanco),Región del Maule,ernc,1.0,0.0,54.83057564164699,0.0,2,2024-10-01 01:00:00
PMGD PFV VALLE DE LA LUNA II,Valle de la Luna II SpA,Solar,(en blanco),Región Metropolitana,ernc,1.0,0.0,14.367514006680453,0.0,2,2024-10-01 01:00:00
PMGD PFV LO CHACON,PMGD PFV Lo Chacón,Solar,(en blanco),Región Metropolitana,ernc,1.0,0.0,17.084809045679904,0.0,2,2024-10-01 01:00:00
PMGD TER TAPIHUE,Tapihue,Térmica,Gas Natural,Región de Valparaíso,convencional,0.0,0.0,0.0,0.0,2,2024-10-01 01:00:00
PMGD PFV TALHUEN,Talhuén,Solar,(en blanco),Región de Coquimbo,ernc,1.0,0.0,20.32066505768794,0.0,2,2024-10-01 01:00:00
PMGD PFV SDSI,PMGD PFV SDSI,Solar,(en blanco),Región del Bío-Bío,ernc,1.0,0.0,20.766606998887745,0.0,2,2024-10-01 01:00:00
HP CIPRESILLOS,Cipresillos,Hidráulica,Pasada,Región de O'Higgins,ernc,1.0,0.0,34.41930175468009,2.00112219503954,2,2024-10-01 01:00:00
PMGD PFV LA LAJUELA,La Lajuela,Solar,(en blanco),Región de O'Higgins,ernc,1.0,0.0,34.55208121422594,0.0,2,2024-10-01 01:00:00
HP PIEDRAS NEGRAS,HP PIEDRAS NEGRAS,Hidráulica,Pasada,Región Metropolitana,ernc,1.0,0.0,32.378874291519644,2.291964188346069,2,2024-10-01 01:00:00
PMGD PFV BLU,PMGD PFV Blu,Solar,(en blanco),Región de Ñuble,ernc,1.0,0.0,19.982699639071914,0.0,2,2024-10-01 01:00:00
PE CUEL,CUEL,Eólica,(en blanco),Región del Bío-Bío,ernc,1.0,0.0,89.53020700606902,0.0,2,2024-10-01 01:00:00
PMGD PFV ARICA,PMGD PFV Arica,Solar,(en blanco),Arica y Parinacota,ernc,1.0,0.0,48.67952099919633,0.0,2,2024-10-01 01:00:00
PFV LOMA LOS COLORADOS [EN_REVISION],Solar Loma Los Colorados,Solar,(en blanco),Región Metropolitana,ernc,1.0,0.0,5.403029926606759,0.0,2,2024-10-01 01:00:00
PMGD PFV GUARANA,PMGD PFV GUARANA,Solar,(en blanco),Región de O'Higgins,ernc,1.0,0.0,11.607105822868094,0.0,2,2024-10-01 01:00:00
TER LOS VIENTOS,Los Vientos Gas Arg,Térmica,Gas Natural,Región de Valparaíso,convencional,0.0,0.0,0.0,0.0,2,2024-10-01 01:00:00
PFV EL PELICANO,PFV El Pelícano,Solar,(en blanco),Región de Coquimbo,ernc,1.0,0.0,541.5536940325757,0.0,2,2024-10-01 01:00:00
PMGD PFV SAN ANTONIO DEL MONTE SUNLIGHT,PMGD PFV San Antonio Del Monte Sunlight,Solar,(en blanco),Región Metropolitana,ernc,1.0,0.0,2.9949684454881256,0.0,2,2024-10-01 01:00:00
BESS Don Humberto,BESS Don Humberto (inyección),Bess,(en blanco),Región Metropolitana,ernc,1.0,0.0,0.060033665851186205,0.0,2,2024-10-01 01:00:00
PMGD PFV LAS CHACRAS,Las Chacras,Solar,(en blanco),Región de Valparaíso,ernc,1.0,0.0,16.28271416891619,0.0,2,2024-10-01 01:00:00
BESS La Cabaña,BESS La Cabaña (Inyección),Bess,(en blanco),Región de la Araucanía,ernc,1.0,0.0,112.99336474290764,0.0,2,2024-10-01 01:00:00
PMGD HP EL DIUTO,EL DIUTO,Hidráulica,Pasada,Región del Bío-Bío,ernc,1.0,0.0,46.75110931076306,1.5752151712781506,2,2024-10-01 01:00:00
TER HUASCO,Huasco TG IFO,Térmica,Fuel Oil,Región de Atacama,convencional,0.0,0.0,0.0,0.0,2,2024-10-01 01:00:00
HE RAPEL,RAPEL,Hidráulica,Embalse,Región de O'Higgins,convencional,0.0,0.0,2659.5655647539375,160.42866564689314,2,2024-10-01 01:00:00
PFV VALLE DEL SOL,PFV VALLE DEL SOL,Solar,(en blanco),Región de Antofagasta,ernc,1.0,0.0,706.1660057965281,0.0,2,2024-10-01 01:00:00
PMGD PFV LAS TORTOLAS,LAS TORTOLAS,Solar,(en blanco),Región de Ñuble,ernc,1.0,0.0,16.848201386458676,0.0,2,2024-10-01 01:00:00
PMGD PFV IDAHUE DEL VERANO SOLAR,PMGD PFV Idahue del Verano,Solar,(en blanco),Región de O'Higgins,ernc,1.0,0.0,14.820605024760082,0.0,2,2024-10-01 01:00:00
PMGD PFV PARQUE CURICURA,PMGD PFV Curicura,Solar,(en blanco),Región del Maule,ernc,1.0,0.0,57.12710854424974,0.0,2,2024-10-01 01:00:00
PMGD HP EL MIRADOR,PMGD HP El Mirador,Hidráulica,Pasada,Región del Bío-Bío,ernc,1.0,0.0,0.0,0.0,2,2024-10-01 01:00:00
PMGD PFV LA LIGUA,La Ligua,Solar,(en blanco),Región de Valparaíso,ernc,1.0,0.0,22.24002442723588,0.0,2,2024-10-01 01:00:00
GEO CERRO PABELLON,GEO Cerro Pabellón G1A,Geotérmica,(en blanco),Región de Antofagasta,ernc,1.0,0.0,231.21966402584366,9.735459478867364,2,2024-10-01 01:00:00
PFV LUZ DEL NORTE,Luz del Norte,Solar,(en blanco),Región de Atacama,ernc,1.0,0.0,717.7224864728814,0.0,2,2024-10-01 01:00:00
TER UJINA,TER UJINA-UG6 (Diésel),Térmica,Diésel,Región de Tarapacá,convencional,0.0,0.0,0.0,0.0,2,2024-10-01 01:00:00
PMGD TER TAMM,Tamm,Térmica,Biomasa,Región de O'Higgins,ernc,1.0,0.0,0.0,0.0,2,2024-10-01 01:00:00
HP LA CONFLUENCIA,LA CONFLUENCIA,Hidráulica,Pasada,Región de O'Higgins,convencional,0.0,0.0,737.743714034252,0.0,2,2024-10-01 01:00:00
TER UJINA,TER UJINA-UG4 (Diésel),Térmica,Diésel,Región de Tarapacá,convencional,0.0,0.0,0.0,0.0,2,2024-10-01 01:00:00
PMGD PFV DON EUGENIO,Don Eugenio,Solar,(en blanco),Región de O'Higgins,ernc,1.0,0.0,18.993428509172542,0.0,2,2024-10-01 01:00:00
PMGD PFV MOSTAZAL,Mostazal,Solar,(en blanco),Región de O'Higgins,ernc,1.0,0.0,45.671777214216704,0.0,2,2024-10-01 01:00:00
PMGD PFV EL PITIO,EL PITIO SOLAR,Solar,(en blanco),Región del Maule,ernc,1.0,0.0,19.233336101939965,0.0,2,2024-10-01 01:00:00
PFV LOS LOROS,Parque Solar Los Loros,Solar,(en blanco),Región de Atacama,ernc,1.0,0.0,218.61259419709458,0.0,2,2024-10-01 01:00:00
PE RENAICO II,PE Renaico II,Eólica,(en blanco),Región de la Araucanía,ernc,1.0,0.0,392.6501914996835,4.922760599797269,2,2024-10-01 01:00:00
PMGD PFV VITUCO 2B,Vituco 2B,Solar,(en blanco),Región de O'Higgins,ernc,1.0,0.0,20.336582259582038,0.0,2,2024-10-01 01:00:00
TER NUEVA RENCA,Nueva Renca GNL,Térmica,Gas Natural,Región Metropolitana,convencional,0.0,0.0,0.0,0.0,2,2024-10-01 01:00:00
PMGD PFV NAHUEN,Nahuen,Solar,(en blanco),Región Metropolitana,ernc,1.0,0.0,65.4229423251924,0.0,2,2024-10-01 01:00:00
HP ABANICO,ABANICO,Hidráulica,Pasada,Región del Bío-Bío,convencional,0.0,0.0,784.4962220396791,35.14990146247805,2,2024-10-01 01:00:00
TER ATACAMA,Atacama TG2B + 0.5TV2C Gas Arg,Térmica,Gas Natural,Región de Antofagasta,convencional,0.0,0.0,0.0,0.0,2,2024-10-01 01:00:00
PMGD PFV PARQUE ROMERIA,PMGD PFV Romeria,Solar,(en blanco),Región del Maule,ernc,1.0,0.0,57.50650643928863,0.0,2,2024-10-01 01:00:00
PMGD PFV LAS CATITAS,PMGD PFV Las Catitas,Solar,(en blanco),Región del Maule,ernc,1.0,0.0,46.81492050098519,0.0,2,2024-10-01 01:00:00
PFV WILLKA,PFV WILLKA,Solar,(en blanco),Arica y Parinacota,ernc,1.0,0.0,468.18254875145084,0.0,2,2024-10-01 01:00:00
PMGD PFV CIPRES,PFV CIPRES,Solar,(en blanco),Región del Maule,ernc,1.0,0.0,47.43812545734664,0.0,2,2024-10-01 01:00:00
PMGD PFV BELEN,PMGD PFV BELEN,Solar,(en blanco),Región Metropolitana,ernc,1.0,0.0,0.0,0.0,2,2024-10-01 01:00:00
PMGD PFV TRICAHUE II,Solar Tricahue 2,Solar,(en blanco),Región de O'Higgins,ernc,1.0,0.0,39.46226720839984,0.0,2,2024-10-01 01:00:00
PMGD TER LIPIGAS CONCON,Lipigas Concón,Térmica,Gas Natural,Región de Valparaíso,convencional,0.0,0.0,0.0,0.0,2,2024-10-01 01:00:00
TER COLIHUES,TER COLIHUES (HFO),Térmica,Fuel Oil,Región de O'Higgins,convencional,0.0,0.0,0.0,0.0,2,2024-10-01 01:00:00
PMGD PFV BERGAMO,PMGD PFV Bérgamo,Solar,(en blanco),Región del Maule,ernc,1.0,0.0,12.215115948228686,0.0,2,2024-10-01 01:00:00
BESS Andes Solar IIB,BESS Andes Solar IIB (retiro),Bess,(en blanco),Región de Antofagasta,ernc,1.0,0.0,0.0,0.0,2,2024-10-01 01:00:00
PMGD PFV CINTAC,PMGD PFV Cintac,Solar,(en blanco),Región Metropolitana,ernc,1.0,0.0,0.11481959836343114,0.0,2,2024-10-01 01:00:00
PMGD PFV LLAY LLAY,LLAY LLAY,Solar,(en blanco),Región de Valparaíso,ernc,1.0,0.0,59.95133596339578,0.0,2,2024-10-01 01:00:00
TER ANDES GENERACION,Andes Generación Unidad 4 FO6,Térmica,Diésel,Región de Atacama,convencional,0.0,0.0,0.0,0.0,2,2024-10-01 01:00:00
PFV SDGX01,SDGx01 (Andacollo),Solar,(en blanco),Región de Coquimbo,ernc,1.0,0.0,1.2006733170237243,0.0,2,2024-10-01 01:00:00
TER TRINCAO,TER TRINCAO,Térmica,Diésel,Región de los Lagos,convencional,0.0,0.0,0.0,0.0,2,2024-10-01 01:00:00
PMGD TER ELECTRICA PINARES LIMITADA,PINARES,Térmica,Gas Natural,Región del Maule,convencional,0.0,0.0,0.0,0.0,2,2024-10-01 01:00:00
PMGD PFV TRICA-DOS,Trica-dos,Solar,(en blanco),Región del Maule,ernc,1.0,0.0,14.504220633514436,0.0,2,2024-10-01 01:00:00
PMGD PFV ERINOME,PMGD PFV Erinome,Solar,(en blanco),Región del Maule,ernc,1.0,0.0,15.908497435884179,0.0,2,2024-10-01 01:00:00
TER CANDELARIA,Candelaria 1 Diésel,Térmica,Diésel,Región de O'Higgins,convencional,0.0,0.0,0.0,0.0,2,2024-10-01 01:00:00
BESS San Andrés,BESS San Andrés (retiro),Bess,(en blanco),Región de Atacama,ernc,1.0,0.0,215.64117576565081,0.0,2,2024-10-01 01:00:00
PMGD PFV TAMARUGO,Tamarugo,Solar,(en blanco),Región de Tarapacá,ernc,1.0,0.0,24.44989734130189,0.0,2,2024-10-01 01:00:00
PMGD HP CURILEUFU,Curileufu,Hidráulica,Pasada,Región de los Ríos,ernc,1.0,0.0,0.0,0.0,2,2024-10-01 01:00:00
PMGD PFV PARQUE SOLAR RIO PEUCO,PMGD PFV Parque Solar Río Peuco,Solar,(en blanco),Región de O'Higgins,ernc,1.0,0.0,12.968265084759917,0.0,2,2024-10-01 01:00:00
PMGD PFV LONCURA,PMGD PFV Loncura,Solar,(en blanco),Región Metropolitana,ernc,1.0,0.0,80.75036206496084,0.0,2,2024-10-01 01:00:00
PMGD PFV ALTO BELLAVISTA SUNLIGHT,PMGD PFV Alto Bellavista Sunlight,Solar,(en blanco),Región de O'Higgins,ernc,1.0,0.0,4.6734828633138,0.0,2,2024-10-01 01:00:00
PFV DESIERTO DE ATACAMA [EN_REVISION],PFV DESIERTO DE ATACAMA,Solar,(en blanco),Región de Atacama,ernc,1.0,0.0,0.0,0.0,2,2024-10-01 01:00:00
HP LAJA I,LAJA I,Hidráulica,Pasada,Región del Bío-Bío,ernc,0.194,0.0,760.0962489528437,26.63493641597628,2,2024-10-01 01:00:00
HP ANCOA,ANCOA,Hidráulica,Pasada,Región del Maule,ernc,0.4,0.0,281.2577245128074,17.809987535851906,2,2024-10-01 01:00:00
HP CARILAFQUEN,Carilafquen,Hidráulica,Pasada,Región de la Araucanía,ernc,0.95,0.0,302.17945706194575,16.999533046860893,2,2024-10-01 01:00:00
TER NUEVA ALDEA,Nueva Aldea Bloque 2,Térmica,Biomasa,Región de Ñuble,ernc,0.32,0.0,892.0602521047261,38.16140025940403,2,2024-10-01 01:00:00
PMGD PFV FULGOR,PMGD PFV Fulgor,Solar,(en blanco),Región del Bío-Bío,ernc,1.0,0.0,17.602790518114492,0.0,2,2024-10-01 01:00:00
TER SAN ISIDRO II,San Isidro II Gas Arg,Térmica,Gas Natural,Región de Valparaíso,convencional,0.0,0.0,6459.112159427898,365.3949072032448,2,2024-10-01 01:00:00
TER ATACAMA,Atacama TG2B Diésel,Térmica,Gas Natural,Región de Antofagasta,convencional,0.0,0.0,0.0,0.0,2,2024-10-01 01:00:00
PMGD PFV PAINE,PMGD PFV Paine,Solar,(en blanco),Región de Antofagasta,ernc,1.0,0.0,91.1844717061685,0.0,2,2024-10-01 01:00:00
PMGD PFV PSF LA GAMBOINA,PMGD PFV La Gamboina,Solar,(en blanco),Región de O'Higgins,ernc,1.0,0.0,22.548577362435157,0.0,2,2024-10-01 01:00:00
PMGD TER REY,Rey,Térmica,Diésel,Región de los Ríos,convencional,0.0,0.0,0.0,0.0,2,2024-10-01 01:00:00
PMGD PFV LOS TORDOS,PMGD PFV Los Tordos,Solar,(en blanco),Región del Maule,ernc,1.0,0.0,37.09129166133759,0.0,2,2024-10-01 01:00:00
PMGD PFV ROSARIO,PMGD PFV Rosario,Solar,(en blanco),Región de O'Higgins,ernc,1.0,0.0,0.0,0.0,2,2024-10-01 01:00:00
TER CORONEL,Coronel TG GNL,Térmica,Gas Natural,Región del Bío-Bío,convencional,0.0,0.0,0.0,0.0,2,2024-10-01 01:00:00
PFV SANTIAGO SOLAR,Santiago Solar,Solar,(en blanco),Región Metropolitana,ernc,1.0,0.0,367.28596767755715,0.0,2,2024-10-01 01:00:00
PMGD PFV LAS CODORNICES,Las Codornices,Solar,(en blanco),Región de Ñuble,ernc,1.0,0.0,5.960436707378749,0.0,2,2024-10-01 01:00:00
TER CAMPICHE,Campiche,Térmica,Carbón,Región de Valparaíso,convencional,0.0,0.0,2317.299501855787,269.15093523281814,2,2024-10-01 01:00:00
TER EL SALVADOR,El Salvador TG,Térmica,Diésel,Región de Atacama,convencional,0.0,0.0,0.0,0.0,2,2024-10-01 01:00:00
PMGD TER ETERSOL,ETERSOL,Térmica,Diésel,Región Metropolitana,convencional,0.0,0.0,0.0,0.0,2,2024-10-01 01:00:00
PMGD PFV PARQUE SOLAR EL PALQUI,PMGD PFV El Palqui,Solar,(en blanco),Región de Coquimbo,ernc,1.0,0.0,22.546763648435427,0.0,2,2024-10-01 01:00:00
CSP CERRO DOMINADOR,CSP CERRO DOMINADOR,Solar,(en blanco),Región de Antofagasta,ernc,1.0,0.0,0.0,0.0,2,2024-10-01 01:00:00
PMGD PFV PARQUE LA TRAVESIA,PMGD PFV Parque La Travesía,Solar,(en blanco),Región de Atacama,ernc,1.0,0.0,1.7209944144799412,0.0,2,2024-10-01 01:00:00
PMGD PFV LINGUE,Lingue Solar,Solar,(en blanco),Región de Valparaíso,ernc,1.0,0.0,22.999883911915376,0.0,2,2024-10-01 01:00:00
PMGD PFV SAN EDUARDO,PMGD PFV San Eduardo,Solar,(en blanco),Región de Ñuble,ernc,1.0,0.0,1.8755201144448217,0.0,2,2024-10-01 01:00:00
PMGD HP EL CANELO,EL CANELO,Hidráulica,Pasada,Región de la Araucanía,ernc,1.0,0.0,124.89142368930217,5.206006841636522,2,2024-10-01 01:00:00
PMGD PFV LIRIO DEL CAMPO,Lirio del campo,Solar,(en blanco),Región Metropolitana,ernc,1.0,0.0,16.768736649095516,0.0,2,2024-10-01 01:00:00
BESS San Andrés,BESS San Andrés (Inyección),Bess,(en blanco),Región de Atacama,ernc,1.0,0.0,220.4867475527845,20.8316617752917,2,2024-10-01 01:00:00
PMGD PFV  LAS MOLLACAS,Las Mollacas,Solar,(en blanco),Región de Coquimbo,ernc,1.0,0.0,0.16710354430447627,0.0,2,2024-10-01 01:00:00
PMGD HP RIO MULCHEN,Hidroeléctrica Rio Mulchen,Hidráulica,Pasada,Región del Bío-Bío,ernc,1.0,0.0,70.42827090729944,2.7949560353555567,2,2024-10-01 01:00:00
TER HORNITOS,TER HORNITOS,Térmica,Carbón,Región de Antofagasta,convencional,0.0,0.0,0.0,0.0,2,2024-10-01 01:00:00
HP SAUZALITO,SAUZALITO,Hidráulica,Pasada,Región de O'Higgins,ernc,1.0,0.0,0.0,0.0,2,2024-10-01 01:00:00
PMGD PFV EL BOCO,EL BOCO,Solar,(en blanco),Región de Valparaíso,ernc,1.0,0.0,55.94604511531525,0.0,2,2024-10-01 01:00:00
PMGD PFV PARQUE SOLAR FOTOVOLTAICO LA VICTORIA,PMGD PFV Parque Solar Fotovoltaico La Victoria,Solar,(en blanco),Región de Ñuble,ernc,1.0,0.0,61.30210143752952,0.0,2,2024-10-01 01:00:00
HE CANUTILLAR,CANUTILLAR,Hidráulica,Embalse,Región de los Lagos,convencional,0.0,0.0,2596.4560480638033,133.07462597012943,2,2024-10-01 01:00:00
PMGD PFV AHE BUENAS YERBAS,PMGD PFV AHE BUENAS YERBAS,Solar,(en blanco),Región Metropolitana,ernc,1.0,0.0,69.91411278713528,0.0,2,2024-10-01 01:00:00
HE ANTUCO,ANTUCO,Hidráulica,Embalse,Región del Bío-Bío,convencional,0.0,0.0,5900.5989547923655,287.87433499459587,2,2024-10-01 01:00:00
HP VOLCAN,VOLCÁN,Hidráulica,Pasada,Región Metropolitana,ernc,1.0,0.0,132.06405926163447,4.192350998607837,2,2024-10-01 01:00:00
PMGD PFV CE CALDERA,PMGD PFV Ce Caldera,Solar,(en blanco),Región de Atacama,ernc,1.0,0.0,7.942584083464937,0.0,2,2024-10-01 01:00:00
HP SAUZAL,SAUZAL 60 Hz,Hidráulica,Pasada,Región de O'Higgins,convencional,0.0,0.0,0.0,0.0,2,2024-10-01 01:00:00
TER COCHRANE,CCR1 (Carbon),Térmica,Carbón,Región de Antofagasta,convencional,0.0,0.0,4312.648459362638,263.94801752571533,2,2024-10-01 01:00:00
PMGD PFV FLORENCIA SOLAR,PMGD PFV Florencia Solar,Solar,(en blanco),Región de Coquimbo,ernc,1.0,0.0,78.49666577299537,0.0,2,2024-10-01 01:00:00
PMGD HP ALTO HOSPICIO,Minihidro Alto Hospicio,Hidráulica,Pasada,Región de Tarapacá,ernc,1.0,0.0,22.87947958213025,0.9611342635268104,2,2024-10-01 01:00:00
PMGD PFV FRANCISCO,PMGD PFV Francisco,Solar,(en blanco),Región de O'Higgins,ernc,1.0,0.0,13.24240594515727,0.0,2,2024-10-01 01:00:00
TER TOCOPILLA,TER TOCOPILLA TG3 Diesel,Térmica,Gas Natural,Región de Antofagasta,convencional,0.0,0.0,0.0,0.0,2,2024-10-01 01:00:00
PMGD PE UCUQUER,UCUQUER,Eólica,(en blanco),Región de O'Higgins,ernc,1.0,0.0,41.728499267308614,2.036210628131609,2,2024-10-01 01:00:00
TER MASISA,Masisa,Térmica,Biomasa,Región del Bío-Bío,ernc,1.0,0.0,113.84384167579944,4.742659602243711,2,2024-10-01 01:00:00
PMGD HP TRAILELFU,Trailelfú,Hidráulica,Pasada,Región de la Araucanía,ernc,1.0,0.0,61.56388878068607,2.5669719846061994,2,2024-10-01 01:00:00
PMGD PFV VILLA ALEGRE,Villa Alegre,Solar,(en blanco),Región del Maule,ernc,1.0,0.0,49.48342980067793,0.0,2,2024-10-01 01:00:00
PMGD PFV EL PIUQUEN,El Piuquen,Solar,(en blanco),Región de Ñuble,ernc,1.0,0.0,17.848130016401463,0.0,2,2024-10-01 01:00:00
PFV CAMPOS DEL SOL,PFV Campos del Sol,Solar,(en blanco),Región de Atacama,ernc,1.0,0.0,1987.9748222181304,0.0,2,2024-10-01 01:00:00
PFV LA CRUZ SOLAR,PFV LA CRUZ SOLAR,Solar,(en blanco),Región de Antofagasta,ernc,1.0,0.0,269.12091839989256,0.0,2,2024-10-01 01:00:00
PMGD PFV PULLALLI SOLAR,Pullalli,Solar,(en blanco),Región de Valparaíso,ernc,1.0,0.0,7.858865365242202,0.0,2,2024-10-01 01:00:00
PFV PEUMO YUNGAY [EN_REVISION],PFV PEUMO YUNGAY [EN_REVISION],Solar,(en blanco),Región de Ñuble,ernc,1.0,0.0,0.0,0.0,2,2024-10-01 01:00:00
PFV EMILIA SOLAR,PMG Emilia Solar,Solar,(en blanco),Región de Coquimbo,ernc,1.0,0.0,0.0,0.0,2,2024-10-01 01:00:00
BESS Punta Sierra,BESS Punta Sierra (Retiro),Bess,(en blanco),Región de Coquimbo,ernc,1.0,0.0,0.0,0.0,2,2024-10-01 01:00:00
PMGD PFV LA HUERTA,PMGD PFV LA HUERTA [EN_REVISION],Solar,(en blanco),Región del Maule,ernc,1.0,0.0,13.549054546838944,0.0,2,2024-10-01 01:00:00
PMGD PFV ÑILHUE,Ñilhue,Solar,(en blanco),Región de Valparaíso,ernc,1.0,0.0,6.760450201338646,0.0,2,2024-10-01 01:00:00
TER ATACAMA,Atacama TG1B Diésel,Térmica,Gas Natural,Región de Antofagasta,convencional,0.0,0.0,0.0,0.0,2,2024-10-01 01:00:00
HP SAN IGNACIO,SAN IGNACIO,Hidráulica,Pasada,Región del Maule,ernc,0.0575,0.0,668.3748131432063,26.014588535514022,2,2024-10-01 01:00:00
PMGD PFV NAN,PMGD PFV Nan,Solar,(en blanco),Región de O'Higgins,ernc,1.0,0.0,26.65242214357271,0.0,2,2024-10-01 01:00:00
PMGD PFV QUILLAY,Quillay,Solar,(en blanco),Región Metropolitana,ernc,1.0,0.0,16.837715035492725,0.0,2,2024-10-01 01:00:00
BESS Punta Sierra,BESS Punta Sierra (Inyección),Bess,(en blanco),Región de Coquimbo,ernc,1.0,0.0,0.0,0.0,2,2024-10-01 01:00:00
PFV QUILAPILUN,Quilapilun,Solar,(en blanco),Región Metropolitana,ernc,1.0,0.0,490.0348031212825,0.0,2,2024-10-01 01:00:00
PMGD TER GAMI,PRP Gami,Térmica,Diésel,Región de los Lagos,convencional,0.0,0.0,0.0,0.0,2,2024-10-01 01:00:00
PMGD TER RASO POWER,Raso Power,Térmica,Diésel,Región del Maule,convencional,0.0,0.0,0.0,0.0,2,2024-10-01 01:00:00
PMGD PFV PARQUE ALHUE,PMGD PFV ALHUE,Solar,(en blanco),Región Metropolitana,ernc,1.0,0.0,13.153266398026563,0.0,2,2024-10-01 01:00:00
TER TOCOPILLA,TER TOCOPILLA TG3 GNL,Térmica,Gas Natural,Región de Antofagasta,convencional,0.0,0.0,0.0,0.0,2,2024-10-01 01:00:00
PMGD PFV PSF HORIZONTE,PMGD PFV PSF Horizonte,Solar,(en blanco),Región Metropolitana,ernc,1.0,0.0,32.25233105624151,0.0,2,2024-10-01 01:00:00
TER QUINTERO,Quintero TG 1A GNL,Térmica,Gas Natural,Región de Valparaíso,convencional,0.0,0.0,0.0,0.0,2,2024-10-01 01:00:00
PMGD PFV LOS LIBERTADORES,Los Libertadores,Solar,(en blanco),Región de O'Higgins,ernc,1.0,0.0,10.379840822984246,0.0,2,2024-10-01 01:00:00
PMGD PFV GRANATE,PMGD PFV Granate,Solar,(en blanco),Región de Coquimbo,ernc,1.0,0.0,82.88780515662347,0.0,2,2024-10-01 01:00:00
HP PULELFU,Pulelfu,Hidráulica,Pasada,Región de los Lagos,ernc,1.0,0.0,225.8966789870385,9.425285538636235,2,2024-10-01 01:00:00
PMGD PFV EL LORO CHOROY,PMGD PFV EL LORO CHOROY,Solar,(en blanco),Región Metropolitana,ernc,1.0,0.0,47.67333470626335,0.0,2,2024-10-01 01:00:00
PFV LA HUELLA,LA HUELLA,Solar,(en blanco),Región de Coquimbo,ernc,1.0,0.0,423.37742280451545,0.0,2,2024-10-01 01:00:00
PMGD PFV TAMBO REAL,TAMBO REAL,Solar,(en blanco),Región de Coquimbo,ernc,1.0,0.0,18.985046781243135,0.0,2,2024-10-01 01:00:00
PMGD PFV SIETE COLORES,PMGD PFV Siete Colores,Solar,(en blanco),Región de Coquimbo,ernc,1.0,0.0,48.289423247060896,0.0,2,2024-10-01 01:00:00
HP SAUZAL,SAUZAL,Hidráulica,Pasada,Región de O'Higgins,convencional,0.0,0.0,931.0873678425372,35.40958708972833,2,2024-10-01 01:00:00
TER CANDELARIA,Candelaria 1 GNL,Térmica,Gas Natural,Región de O'Higgins,convencional,0.0,0.0,0.0,0.0,2,2024-10-01 01:00:00
PFV URIBE SOLAR,PFV URIBE SOLAR,Solar,(en blanco),Región de Antofagasta,ernc,1.0,0.0,264.93857301225995,0.0,2,2024-10-01 01:00:00
PMGD PFV AVELLANO SOLAR,PMGD PFV Avellano,Solar,(en blanco),Región del Bío-Bío,ernc,1.0,0.0,36.99785663417528,0.0,2,2024-10-01 01:00:00
PMGD HP ARRAYAN,Arrayán,Hidráulica,Pasada,Región Metropolitana,ernc,1.0,0.0,0.0,0.0,2,2024-10-01 01:00:00
PMGD PFV VERONA SOLAR,PMGD PFV Verona,Solar,(en blanco),Región Metropolitana,ernc,1.0,0.0,0.04401719108656617,0.0038138987690819587,2,2024-10-01 01:00:00
TER ANDES GENERACION,Andes Generación Unidad 3 FO6,Térmica,Diésel,Región de Atacama,convencional,0.0,0.0,0.0,0.0,2,2024-10-01 01:00:00
PMGD PFV PARQUE SOLAR EL OLIVAR,PMGD PFV Parque Solar El Olivar,Solar,(en blanco),Región del Bío-Bío,ernc,1.0,0.0,67.16746253743665,0.0,2,2024-10-01 01:00:00
PMGD PFV CENTAURO SOLAR,PMGD PFV Centauro Solar,Solar,(en blanco),Región de Ñuble,ernc,1.0,0.0,56.34185471435654,0.0,2,2024-10-01 01:00:00
PMGD TER ESTANCILLA,Estancilla,Térmica,Diésel,Región Metropolitana,convencional,0.0,0.0,0.0,0.0,2,2024-10-01 01:00:00
PFV POZO ALMONTE SOLAR III,PFV POZO ALMONTE SOLAR III,Solar,(en blanco),Región de Tarapacá,ernc,1.0,0.0,86.44847882570814,0.0,2,2024-10-01 01:00:00
TER UJINA,TER UJINA-UG3 (Diésel),Térmica,Diésel,Región de Tarapacá,convencional,0.0,0.0,0.0,0.0,2,2024-10-01 01:00:00
TER ANDES GENERACION,Andes Generación Unidad 3 Diesel,Térmica,Diésel,Región de Atacama,convencional,0.0,0.0,0.0,0.0,2,2024-10-01 01:00:00
PMGD PFV TREBO,PMGD PFV TREBO,Solar,(en blanco),Región Metropolitana,ernc,1.0,0.0,17.895553766527968,0.0,2,2024-10-01 01:00:00
PMGD PFV ENAMI SOLAR,PMGD PFV Enami Solar,Solar,(en blanco),Región Metropolitana,ernc,1.0,0.0,45.770260210393545,0.0,2,2024-10-01 01:00:00
PMGD PFV LOS PERALES,Los Perales,Solar,(en blanco),Región de Valparaíso,ernc,1.0,0.0,17.815256375927145,0.0,2,2024-10-01 01:00:00
PMGD PFV BERRUECO,PMGD PFV BERRUECO,Solar,(en blanco),Región de Ñuble,ernc,1.0,0.0,62.740161259938056,0.0,2,2024-10-01 01:00:00
PFV COYA,PFV COYA,Solar,(en blanco),Región de Antofagasta,ernc,1.0,0.0,698.7418424529313,0.0,2,2024-10-01 01:00:00
PMGD PFV SATURNO NORTE,Saturno Norte,Solar,(en blanco),Región del Maule,ernc,1.0,0.0,27.107467391951214,0.0,2,2024-10-01 01:00:00
PMGD PFV INDEPENDENCIA,PMGD PFV Independencia,Solar,(en blanco),Región Metropolitana,ernc,1.0,0.0,19.210330058845184,0.0,2,2024-10-01 01:00:00
HP LA MINA,LA MINA,Hidráulica,Pasada,Región del Maule,convencional,0.0,0.0,180.30110977306256,9.405274316685839,2,2024-10-01 01:00:00
PMGD PFV GR PITAO,GR Pitao,Solar,(en blanco),Región del Maule,ernc,1.0,0.0,0.0,0.0,2,2024-10-01 01:00:00
HE EL TORO,EL TORO,Hidráulica,Embalse,Región del Bío-Bío,convencional,0.0,0.0,2271.704087128445,193.9654725135608,2,2024-10-01 01:00:00
TER ANDES GENERACION,Andes Generación Unidad 2 FO6,Térmica,Diésel,Región de Atacama,convencional,0.0,0.0,0.0,0.0,2,2024-10-01 01:00:00
PMGD TER SALMOFOOD,PMGD TER Salmofood I,Térmica,Diésel,Región de los Lagos,convencional,0.0,0.0,0.0,0.0,2,2024-10-01 01:00:00
TER ATACAMA,Atacama TG1A + TG1B + TV1C GNL,Térmica,Gas Natural,Región de Antofagasta,convencional,0.0,0.0,0.0,0.0,2,2024-10-01 01:00:00
PE NEGRETE,NEGRETE,Eólica,(en blanco),Región del Bío-Bío,ernc,1.0,0.0,189.3761989275669,1.971105362113947,2,2024-10-01 01:00:00
TER AGUAS BLANCAS,AGB,Térmica,Diésel,Región de Antofagasta,convencional,0.0,0.0,0.0,0.0,2,2024-10-01 01:00:00
PMGD PFV AXEL SOLAR,PMGD PFV Axel Solar,Solar,(en blanco),Región Metropolitana,ernc,1.0,0.0,22.641498087685772,0.0,2,2024-10-01 01:00:00
PFV POZO ALMONTE SOLAR II,PFV POZO ALMONTE SOLAR II,Solar,(en blanco),Región de Tarapacá,ernc,1.0,0.0,46.0858441517606,0.0,2,2024-10-01 01:00:00
PMGD PFV NORTE CHICO,Norte Chico I,Solar,(en blanco),Región de Coquimbo,ernc,1.0,0.0,18.16439107048174,0.0,2,2024-10-01 01:00:00
BESS Diego de Almagro Sur,BESS Diego de Almagro Sur (inyección),Bess,(en blanco),Región de Atacama,ernc,1.0,0.0,33.73892020836664,0.0,2,2024-10-01 01:00:00
TER UJINA,TER UJINA-UG6 (HFO),Térmica,Fuel Oil,Región de Tarapacá,convencional,0.0,0.0,0.0,0.0,2,2024-10-01 01:00:00
PMGD PFV YAHUTELA,PMGD PFV Yahutela,Solar,(en blanco),Región de Valparaíso,ernc,1.0,0.0,46.15253803374688,0.0,2,2024-10-01 01:00:00
PMGD PFV PVP LA ROSA,PMGD PFV PVP LA ROSA [EN_REVISION],Solar,(en blanco),Región de O'Higgins,ernc,1.0,0.0,0.0,0.0,2,2024-10-01 01:00:00
TER UJINA,TER UJINA-UG3 (HFO),Térmica,Fuel Oil,Región de Tarapacá,convencional,0.0,0.0,0.0,0.0,2,2024-10-01 01:00:00
PMGD PFV LOS PALTOS,Los Paltos,Solar,(en blanco),Región de Valparaíso,ernc,1.0,0.0,22.15058794308798,0.0,2,2024-10-01 01:00:00
PE CABO LEONES,PE CABO LEONES,Eólica,(en blanco),Región de Atacama,ernc,1.0,0.0,2477.939586062587,88.64971324025163,2,2024-10-01 01:00:00
PMGD PFV SOLAR TORINO,PMGD PFV Torino,Solar,(en blanco),Región del Maule,ernc,1.0,0.0,31.168423997034484,0.0,2,2024-10-01 01:00:00
PMGD PFV ALTO SOLAR,Alto Solar,Solar,(en blanco),Región Metropolitana,ernc,1.0,0.0,20.103545920896163,0.0,2,2024-10-01 01:00:00
TER ANDES GENERACION,Andes Generación Unidad 4 Diesel,Térmica,Diésel,Región de Atacama,convencional,0.0,0.0,0.0,0.0,2,2024-10-01 01:00:00
TER ATACAMA,Atacama TG2A + TG2B + TV2C Gas Arg,Térmica,Gas Natural,Región de Antofagasta,convencional,0.0,0.0,0.0,0.0,2,2024-10-01 01:00:00
PMGD HP EL COLORADO,El Colorado,Hidráulica,Pasada,Región de los Lagos,ernc,1.0,0.0,35.60350963066659,1.8236854418485706,2,2024-10-01 01:00:00
TER HUASCO,Huasco TG,Térmica,Diésel,Región de Atacama,convencional,0.0,0.0,0.0,0.0,2,2024-10-01 01:00:00
PMGD HP EYZAGUIRRE,EYZAGUIRRE,Hidráulica,Pasada,Región Metropolitana,ernc,1.0,0.0,0.0,0.0,2,2024-10-01 01:00:00
PMGD PFV PSF COYUNCHE,PMGD PFV Coyunche,Solar,(en blanco),Región del Bío-Bío,ernc,1.0,0.0,15.552770438679207,0.0,2,2024-10-01 01:00:00
PMGD PFV RATULEMUS,PMGD PFV Ratulemus,Solar,(en blanco),Región del Maule,ernc,1.0,0.0,16.517392160512884,0.0,2,2024-10-01 01:00:00
TER MANTOS BLANCOS,TER MANTOS BLANCOS,Térmica,Diésel,Región de Antofagasta,convencional,0.0,0.0,0.0,0.0,2,2024-10-01 01:00:00
PMGD PFV TRINIDAD,Trinidad Solar,Solar,(en blanco),Región de O'Higgins,ernc,1.0,0.0,19.769174364956758,0.0,2,2024-10-01 01:00:00
HE MACHICURA,MACHICURA,Hidráulica,Embalse,Región del Maule,convencional,0.0,0.0,1261.7075439724306,47.026371583429196,2,2024-10-01 01:00:00
HE CIPRESES,CIPRESES,Hidráulica,Embalse,Región del Maule,convencional,0.0,0.0,1099.5643518484658,67.8335298812906,2,2024-10-01 01:00:00
PMGD PFV VIÑAS DEL SOL,PMGD PFV Viñas del Sol,Solar,(en blanco),Región de Valparaíso,ernc,1.0,0.0,49.27006871543708,0.0,2,2024-10-01 01:00:00
PFV PUERTO SECO SOLAR,PFV PUERTO SECO SOLAR,Solar,(en blanco),Región de Antofagasta,ernc,1.0,0.0,93.72255800467686,0.0,2,2024-10-01 01:00:00
TER LOMA LOS COLORADOS II,Loma Los Colorados II,Térmica,BioGas,Región Metropolitana,ernc,1.0,0.0,284.1593516956147,15.908921450564344,2,2024-10-01 01:00:00
TER UJINA,TER UJINA-UG1 (HFO),Térmica,Fuel Oil,Región de Tarapacá,convencional,0.0,0.0,0.0,0.0,2,2024-10-01 01:00:00
PMGD PFV PSF PUANGUE,PMGD PFV Puangue,Solar,(en blanco),Región Metropolitana,ernc,1.0,0.0,29.084384818171124,0.0,2,2024-10-01 01:00:00
PMGD PFV SAN CARLOS SOLAR,PMGD PFV San Carlos,Solar,(en blanco),Región de Ñuble,ernc,1.0,0.0,18.149602907633394,0.0,2,2024-10-01 01:00:00
PE AURORA,Aurora,Eólica,(en blanco),Región de los Lagos,ernc,1.0,0.0,549.9984296956424,47.84683168339541,2,2024-10-01 01:00:00
PMGD TER PRP LAS QUEMAS,PRP Las Quemas,Térmica,Diésel,Región de los Lagos,convencional,0.0,0.0,0.0,0.0,2,2024-10-01 01:00:00
PMGD HP LA BIFURCADA,PMGD LA BIFURCADA,Hidráulica,Pasada,Región del Bío-Bío,ernc,1.0,0.0,2.485090466954067,0.1027412436290479,2,2024-10-01 01:00:00
PMGD PFV FV CHICAUMA DEL VERANO,PMGD PFV FV CHICAUMA DEL VERANO,Solar,(en blanco),Región Metropolitana,ernc,1.0,0.0,56.11548456525558,0.0,2,2024-10-01 01:00:00
PMGD PFV TECHOS DE ALTAMIRA,Solar Techos de Altamira,Solar,(en blanco),Región Metropolitana,ernc,1.0,0.0,0.0,0.0,2,2024-10-01 01:00:00
TER ANDES GENERACION,Andes Generación Unidad 1 Diesel,Térmica,Diésel,Región de Atacama,convencional,0.0,0.0,0.0,0.0,2,2024-10-01 01:00:00
PMGD PFV LIQUIDAMBAR,PMGD PFV Liquidambar,Solar,(en blanco),Región de Valparaíso,ernc,1.0,0.0,68.98486349085178,0.0,2,2024-10-01 01:00:00
PMGD PFV VENTURADA,Venturada,Solar,(en blanco),Región de Ñuble,ernc,1.0,0.0,62.87430176023224,0.0,2,2024-10-01 01:00:00
PMGD PFV SAN CLEMENTE FLOR DEL LLANO,PMGD PFV SAN CLEMENTE FLOR DEL LLANO,Solar,(en blanco),Región del Maule,ernc,1.0,0.0,0.06499858279153693,0.005748350376398244,2,2024-10-01 01:00:00
PMGD PFV LA VENDIMIA,PMGD PFV La Vendimia,Solar,(en blanco),Región del Maule,ernc,1.0,0.0,57.08564662821764,0.0,2,2024-10-01 01:00:00
PMGD PFV ORION SOLAR,Orion,Solar,(en blanco),Región de Ñuble,ernc,1.0,0.0,19.312907885232644,0.0,2,2024-10-01 01:00:00
TER KELAR,KELAR TG2 + 0.5 TV (GNL),Térmica,Gas Natural,Región de Antofagasta,convencional,0.0,0.0,0.0,0.0,2,2024-10-01 01:00:00
TER ESPERANZA,TER ESPERANZA-DS2,Térmica,Diésel,Región de O'Higgins,convencional,0.0,0.0,0.0,0.0,2,2024-10-01 01:00:00
PMGD PFV LOS LAGOS,Los Lagos Solar,Solar,(en blanco),Región de O'Higgins,ernc,1.0,0.0,2.798568932206207,0.0,2,2024-10-01 01:00:00
PMGD TER ESTANDARTES,Estandartes,Térmica,Diésel,Región de Tarapacá,convencional,0.0,0.0,0.0,0.0,2,2024-10-01 01:00:00
TER ANDES GENERACION,Andes Generación Unidad 1 FO6,Térmica,Diésel,Región de Atacama,convencional,0.0,0.0,0.0,0.0,2,2024-10-01 01:00:00
TER QUINTERO,Quintero TG 1A Diésel,Térmica,Diésel,Región de Valparaíso,convencional,0.0,0.0,0.0,0.0,2,2024-10-01 01:00:00
PMGD PFV GRANADA,Granada,Solar,(en blanco),Región del Maule,ernc,1.0,0.0,47.64129137171036,0.0,2,2024-10-01 01:00:00
HE CONVENTO VIEJO,CONVENTO VIEJO,Hidráulica,Pasada,Región de O'Higgins,ernc,1.0,0.0,152.51552809493856,8.364690775265277,2,2024-10-01 01:00:00
PMGD PFV LAGUNILLA,Solar Lagunilla,Solar,(en blanco),Región de Coquimbo,ernc,1.0,0.0,9.667933580800721,0.0,2,2024-10-01 01:00:00
TER CALLE CALLE,Calle Calle,Térmica,Diésel,Región de los Ríos,convencional,0.0,0.0,0.0,0.0,2,2024-10-01 01:00:00
PMGD PFV MANAO,PMGD PFV MANAO,Solar,(en blanco),Región Metropolitana,ernc,1.0,0.0,23.93211634489082,0.0,2,2024-10-01 01:00:00
PMGD PFV SGT CATAPILCO,PMGD PFV SGT CATAPILCO,Solar,(en blanco),Región Metropolitana,ernc,1.0,0.0,9.724070938869264,0.0,2,2024-10-01 01:00:00
PMGD PFV PLAYERON,PMGD PFV Playeron,Solar,(en blanco),Región del Maule,ernc,1.0,0.0,12.790407758518786,0.0,2,2024-10-01 01:00:00
PMGD PFV PARQUE EL TRIGAL,PMGD PFV El Trigal,Solar,(en blanco),Región de Ñuble,ernc,1.0,0.0,26.229987263129807,0.0,2,2024-10-01 01:00:00
TER ANDES GENERACION,Andes Generación Unidad 2 Diesel,Térmica,Diésel,Región de Atacama,convencional,0.0,0.0,0.0,0.0,2,2024-10-01 01:00:00
TER UJINA,TER UJINA-UG2 (HFO),Térmica,Fuel Oil,Región de Tarapacá,convencional,0.0,0.0,0.0,0.0,2,2024-10-01 01:00:00
PMGD PFV ALICAHUE,Alicahue,Solar,(en blanco),Región de Valparaíso,ernc,1.0,0.0,19.543979571274974,0.0,2,2024-10-01 01:00:00
PMGD PFV SAGRADA FAMILIA LA FORTUNA 15,PMGD PFV SAGRADA FAMILIA LA FORTUNA 15 [EN_REVISION],Solar,(en blanco),Región del Maule,ernc,1.0,0.0,13.568344880127327,0.0,2,2024-10-01 01:00:00
PMGD PFV MAIMALICAN,PMGD PFV Maimalicán,Solar,(en blanco),Región de Coquimbo,ernc,1.0,0.0,71.95565079076778,0.0,2,2024-10-01 01:00:00
PMGD PFV LAS CABRAS,Las Cabras,Solar,(en blanco),Región de O'Higgins,ernc,1.0,0.0,19.5388200763186,0.0,2,2024-10-01 01:00:00
TER NUEVA ALDEA II,Nueva Aldea 2,Térmica,Diésel,Región de Ñuble,convencional,0.0,0.0,0.0,0.0,2,2024-10-01 01:00:00
TER ATACAMA,Atacama TG1A Diésel,Térmica,Gas Natural,Región de Antofagasta,convencional,0.0,0.0,0.0,0.0,2,2024-10-01 01:00:00
PMGD PFV HOMERO SOLAR,Homero,Solar,(en blanco),Región de O'Higgins,ernc,1.0,0.0,13.791236300817006,0.0,2,2024-10-01 01:00:00
PMGD PFV CAUQUENES,PMGD PFV Cauquenes,Solar,(en blanco),Región del Maule,ernc,1.0,0.0,11.861267155988882,0.0,2,2024-10-01 01:00:00
TER COCHRANE,CCR2 (Carbon),Térmica,Carbón,Región de Antofagasta,convencional,0.0,0.0,4450.725890820368,275.0842625411104,2,2024-10-01 01:00:00
PMGD PFV ALAMEDA,PMGD PFV Alameda,Solar,(en blanco),Región de O'Higgins,ernc,1.0,0.0,35.98153343543922,0.0,2,2024-10-01 01:00:00
PFV ANDES SOLAR IV,PFV Andes Solar IV,Solar,(en blanco),Región de Antofagasta,ernc,1.0,0.0,91.77146386451332,0.0,2,2024-10-01 01:00:00
PMGD PFV QUILMO SOLAR,PMGD PFV Quilmo Solar,Solar,(en blanco),Región de Ñuble,ernc,1.0,0.0,36.545873720701735,0.0,2,2024-10-01 01:00:00
PMGD PFV CHACABUCO,Chacabuco,Solar,(en blanco),Región de Valparaíso,ernc,1.0,0.0,66.98144850465424,0.0,2,2024-10-01 01:00:00
PMGD HP EL LLANO,EL LLANO,Hidráulica,Pasada,Región Metropolitana,ernc,1.0,0.0,12.5540836560113,0.5311597578912783,2,2024-10-01 01:00:00
TER LOS ESPINOS,Espinos,Térmica,Diésel,Región de Coquimbo,convencional,0.0,0.0,0.0,0.0,2,2024-10-01 01:00:00
BESS Andes Solar IIA,BESS Andes Solar IIA (retiro),Bess,(en blanco),Región de Antofagasta,ernc,0.95,0.0,259.66229265503995,0.0,2,2024-10-01 01:00:00
TER LOS PINOS,Los Pinos,Térmica,Diésel,Región del Bío-Bío,convencional,0.0,0.0,0.0,0.0,2,2024-10-01 01:00:00
HP CUMBRES,Cumbres,Hidráulica,Pasada,Región de los Ríos,ernc,1.0,0.0,267.1798298707043,13.637647759194467,2,2024-10-01 01:00:00
PMGD PFV DUQUECO SOLAR,PMGD PFV Duqueco Solar,Solar,(en blanco),Región del Bío-Bío,ernc,1.0,0.0,71.0440854194264,0.0,2,2024-10-01 01:00:00
PMGD PFV NEWENTUN,PMGD PFV Newentun,Solar,(en blanco),Región de O'Higgins,ernc,1.0,0.0,41.95895620000779,0.0,2,2024-10-01 01:00:00
PMGD PFV PLAYERITO,PFV PLAYERITO,Solar,(en blanco),Región del Maule,ernc,1.0,0.0,12.215699277849941,0.0,2,2024-10-01 01:00:00
PMGD PFV LA ACACIA,LA ACACIA,Solar,(en blanco),Región de O'Higgins,ernc,1.0,0.0,34.020715495635436,0.0,2,2024-10-01 01:00:00
PFV DIEGO DE ALMAGRO,PFV Diego de Almagro,Solar,(en blanco),Región de Atacama,ernc,1.0,0.0,144.47101687087962,0.0,2,2024-10-01 01:00:00
PMGD PFV CRUCERO,Crucero,Solar,(en blanco),Región de O'Higgins,ernc,1.0,0.0,10.501537046141035,0.0,2,2024-10-01 01:00:00
TER TALTAL,Taltal 1 GNL,Térmica,Gas Natural,Región de Antofagasta,convencional,0.0,0.0,0.0,0.0,2,2024-10-01 01:00:00
PMGD PFV CKILIR,PMGD PFV Ckilir,Solar,(en blanco),Región de Antofagasta,ernc,1.0,0.0,91.83095926091222,0.0,2,2024-10-01 01:00:00
PE PUNTA SIERRA,PARQUE EÓLICO PUNTA SIERRA,Eólica,(en blanco),Región de Coquimbo,ernc,1.0,0.0,1000.9313051258524,17.3997574858688,2,2024-10-01 01:00:00
PMGD PFV SOLARPARK MALLOA,PMGD PFV SOLARPARK MALLOA,Solar,(en blanco),Región de O'Higgins,ernc,1.0,0.0,15.33645403094414,0.0,2,2024-10-01 01:00:00
PMGD TER CALAFATE,Calafate,Térmica,Diésel,Región de los Lagos,convencional,0.0,0.0,0.0,0.0,2,2024-10-01 01:00:00
PMGD PFV CABRERO SOLAR,PMGD PFV Cabrero,Solar,(en blanco),Región del Bío-Bío,ernc,1.0,0.0,45.80953345685725,0.0,2,2024-10-01 01:00:00
PMGD PFV LOICA,PMGD PFV Loica,Solar,(en blanco),Región del Maule,ernc,1.0,0.0,16.875653467415308,0.0,2,2024-10-01 01:00:00
TER NUEVA RENCA,Nueva Renca FA GLP,Térmica,Gas Natural,Región Metropolitana,convencional,0.0,0.0,0.0,0.0,2,2024-10-01 01:00:00
PMGD PFV DON JORGE (EX PERALILLO),Don Jorge,Solar,(en blanco),Región de O'Higgins,ernc,1.0,0.0,20.467706451782323,0.0,2,2024-10-01 01:00:00
PFV DOÑA CARMEN SOLAR,PFV DOÑA CARMEN SOLAR,Solar,(en blanco),Región de Valparaíso,ernc,1.0,0.0,148.24313220852912,0.0,2,2024-10-01 01:00:00
PFV DE LOS ANDES,PFV de los Andes,Solar,(en blanco),Región de Antofagasta,ernc,1.0,0.0,0.0,0.0,2,2024-10-01 01:00:00
PMGD TER ALERCE,Alerce,Térmica,Diésel,Región de los Lagos,convencional,0.0,0.0,0.0,0.0,2,2024-10-01 01:00:00
PMGD PFV DOÑA IGNA,PMGD PFV Doña Igna,Solar,(en blanco),Región Metropolitana,ernc,1.0,0.0,15.665202832839425,0.0,2,2024-10-01 01:00:00
HP ISLA,ISLA,Hidráulica,Pasada,Región del Maule,convencional,0.0,0.0,1150.409079700666,57.927324651131485,2,2024-10-01 01:00:00
PE CABO LEONES II,PE CABO LEONES II,Eólica,(en blanco),Región de Atacama,ernc,1.0,0.0,2210.7097281370066,69.41892894592165,2,2024-10-01 01:00:00
PFV CHAÑARES,PFV Chañares,Solar,(en blanco),Región de Atacama,ernc,1.0,0.0,152.89574131199606,0.0,2,2024-10-01 01:00:00
PMGD PFV PASTRAN,PMGD PFV Pastrán,Solar,(en blanco),Región de Coquimbo,ernc,1.0,0.0,82.55981287487172,0.0,2,2024-10-01 01:00:00
PMGD PFV LUNA DEL NORTE,Luna del Norte,Solar,(en blanco),Región de Coquimbo,ernc,1.0,0.0,21.014185189595068,0.0,2,2024-10-01 01:00:00
PFV SOL DEL NORTE,PFV Sol del Norte (Andes),Solar,(en blanco),Región de Antofagasta,ernc,1.0,0.0,72.25051685190259,0.0,2,2024-10-01 01:00:00
PE SAN GABRIEL,San Gabriel,Eólica,(en blanco),Región de la Araucanía,ernc,1.0,0.0,666.8239434420508,5.6731814229370965,2,2024-10-01 01:00:00
TER LOS GUINDOS,Los Guindos TG1 Diésel,Térmica,Diésel,Región del Bío-Bío,convencional,0.0,0.0,0.0,0.0,2,2024-10-01 01:00:00
TER ATACAMA,Atacama TG1A + 0.5TV1C GNL,Térmica,Gas Natural,Región de Antofagasta,convencional,0.0,0.0,882.995168561197,111.76267459295832,2,2024-10-01 01:00:00
TER ATACAMA,Atacama TG2A Diésel,Térmica,Gas Natural,Región de Antofagasta,convencional,0.0,0.0,0.0,0.0,2,2024-10-01 01:00:00
PMGD PFV VILLA SECA,PMGD PFV VILLA SECA,Solar,(en blanco),Región del Maule,ernc,1.0,0.0,13.508828016389913,0.0,2,2024-10-01 01:00:00
PFV VENEZIA SOLAR [EN_REVISION],PFV VENEZIA SOLAR,Solar,(en blanco),Región del Maule,ernc,1.0,0.0,18.370301750462982,0.0,2,2024-10-01 01:00:00
PMGD TER ZOFRI,Zofri,Térmica,Diésel,Región de Tarapacá,convencional,0.0,0.0,0.0,0.0,2,2024-10-01 01:00:00
PMGD PFV ANAKENA,PMGD PFV Anakena,Solar,(en blanco),Región de Coquimbo,ernc,1.0,0.0,79.34638064863853,0.0,2,2024-10-01 01:00:00
PFV PATAGUILLA [EN_REVISION],PFV PATAGUILLA,Solar,(en blanco),Región Metropolitana,ernc,1.0,0.0,0.0,0.0,2,2024-10-01 01:00:00
PMGD PFV MILAN A,PMGD PFV Milán A,Solar,(en blanco),Región del Maule,ernc,1.0,0.0,15.916971835082048,0.0,2,2024-10-01 01:00:00
PMGD  PFV PLAYERO,PFV PLAYERO,Solar,(en blanco),Región del Maule,ernc,1.0,0.0,12.636988408075764,0.0,2,2024-10-01 01:00:00
PMGD TER CASABLANCA,Casablanca 1,Térmica,Diésel,Región de Valparaíso,convencional,0.0,0.0,0.0,0.0,2,2024-10-01 01:00:00
PFV CONEJO SOLAR,PFV CONEJO SOLAR,Solar,(en blanco),Región de Antofagasta,ernc,1.0,0.0,511.45681621918084,0.0,2,2024-10-01 01:00:00
PMGD PFV CALLE LARGA,CALLE LARGA,Solar,(en blanco),Región de Valparaíso,ernc,1.0,0.0,21.92704236665897,0.0,2,2024-10-01 01:00:00
PMGD PFV ALDEBARAN,PMGD PFV Aldebaran,Solar,(en blanco),Región de O'Higgins,ernc,1.0,0.0,31.519829745557235,0.0,2,2024-10-01 01:00:00
PMGD TER COELEMU,Energía León (Coelemu),Térmica,Biomasa,Región de Ñuble,ernc,1.0,0.0,37.19728840409477,1.8573979507459266,2,2024-10-01 01:00:00
PE EL MAITEN,Parque Eolico El Maitén,Eólica,(en blanco),Región del Bío-Bío,ernc,1.0,0.0,47.396579189511506,1.1006172072717473,2,2024-10-01 01:00:00
PE LA CABAÑA,PE LA CABAÑA,Eólica,(en blanco),Región de la Araucanía,ernc,1.0,0.0,507.6746952705561,5.212923318078002,2,2024-10-01 01:00:00
HP COYA,COYA,Hidráulica,Pasada,Región de O'Higgins,ernc,1.0,0.0,0.0,0.0,2,2024-10-01 01:00:00
PMGD HP LA PALOMA,LA PALOMA,Hidráulica,Pasada,Región de Coquimbo,ernc,1.0,0.0,0.0,0.0,2,2024-10-01 01:00:00
TER YUNGAY,TER Yungay U3 GNL,Térmica,Gas Natural,Región del Bío-Bío,convencional,0.0,0.0,0.0,0.0,2,2024-10-01 01:00:00
HP PUNTA DEL VIENTO,PMG Punta del Viento,Hidráulica,Pasada,Región de O'Higgins,ernc,1.0,0.0,52.38937906613517,2.961660848658519,2,2024-10-01 01:00:00
PE PUNTA PALMERAS,PUNTA PALMERAS,Eólica,(en blanco),Región de Coquimbo,ernc,1.0,0.0,470.97411421353104,4.592575437615745,2,2024-10-01 01:00:00
PMGD PFV LUNA,Luna,Solar,(en blanco),Región de O'Higgins,ernc,1.0,0.0,15.945924610902646,0.0,2,2024-10-01 01:00:00
PFV ESPERANZA,PMG PFV ESPERANZA,Solar,(en blanco),Región de Atacama,ernc,1.0,0.0,0.0,0.0,2,2024-10-01 01:00:00
HP LA CONFIANZA  [EN_REVISION],La Confianza,Hidráulica,Pasada,Región del Bío-Bío,ernc,1.0,0.0,36.060221954612494,1.500841646279655,2,2024-10-01 01:00:00
TER ATACAMA,Atacama TG1A + TG1B + TV1C Gas Arg,Térmica,Gas Natural,Región de Antofagasta,convencional,0.0,0.0,0.0,0.0,2,2024-10-01 01:00:00
PMGD PFV EL TIUQUE,PMGD PFV El Tiuque,Solar,(en blanco),Región del Maule,ernc,1.0,0.0,5.728483080459091,0.0,2,2024-10-01 01:00:00
BESS ALFALFAL VR1,BESS ALFALFAL VR1 (retiro),Bess,(en blanco),Región Metropolitana,ernc,1.0,0.0,0.0,0.0,2,2024-10-01 01:00:00
PMGD PFV  COCINILLAS,PFV COCINILLAS,Solar,(en blanco),Región de Coquimbo,ernc,1.0,0.0,17.49787732529355,0.0,2,2024-10-01 01:00:00
PMGD PFV CACHIYUYO SOLAR II,CACHIYUYO SOLAR 2,Solar,(en blanco),Región de Atacama,ernc,1.0,0.0,89.380770821217,0.0,2,2024-10-01 01:00:00
TER CONCON,Concón,Térmica,Diésel,Región de Valparaíso,convencional,0.0,0.0,0.0,0.0,2,2024-10-01 01:00:00
PMGD PFV LA BLANQUINA,LA BLANQUINA,Solar,(en blanco),Región de O'Higgins,ernc,1.0,0.0,41.571570584292004,0.0,2,2024-10-01 01:00:00
PMGD HP EL TORO Nº2,Minihidro El Toro,Hidráulica,Pasada,Región de Tarapacá,ernc,1.0,0.0,23.52552281840778,0.976167519919414,2,2024-10-01 01:00:00
PMGD PFV PARQUE PANGUILEMO AEROPUERTO,PMGD PFV Panguilemo Aeropuerto,Solar,(en blanco),Región del Maule,ernc,1.0,0.0,30.361845628405355,0.0,2,2024-10-01 01:00:00
HP CHIBURGO,CHIBURGO,Hidráulica,Pasada,Región del Maule,ernc,1.0,0.0,31.017394023112875,0.0,2,2024-10-01 01:00:00
PMGD PFV LO MIGUEL,PMGD PFV Lo Miguel,Solar,(en blanco),Región de O'Higgins,ernc,1.0,0.0,29.486412159115545,0.0,2,2024-10-01 01:00:00
PMGD PFV LOS JOTES,PMGD PFV Los Jotes,Solar,(en blanco),Región de Valparaíso,ernc,1.0,0.0,22.867903995139404,0.0,2,2024-10-01 01:00:00
PMGD TER CONTULMO,PMGD TER Contulmo,Térmica,Diésel,Región del Bío-Bío,convencional,0.0,0.0,0.0,0.0,2,2024-10-01 01:00:00
TER ATACAMA,Atacama TG1A + TG1B + TV1C Diésel,Térmica,Gas Natural,Región de Antofagasta,convencional,0.0,0.0,0.0,0.0,2,2024-10-01 01:00:00
PFV CHERCAN SOLAR,PFV CHERCÁN SOLAR,Solar,(en blanco),Región de Coquimbo,ernc,1.0,0.0,74.57181859814845,0.0,2,2024-10-01 01:00:00
PMGD PFV EL HUASO,PMGD PFV El Huaso,Solar,(en blanco),Región de Valparaíso,ernc,1.0,0.0,16.928872036977264,0.0,2,2024-10-01 01:00:00
PMGD HP PANGUIPULLI [En_Revision],Panguipulli,Hidráulica,Pasada,Región de los Ríos,ernc,1.0,0.0,0.0,0.0,2,2024-10-01 01:00:00
PMGD PFV TIJERAL,PMGD PFV Tijeral,Solar,(en blanco),Región Metropolitana,ernc,1.0,0.0,22.78791954272895,0.0,2,2024-10-01 01:00:00
BESS ALFALFAL VR1,BESS ALFALFAL VR1 (Inyección),Bess,(en blanco),Región Metropolitana,ernc,1.0,0.0,0.0,0.0,2,2024-10-01 01:00:00
TER YUNGAY,TER Yungay U4,Térmica,Diésel,Región del Bío-Bío,convencional,0.0,0.0,0.0,0.0,2,2024-10-01 01:00:00
PMGD PFV VILLA PRAT,Villa Prat,Solar,(en blanco),Región del Maule,ernc,1.0,0.0,13.84761941520148,0.0,2,2024-10-01 01:00:00
PMGD PFV CALAMA SOLAR,Solar Calama 1,Solar,(en blanco),Región de Antofagasta,ernc,1.0,0.0,0.0,0.0,2,2024-10-01 01:00:00
PMGD PFV MALLOCO,PMGD PFV Malloco,Solar,(en blanco),Región Metropolitana,ernc,1.0,0.0,15.31823987655844,0.0,2,2024-10-01 01:00:00
TER COLMITO,TER Colmito Gas Argentino,Térmica,Gas Natural,Región de Valparaíso,convencional,0.0,0.0,180.55125004744252,0.0,2,2024-10-01 01:00:00
TER EL TOTORAL,El Totoral,Térmica,Diésel,Región de Valparaíso,convencional,0.0,0.0,0.0,0.0,2,2024-10-01 01:00:00
PFV SOL DE LILA,PFV Sol de Lila,Solar,(en blanco),Región de Antofagasta,ernc,1.0,0.0,649.3841635122814,0.0,2,2024-10-01 01:00:00
PMGD HP RECA,RECA,Hidráulica,Pasada,Región de los Ríos,ernc,1.0,0.0,40.77438095520714,1.7012838237183654,2,2024-10-01 01:00:00
TER SANTA LIDIA,Santa Lidia,Térmica,Diésel,Región del Bío-Bío,convencional,0.0,0.0,0.0,0.0,2,2024-10-01 01:00:00
PMGD PFV LO MIRANDA,Lo Miranda,Solar,(en blanco),Región de O'Higgins,ernc,1.0,0.0,19.258802426218278,0.0,2,2024-10-01 01:00:00
PMGD PFV LAS TORCAZAS,Las Torcazas,Solar,(en blanco),Región de O'Higgins,ernc,1.0,0.0,17.84005479155373,0.0,2,2024-10-01 01:00:00
PMGD TER YUMBEL,Yumbel,Térmica,Diésel,Región del Bío-Bío,convencional,0.0,0.0,0.0,0.0,2,2024-10-01 01:00:00
PMGD PFV HORNITOS,Solar Hornitos,Solar,(en blanco),Región de Atacama,ernc,1.0,0.0,0.3131000318331632,0.0,2,2024-10-01 01:00:00
HP CORRENTOSO,Correntoso,Hidráulica,Pasada,Región de los Lagos,ernc,1.0,0.0,143.11025377825274,7.204039902142345,2,2024-10-01 01:00:00
TER KELAR,KELAR TG2 (Diesel),Térmica,Diésel,Región de Antofagasta,convencional,0.0,0.0,0.0,0.0,2,2024-10-01 01:00:00
PFV EL ROMERO,El Romero,Solar,(en blanco),Región de Atacama,ernc,1.0,0.0,890.0091018548106,0.0,2,2024-10-01 01:00:00
PMGD PFV CANELILLO,PFV CANELILLO,Solar,(en blanco),Región de Coquimbo,ernc,1.0,0.0,18.60432841210499,0.0,2,2024-10-01 01:00:00
PMGD HP EL MANZANO (MELIPEUCO),EL MANZANO,Hidráulica,Pasada,Región de la Araucanía,ernc,1.0,0.0,0.0,0.0,2,2024-10-01 01:00:00
PMGD PFV PARQUE SOLAR BICENTENARIO,PARQUE SOLAR BICENTENARIO,Solar,(en blanco),Región del Maule,ernc,1.0,0.0,19.499525852190988,0.0,2,2024-10-01 01:00:00
HP CURILLINQUE,CURILLINQUE,Hidráulica,Pasada,Región del Maule,convencional,0.0,0.0,1488.780412546436,74.04152121646298,2,2024-10-01 01:00:00
TER ATACAMA,Atacama TG1B + 0.5TV1C GNL,Térmica,Gas Natural,Región de Antofagasta,convencional,0.0,0.0,0.0,0.0,2,2024-10-01 01:00:00
HP HORNITOS,HORNITOS,Hidráulica,Pasada,Región de Valparaíso,convencional,0.0,0.0,250.2403304896944,10.605947633709562,2,2024-10-01 01:00:00
PE TOTORAL,Eólica Totoral,Eólica,(en blanco),Región de Coquimbo,ernc,1.0,0.0,426.2390275434221,4.202356609583035,2,2024-10-01 01:00:00
PMGD PFV CANDELARIA SOLAR,Candelaria Solar,Solar,(en blanco),Región de O'Higgins,ernc,1.0,0.0,13.32215752777833,0.0,2,2024-10-01 01:00:00
PFV DIEGO DE ALMAGRO SUR,PFV Diego de Almagro Sur,Solar,(en blanco),Región de Atacama,ernc,1.0,0.0,1089.5109790892775,0.0,2,2024-10-01 01:00:00
PE SARCO,Parque Eólico Sarco,Eólica,(en blanco),Región de Atacama,ernc,1.0,0.0,2517.661861634122,116.57537347202842,2,2024-10-01 01:00:00
PMGD PFV CLEMENTINA,PMGD PFV Clementina,Solar,(en blanco),Región Metropolitana,ernc,1.0,0.0,42.275496630757715,0.0,2,2024-10-01 01:00:00
PMGD TER DEUCO,Deuco,Térmica,Diésel,Región Metropolitana,convencional,0.0,0.0,0.0,0.0,2,2024-10-01 01:00:00
HP FLORIDA,Florida U-1,Hidráulica,Pasada,Región Metropolitana,ernc,1.0,0.0,0.0,0.0,2,2024-10-01 01:00:00
PMGD PFV RINCONADA,Rinconada,Solar,(en blanco),Región de O'Higgins,ernc,1.0,0.0,43.412005991033894,0.0,2,2024-10-01 01:00:00
PE UCUQUER II,UCUQUER_2,Eólica,(en blanco),Región de O'Higgins,ernc,1.0,0.0,46.916309862702015,1.070600374346154,2,2024-10-01 01:00:00
TER ATACAMA,Atacama TG2A + 0.5TV2C Diésel,Térmica,Gas Natural,Región de Antofagasta,convencional,0.0,0.0,0.0,0.0,2,2024-10-01 01:00:00
PMGD PFV PEÑAFLOR SOLAR,PMGD PFV PENAFLOR,Solar,(en blanco),Región Metropolitana,ernc,1.0,0.0,50.953451656747305,0.0,2,2024-10-01 01:00:00
PE SAN PEDRO II,PE SAN PEDRO II,Eólica,(en blanco),Región de los Lagos,ernc,1.0,0.0,364.66449760205535,4.242379053483825,2,2024-10-01 01:00:00
TER PETROPOWER,Cogen. Biobío,Térmica,PetCoke,Región del Bío-Bío,convencional,0.0,0.0,1155.6480676353344,50.52833542474839,2,2024-10-01 01:00:00
PMGD PFV CHALINGA SOLAR,Chalinga,Solar,(en blanco),Región de Coquimbo,ernc,1.0,0.0,5.764766838568948,0.0,2,2024-10-01 01:00:00
PE VALLE DE LOS VIENTOS,PE Valle de los Vientos,Eólica,(en blanco),Región de Antofagasta,ernc,1.0,0.0,373.8396428663117,3.812137781550324,2,2024-10-01 01:00:00
PMGD TER CASABLANCA II,Casablanca 2,Térmica,Diésel,Región de Valparaíso,convencional,0.0,0.0,0.0,0.0,2,2024-10-01 01:00:00
TER LOS GUINDOS,Los Guindos TG2 Diésel,Térmica,Diésel,Región del Bío-Bío,convencional,0.0,0.0,0.0,0.0,2,2024-10-01 01:00:00
PMGD PFV CITRINO,Citrino,Solar,(en blanco),Región Metropolitana,ernc,1.0,0.0,12.143549630263795,0.0,2,2024-10-01 01:00:00
PMGD PFV SAN JOSE II,PMGD PFV San José II,Solar,(en blanco),Región de Ñuble,ernc,1.0,0.0,22.373467242380187,0.0,2,2024-10-01 01:00:00
PMGD PFV CHIMBARONGO,PMGD PFV CHIMBARONGO,Solar,(en blanco),Región de O'Higgins,ernc,1.0,0.0,9.205279762066334,0.0,2,2024-10-01 01:00:00
PMGD PFV FARDELA NEGRA,PMGD PFV FARDELA NEGRA,Solar,(en blanco),Región de Valparaíso,ernc,1.0,0.0,18.176352578490484,0.0,2,2024-10-01 01:00:00
PE TALINAY ORIENTE,PE Talinay Oriente,Eólica,(en blanco),Región de Coquimbo,ernc,1.0,0.0,787.0113424761255,17.009538657836092,2,2024-10-01 01:00:00
TER KELAR,KELAR TG1 (GNL),Térmica,Gas Natural,Región de Antofagasta,convencional,0.0,0.0,0.0,0.0,2,2024-10-01 01:00:00
PMGD PFV PUENTE SOLAR,Puente Solar,Solar,(en blanco),Región Metropolitana,ernc,1.0,0.0,17.059504582270396,0.0,2,2024-10-01 01:00:00
TER COLMITO,TER Colmito Diésel,Térmica,Diésel,Región de Valparaíso,convencional,0.0,0.0,0.0,0.0,2,2024-10-01 01:00:00
PE TALINAY PONIENTE,PE Talinay Poniente,Eólica,(en blanco),Región de Coquimbo,ernc,1.0,0.0,787.8217969651166,26.33476808672035,2,2024-10-01 01:00:00
TER SANTA MARTA,Santa Marta,Térmica,BioGas,Región Metropolitana,ernc,1.0,0.0,143.88068582334296,9.905554865445724,2,2024-10-01 01:00:00
PMGD HP LA MONTAÑA II,La Montaña 2,Hidráulica,Pasada,Región del Maule,ernc,1.0,0.0,7.096271003490504,0.0,2,2024-10-01 01:00:00
PMGD PFV EL CHERCAN,PMGD PFV El Chercan,Solar,(en blanco),Región del Maule,ernc,1.0,0.0,50.908223097746365,0.0,2,2024-10-01 01:00:00
PMGD PFV EL GUANACO SOLAR,PMGD PFV Guanaco Solar,Solar,(en blanco),Región Metropolitana,ernc,1.0,0.0,61.532101181445064,0.0,2,2024-10-01 01:00:00
PE TALTAL,PE Taltal,Eólica,(en blanco),Región de Antofagasta,ernc,1.0,0.0,257.0541515638041,34.43931297663049,2,2024-10-01 01:00:00
PMGD PFV AVILES,Aviles,Solar,(en blanco),Región Metropolitana,ernc,1.0,0.0,54.613563580301296,0.0,2,2024-10-01 01:00:00
PMGD PFV PENCAHUE,PMGD PFV Pencahue,Solar,(en blanco),Región Metropolitana,ernc,1.0,0.0,0.0,0.0,2,2024-10-01 01:00:00
PMGD TER CHILE,CHILE_GENERACION,Térmica,Diésel,Región del Maule,convencional,0.0,0.0,0.0,0.0,2,2024-10-01 01:00:00
PMGD PFV LAS MERCEDES,Las Mercedes 1,Solar,(en blanco),Región de O'Higgins,ernc,1.0,0.0,11.766155974067704,0.0,2,2024-10-01 01:00:00
PMGD PFV ARMAZONES,PMGD PFV Armazones,Solar,(en blanco),Región de Antofagasta,ernc,1.0,0.0,44.85274417272042,0.0,2,2024-10-01 01:00:00
PE SIERRA GORDA ESTE,PE Sierra Gorda Este,Eólica,(en blanco),Región de Antofagasta,ernc,1.0,0.0,746.4686068046244,15.268562348151692,2,2024-10-01 01:00:00
PMGD HP LA ARENA,PMGD HP LA ARENA,Hidráulica,Pasada,Región de los Lagos,ernc,1.0,0.0,126.7005150628473,6.1531570059200815,2,2024-10-01 01:00:00
TER OLIVOS,Olivos,Térmica,Diésel,Región de Coquimbo,convencional,0.0,0.0,0.0,0.0,2,2024-10-01 01:00:00
PMGD PFV ILLAPEL 5X,PMGD PFV ILLAPEL 5X,Solar,(en blanco),Región de Coquimbo,ernc,1.0,0.0,19.551956375830287,0.0,2,2024-10-01 01:00:00
PMGD PFV QUEMADOS,PMGD PFV Quemados,Solar,(en blanco),Región de O'Higgins,ernc,1.0,0.0,22.158336049893517,0.0,2,2024-10-01 01:00:00
PMGD TER PRP LOS NEGROS,PRP LOS NEGROS,Térmica,Diésel,Región de los Lagos,convencional,0.0,0.0,0.0,0.0,2,2024-10-01 01:00:00
PMGD PFV AYLA SOLAR,PMGD PFV Ayla,Solar,(en blanco),Región de O'Higgins,ernc,1.0,0.0,40.82721958770691,0.0,2,2024-10-01 01:00:00
PMGD TER DOÑA JAVIERA,PMGD TER DOÑA JAVIERA,Térmica,Diésel,Región de Valparaíso,convencional,0.0,0.0,0.6936621030220955,0.05775814447778903,2,2024-10-01 01:00:00
PFV DEL DESIERTO,PFV Del Desierto,Solar,(en blanco),Región de Antofagasta,ernc,1.0,0.0,0.0,0.0,2,2024-10-01 01:00:00
PFV CARRERA PINTO,PFV Carrera Pinto,Solar,(en blanco),Región de Atacama,ernc,1.0,0.0,371.8085038383466,0.0,2,2024-10-01 01:00:00
PMGD PFV PALTO SUNLIGHT,PMGD PFV Palto Sunlight,Solar,(en blanco),Región de Valparaíso,ernc,1.0,0.0,73.78245259491894,0.0,2,2024-10-01 01:00:00
PMGD TER ZAPALLAR,ZAPALLAR,Térmica,Diésel,Región del Maule,convencional,0.0,0.0,0.0,0.0,2,2024-10-01 01:00:00
PE SAN JUAN,Parque Eólico San Juan,Eólica,(en blanco),Región de Atacama,ernc,1.0,0.0,3178.082214052045,130.0729426775701,2,2024-10-01 01:00:00
PMGD PFV JAURURO SOLAR,PMGD PFV JAURURO SOLAR,Solar,(en blanco),Región de Valparaíso,ernc,1.0,0.0,21.382720658871715,0.0,2,2024-10-01 01:00:00
PMGD LORETO SOLAR,Loreto,Solar,(en blanco),Región de O'Higgins,ernc,1.0,0.0,14.422117402529265,0.0,2,2024-10-01 01:00:00
TER NUEVA VENTANAS,Nueva Ventanas,Térmica,Carbón,Región de Valparaíso,convencional,0.0,0.0,0.0,0.0,2,2024-10-01 01:00:00
PMGD PFV CANESA SOLAR,Canesa Solar I,Solar,(en blanco),Región de Coquimbo,ernc,1.0,0.0,19.39834533399001,0.0,2,2024-10-01 01:00:00
PMGD PFV SANTA EMILIA,PMGD PFV Santa Emilia,Solar,(en blanco),Región de O'Higgins,ernc,1.0,0.0,37.55295526697744,0.0,2,2024-10-01 01:00:00
PMGD TER PRP RAPACO,PRP RAPACO,Térmica,Diésel,Región de los Ríos,convencional,0.0,0.0,0.0,0.0,2,2024-10-01 01:00:00
PFV CERRO DOMINADOR,PFV CERRO DOMINADOR,Solar,(en blanco),Región de Antofagasta,ernc,1.0,0.0,508.9354022534311,0.0,2,2024-10-01 01:00:00
PMGD PFV NIHUE,PMGD PFV Nihue,Solar,(en blanco),Región Metropolitana,ernc,1.0,0.0,20.79180558062063,0.0,2,2024-10-01 01:00:00
PMGD PFV PARANAL,PMGD PFV Paranal,Solar,(en blanco),Región de Antofagasta,ernc,1.0,0.0,18.482838190570376,0.0,2,2024-10-01 01:00:00
PMGD TER CIRUELILLO,Ciruelillo,Térmica,Diésel,Región de los Lagos,convencional,0.0,0.0,0.0,0.0,2,2024-10-01 01:00:00
PMGD PFV POCILLAS,PMGD PFV Pocillas,Solar,(en blanco),Región del Maule,ernc,1.0,0.0,17.116126893692467,0.0,2,2024-10-01 01:00:00
PMGD PFV LAS GOLONDRINAS,PMGD PFV Golondrinas,Solar,(en blanco),Región del Maule,ernc,1.0,0.0,27.81346066818396,0.0,2,2024-10-01 01:00:00
PFV USYA,PFV Usya,Solar,(en blanco),Región de Antofagasta,ernc,1.0,0.0,244.97737911674048,0.0,2,2024-10-01 01:00:00
PMGD PFV PSF EL PERAL,PMGD PFV PSF El Peral,Solar,(en blanco),Región Metropolitana,ernc,1.0,0.0,48.96481509273572,0.0,2,2024-10-01 01:00:00
HP DOS VALLES,Dos Valles,Hidráulica,Pasada,Región de O'Higgins,ernc,1.0,0.0,0.0,0.0,2,2024-10-01 01:00:00
TER KELAR,KELAR TG1 + 0.5 TV (Diesel),Térmica,Diésel,Región de Antofagasta,convencional,0.0,0.0,0.0,0.0,2,2024-10-01 01:00:00
PMGD PFV GR ALCON SOLAR,PMGD PFV Alcon Solar,Solar,(en blanco),Región de O'Higgins,ernc,1.0,0.0,74.6562337047939,0.0,2,2024-10-01 01:00:00
PMGD PFV CORDILLERILLA SOLAR,Solar Cordillerilla,Solar,(en blanco),Región del Maule,ernc,1.0,0.0,8.314631024314673,0.0,2,2024-10-01 01:00:00
PFV ANDES SOLAR,ANDES SOLAR,Solar,(en blanco),Región de Antofagasta,ernc,1.0,0.0,101.66701311898383,0.0,2,2024-10-01 01:00:00
PE SAN PEDRO,PE SAN PEDRO,Eólica,(en blanco),Región de los Lagos,ernc,1.0,0.0,185.24388159481023,2.1211895267419125,2,2024-10-01 01:00:00
PMGD PFV CANTERA,PMGD PFV Cantera,Solar,(en blanco),Región Metropolitana,ernc,1.0,0.0,21.636359667381807,0.0,2,2024-10-01 01:00:00
PMGD PFV MALAQUITA SOLAR II,MALAQUITA SOLAR 2,Solar,(en blanco),Región de Atacama,ernc,1.0,0.0,90.91594389297185,0.0,2,2024-10-01 01:00:00
PMGD TER CHORRILLOS,Chorrillos,Térmica,Diésel,Región Metropolitana,convencional,0.0,0.0,0.0,0.0,2,2024-10-01 01:00:00
PMGD PFV MARCHIGUE II,PFV MARCHIGUE II,Solar,(en blanco),Región de O'Higgins,ernc,1.0,0.0,76.78149805712816,0.0,2,2024-10-01 01:00:00
HP EL PASO,El Paso,Hidráulica,Pasada,Región de O'Higgins,convencional,0.0,0.0,135.3759164944249,0.0,2,2024-10-01 01:00:00
PMGD TER LOS PINOS,PMGD TER Los Pinos,Térmica,Diésel,Región del Bío-Bío,convencional,0.0,0.0,27.850021592924115,1.1627175228646984,2,2024-10-01 01:00:00
PE LOMAS DE DUQUECO,Lomas de Duqueco,Eólica,(en blanco),Región del Bío-Bío,ernc,1.0,0.0,316.29737414794977,0.0,2,2024-10-01 01:00:00
BESS Salvador,BESS Salvador (inyección),Bess,(en blanco),Región de Atacama,ernc,1.0,0.0,284.72351398496016,38.410197006957155,2,2024-10-01 01:00:00
TER KELAR,KELAR TG1 + TG2 + TV (Diesel),Térmica,Diésel,Región de Antofagasta,convencional,0.0,0.0,0.0,0.0,2,2024-10-01 01:00:00
PMGD PFV AVEL SOLAR,PMGD PFV Avel Solar,Solar,(en blanco),Región Metropolitana,ernc,1.0,0.0,55.80295214482917,0.0,2,2024-10-01 01:00:00
PMGD PFV CASUTO,Casuto,Solar,(en blanco),Región de Valparaíso,ernc,1.0,0.0,20.878687652898112,0.0,2,2024-10-01 01:00:00
TER ATACAMA,Atacama TG1B GNL,Térmica,Gas Natural,Región de Antofagasta,convencional,0.0,0.0,0.0,0.0,2,2024-10-01 01:00:00
PMGD PFV KONDA,Konda,Solar,(en blanco),Región de Valparaíso,ernc,1.0,0.0,19.87665612058371,0.0,2,2024-10-01 01:00:00
PMGD PFV EL ESTERO,Estero,Solar,(en blanco),Región de O'Higgins,ernc,1.0,0.0,13.48703171119542,0.0,2,2024-10-01 01:00:00
PMGD TER PRP CAMPESINA (EX ALDEA),PRP CAMPESINA,Térmica,Diésel,Región de los Ríos,convencional,0.0,0.0,0.0,0.0,2,2024-10-01 01:00:00
TER TALTAL,Taltal 1 Diésel,Térmica,Diésel,Región de Antofagasta,convencional,0.0,0.0,0.0,0.0,2,2024-10-01 01:00:00
PMGD PFV PEPA SOLAR,PMGD PFV PEPA SOLAR,Solar,(en blanco),Región Metropolitana,ernc,1.0,0.0,48.02301709705661,0.0,2,2024-10-01 01:00:00
PFV BOLERO,PFV BOLERO,Solar,(en blanco),Región de Antofagasta,ernc,1.0,0.0,675.4888025465721,0.0,2,2024-10-01 01:00:00
PFV ANTAY,PMG Antay,Solar,(en blanco),Región de Atacama,ernc,1.0,0.0,75.87254802492416,0.0,2,2024-10-01 01:00:00
PMGD PFV CABILDO SUNLIGHT,PMGD PFV Cabildo Sunlight,Solar,(en blanco),Región de Valparaíso,ernc,1.0,0.0,88.02044396712523,0.0,2,2024-10-01 01:00:00
PMGD PFV EL ZORZAL,PMGD PFV El Zorzal,Solar,(en blanco),Región del Maule,ernc,1.0,0.0,18.58011887791302,0.0,2,2024-10-01 01:00:00
TER TALTAL,Taltal 2 Diésel,Térmica,Diésel,Región de Antofagasta,convencional,0.0,0.0,0.0,0.0,2,2024-10-01 01:00:00
HP CAPULLO,CAPULLO,Hidráulica,Pasada,Región de los Lagos,ernc,1.0,0.0,276.25491902520855,11.506452621477356,2,2024-10-01 01:00:00
PMGD TER PICOLTUE,Picoltué,Térmica,Diésel,Región del Bío-Bío,convencional,0.0,0.0,0.0,0.0,2,2024-10-01 01:00:00
PE LEBU,LEBU (EOLICA),Eólica,(en blanco),Región del Bío-Bío,ernc,1.0,0.0,0.0,0.0,2,2024-10-01 01:00:00
PMGD PFV CENTRAL LLIU LLIU (FOSTER),PMGD PFV Foster,Solar,(en blanco),Región de Valparaíso,ernc,1.0,0.0,12.385422770976827,0.0,2,2024-10-01 01:00:00
PMGD PFV ICB,PMGD PFV ICB,Solar,(en blanco),Región Metropolitana,ernc,1.0,0.0,0.0,0.0,2,2024-10-01 01:00:00
PFV LA HUAYCA II,PFV LA HUAYCA II,Solar,(en blanco),Región de Tarapacá,ernc,1.0,0.0,94.41294516196551,0.0,2,2024-10-01 01:00:00
TER ATACAMA,Atacama TG2A Gas Arg,Térmica,Gas Natural,Región de Antofagasta,convencional,0.0,0.0,0.0,0.0,2,2024-10-01 01:00:00
PMGD PFV OLIVIER,PMGD PFV Olivier,Solar,(en blanco),Región de Coquimbo,ernc,1.0,0.0,23.028658277086336,0.0,2,2024-10-01 01:00:00
PFV PMG LLANCAY [En_Revision],PFV PMG LLANCAY,Solar,(en blanco),Región Metropolitana,ernc,1.0,0.0,0.0,0.0,2,2024-10-01 01:00:00
TER LOS VIENTOS,Los Vientos GNL,Térmica,Gas Natural,Región de Valparaíso,convencional,0.0,0.0,0.0,0.0,2,2024-10-01 01:00:00
PMGD PFV EL ROMERAL,EL ROMERAL,Solar,(en blanco),Región de O'Higgins,ernc,1.0,0.0,45.64513801721146,0.0,2,2024-10-01 01:00:00
PMGD PFV LITORAL SUNLIGHT,PMGD PFV Litoral Sunlight,Solar,(en blanco),Región de Valparaíso,ernc,1.0,0.0,68.2326598330288,0.0,2,2024-10-01 01:00:00
TER YUNGAY,TER Yungay U1 Gas Argentino,Térmica,Gas Natural,Región del Bío-Bío,convencional,0.0,0.0,0.0,0.0,2,2024-10-01 01:00:00
PMGD PFV ROVIAN,Rovián,Solar,(en blanco),Región de O'Higgins,ernc,1.0,0.0,32.75206835765759,0.0,2,2024-10-01 01:00:00
PMGD PFV FOTOVOLT SOLAR [NO_MOSTRAR],FOTOVOLT SOLAR I,Solar,(en blanco),Región Metropolitana,ernc,1.0,0.0,0.0,0.0,2,2024-10-01 01:00:00
PMGD PFV PSF CHAMPA,PMGD PFV Champa,Solar,(en blanco),Región Metropolitana,ernc,1.0,0.0,46.3825874435142,0.0,2,2024-10-01 01:00:00
HP CALLAO,CALLAO,Hidráulica,Pasada,Región de los Lagos,ernc,1.0,0.0,64.40453135577032,2.758029626958429,2,2024-10-01 01:00:00
PMGD PFV TAMARAMA [En_Revision],PMGD PFV TAMARAMA,Solar,(en blanco),Región de Atacama,ernc,1.0,0.0,15.585676704949513,0.0,2,2024-10-01 01:00:00
PMGD PFV DIEGO DE ALMAGRO SOLAR,PMGD PFV Diego de Almagro,Solar,(en blanco),Región de Atacama,ernc,1.0,0.0,72.86611229367867,0.0,2,2024-10-01 01:00:00
TER YUNGAY,TER Yungay U2 Gas Argentino,Térmica,Gas Natural,Región del Bío-Bío,convencional,0.0,0.0,0.0,0.0,2,2024-10-01 01:00:00
PFV DON HUMBERTO [EN_REVISION],PFV DON HUMBERTO,Solar,(en blanco),Región Metropolitana,ernc,1.0,0.0,106.90995326998741,0.0,2,2024-10-01 01:00:00
PMGD TER EL CAMPESINO,El CAMPESINO I,Térmica,BioGas,Región Metropolitana,ernc,1.0,0.0,4.333296430591119,0.4275228208727245,2,2024-10-01 01:00:00
TER EMELDA,Emelda 1,Térmica,Diésel,Región de Atacama,convencional,0.0,0.0,0.0,0.0,2,2024-10-01 01:00:00
PMGD PFV MAITENLAHUE,PMGD PFV Maitenlahue,Solar,(en blanco),Región Metropolitana,ernc,1.0,0.0,22.199667372391,0.0,2,2024-10-01 01:00:00
PMGD PFV SAN EMILIO SOLAR I,PMGD PFV San Emilio Solar 1,Solar,(en blanco),Región del Maule,ernc,1.0,0.0,14.930898419806246,0.0,2,2024-10-01 01:00:00
PFV JAVIERA,JAVIERA (SOLAR),Solar,(en blanco),Región de Atacama,ernc,1.0,0.0,343.182450838306,0.0,2,2024-10-01 01:00:00
PMGD PFV JOSE SOLER MALLAFRE,José Soler Mallafré,Solar,(en blanco),Región del Maule,ernc,1.0,0.0,8.576774503586256,0.0,2,2024-10-01 01:00:00
PMGD PFV BELLAVISTA 1,Bellavista 1,Solar,(en blanco),Región de Tarapacá,ernc,1.0,0.0,94.04638930892374,0.0,2,2024-10-01 01:00:00
TER ATACAMA,Atacama TG1A GNL,Térmica,Gas Natural,Región de Antofagasta,convencional,0.0,0.0,21.512063596675056,0.0,2,2024-10-01 01:00:00
HP MOCHO,Mocho,Hidráulica,Pasada,Región de los Ríos,ernc,1.0,0.0,252.5316154030148,14.498130303061469,2,2024-10-01 01:00:00
PMGD PFV LA ESTANCIA,La Estancia,Solar,(en blanco),Región Metropolitana,ernc,1.0,0.0,19.923037964627138,0.0,2,2024-10-01 01:00:00
TER TALTAL,Taltal 2 GNL,Térmica,Gas Natural,Región de Antofagasta,convencional,0.0,0.0,227.1273691369878,0.0,2,2024-10-01 01:00:00
PE CAMPO LINDO,PE CAMPO LINDO,Eólica,(en blanco),Región del Bío-Bío,ernc,1.0,0.0,304.87096641427394,1.4408079804284688,2,2024-10-01 01:00:00
PMGD PFV LA ESPERANZA II,LA ESPERANZA II,Solar,(en blanco),Región de O'Higgins,ernc,1.0,0.0,58.57717668941993,0.0,2,2024-10-01 01:00:00
PMGD PFV TURQUÍA,PMGD PFV Turquia,Solar,(en blanco),Región del Bío-Bío,ernc,1.0,0.0,6.024032240564106,0.0,2,2024-10-01 01:00:00
TER SAN LORENZO DE D. DE ALMAGRO,TER SAN LORENZO U3,Térmica,Diésel,Región de Atacama,convencional,0.0,0.0,0.0,0.0,2,2024-10-01 01:00:00
PFV AZABACHE,PFV Azabache,Solar,(en blanco),Región de Antofagasta,ernc,1.0,0.0,277.69572700563697,0.0,2,2024-10-01 01:00:00
PMGD PFV VALLE SOLAR ESTE II,VALLE SOLAR ESTE 2,Solar,(en blanco),Región de Atacama,ernc,1.0,0.0,91.10228855336455,0.0,2,2024-10-01 01:00:00
TER NUEVA RENCA,Nueva Renca Gas Arg,Térmica,Gas Natural,Región Metropolitana,convencional,0.0,0.0,0.0,0.0,2,2024-10-01 01:00:00
PMGD PFV TUCUQUERE,Tucúquere,Solar,(en blanco),Región de Valparaíso,ernc,1.0,0.0,24.60980485289452,0.0,2,2024-10-01 01:00:00
PMGD PFV MONTT SOLAR,Montt Solar,Solar,(en blanco),Región de Valparaíso,ernc,1.0,0.0,15.567385309348266,0.0,2,2024-10-01 01:00:00
PMGD HP EL BRINCO,PMGD HP El Brinco,Hidráulica,Pasada,Región del Bío-Bío,ernc,1.0,0.0,1.6449496426748718,0.05903483772548734,2,2024-10-01 01:00:00
TER ACONCAGUA,Cogeneradora Aconcagua,Térmica,Cogeneracion,Región de Valparaíso,convencional,0.0,0.0,314.47635295046376,14.00785536527678,2,2024-10-01 01:00:00
PMGD PFV PARQUE PVP ITIHUE,PMGD PFV Parque PVP Itihue,Solar,(en blanco),Región de Ñuble,ernc,1.0,0.0,58.12455052102003,0.0,2,2024-10-01 01:00:00
HP JUNCALITO,Juncalito,Hidráulica,Pasada,Región de Valparaíso,ernc,1.0,0.0,0.0,0.0,2,2024-10-01 01:00:00
PFV LA SILLA,PFV La Silla,Solar,(en blanco),Región de Coquimbo,ernc,1.0,0.0,14.318029305507912,0.0,2,2024-10-01 01:00:00
PMGD PFV HELIOS,PMGD PFV Helios,Solar,(en blanco),Región de Valparaíso,ernc,1.0,0.0,23.215390348432464,0.0,2,2024-10-01 01:00:00
PFV MANZANO,PFV El Manzano,Solar,(en blanco),Región Metropolitana,ernc,1.0,0.0,359.9818716656628,0.0,2,2024-10-01 01:00:00
HP BLANCO,BLANCO,Hidráulica,Pasada,Región de Valparaíso,convencional,0.0,0.0,304.17057364601004,13.207406487260965,2,2024-10-01 01:00:00
PMGD TER CHUFKEN,Chufkén (Traiguén),Térmica,Diésel,Región de la Araucanía,convencional,0.0,0.0,0.0,0.0,2,2024-10-01 01:00:00
PMGD PFV EL CERNICALO II,Cernicalo 2,Solar,(en blanco),Región de Ñuble,ernc,1.0,0.0,9.492762303549844,0.0,2,2024-10-01 01:00:00
TER CORONEL,Coronel TG Diésel,Térmica,Diésel,Región del Bío-Bío,convencional,0.0,0.0,0.0,0.0,2,2024-10-01 01:00:00
PFV LALACKAMA,PFV Lalackama I,Solar,(en blanco),Región de Antofagasta,ernc,1.0,0.0,263.3176640342779,0.0,2,2024-10-01 01:00:00
TER VALDIVIA,VALDIVIA,Térmica,Biomasa,Región de los Ríos,ernc,1.0,0.0,87.98934291588859,0.0200112219503954,2,2024-10-01 01:00:00
TER ATACAMA,Atacama TG2A + TG2B + TV2C Diésel,Térmica,Gas Natural,Región de Antofagasta,convencional,0.0,0.0,0.0,0.0,2,2024-10-01 01:00:00
PMGD PFV LUCE SOLAR,Solar Luce,Solar,(en blanco),Región Metropolitana,ernc,1.0,0.0,17.772640576416958,0.0,2,2024-10-01 01:00:00
PMGD PFV RIMINI,PMGD PFV Rimini,Solar,(en blanco),Región de Valparaíso,ernc,1.0,0.0,71.22748493012959,0.0,2,2024-10-01 01:00:00
PMGD PFV AROMO DEL VERANO SOLAR,PMGD PFV Aromo del Verano,Solar,(en blanco),Región de O'Higgins,ernc,1.0,0.0,11.395781536729281,0.0,2,2024-10-01 01:00:00
PMGD PFV SOFIA,PMGD PFV Sofia,Solar,(en blanco),Región de Coquimbo,ernc,1.0,0.0,19.877641534987216,0.0,2,2024-10-01 01:00:00
PFV ALTO DEL SOL [EN_REVISION],PFV Alto del Sol,Solar,(en blanco),Región de Ñuble,ernc,1.0,0.0,0.0,0.0,2,2024-10-01 01:00:00
HP ALTO RENAICO,Alto Renaico,Hidráulica,Pasada,Región del Bío-Bío,ernc,1.0,0.0,24.813915218490305,1.200673317023724,2,2024-10-01 01:00:00
TER NUEVA RENCA,Nueva Renca FA GNL,Térmica,Gas Natural,Región Metropolitana,convencional,0.0,0.0,0.0,0.0,2,2024-10-01 01:00:00
PMGD PFV CHANCON,Chancon,Solar,(en blanco),Región de O'Higgins,ernc,1.0,0.0,6.632062434178633,0.0,2,2024-10-01 01:00:00
PFV CAPRICORNIO,PFV Capricornio,Solar,(en blanco),Región de Antofagasta,ernc,1.0,0.0,439.0862320355758,0.0,2,2024-10-01 01:00:00
TER CHILOE,Chiloé,Térmica,Diésel,Región de los Lagos,convencional,0.0,0.0,0.0,0.0,2,2024-10-01 01:00:00
PMGD PFV GUADALAO,Guadalao,Solar,(en blanco),Región de O'Higgins,ernc,1.0,0.0,14.945406590839976,0.0,2,2024-10-01 01:00:00
PMGD PFV LAS CACHAÑAS,PMGD PFV Las Cachañas,Solar,(en blanco),Región de O'Higgins,ernc,1.0,0.0,23.951844323503202,0.0,2,2024-10-01 01:00:00
PMGD PFV SANTA ELIZABETH,PMGD PFV Santa Elizabeth,Solar,(en blanco),Región de O'Higgins,ernc,1.0,0.0,50.76449538340682,0.0,2,2024-10-01 01:00:00
HP FLORIDA III,Florida U-3,Hidráulica,Pasada,Región Metropolitana,convencional,0.0,0.0,55.23097258309127,2.301290524295471,2,2024-10-01 01:00:00
PMGD HP EL ARRAYAN,MINICENTRAL_ARRAYAN,Hidráulica,Pasada,Región de los Ríos,ernc,1.0,0.0,27.247809218843095,1.1465549861910622,2,2024-10-01 01:00:00
PE LA FLOR,Eólica La Flor,Eólica,(en blanco),Región de la Araucanía,ernc,1.0,0.0,204.1644919489091,7.744342894803021,2,2024-10-01 01:00:00
PMGD TER GENERADORA LAGUNITAS,PMGD TER Lagunitas,Térmica,Diésel,Región de los Lagos,convencional,0.0,0.0,0.0,0.0,2,2024-10-01 01:00:00
HP FLORIDA II,Florida U-2,Hidráulica,Pasada,Región Metropolitana,ernc,0.845,0.0,151.98523071325306,9.105105987429907,2,2024-10-01 01:00:00
PMGD TER TOMAVAL,PMGD TER TOMAVAL,Térmica,Gas Natural,Región de Valparaíso,convencional,0.0,0.0,0.0,0.0,2,2024-10-01 01:00:00
PMGD PFV HORMIGA SOLAR,Hormiga Solar,Solar,(en blanco),Región de Valparaíso,ernc,1.0,0.0,12.36920298770028,0.0,2,2024-10-01 01:00:00
PMGD PFV BULNES LOS BARONES,PMGD PFV Bulnes Barones,Solar,(en blanco),Región de Ñuble,ernc,1.0,0.0,18.774885237250196,0.0,2,2024-10-01 01:00:00
PMGD PFV PARQUE EL INGENIO,PMGD PFV El Ingenio,Solar,(en blanco),Región de Valparaíso,ernc,1.0,0.0,19.47895518121116,0.0,2,2024-10-01 01:00:00
TER VIÑALES,Viñales,Térmica,Biomasa,Región del Maule,ernc,1.0,0.0,381.543963317214,22.002338534459742,2,2024-10-01 01:00:00
PMGD PFV LA FRONTERA,La Frontera,Solar,(en blanco),Región de O'Higgins,ernc,1.0,0.0,30.603048711461536,0.0,2,2024-10-01 01:00:00
PMGD TER CORTES,Cortés,Térmica,Diésel,Región de Valparaíso,convencional,0.0,0.0,0.0,0.0,2,2024-10-01 01:00:00
TER ATACAMA,Atacama TG2A + 0.5TV2C Gas Arg,Térmica,Gas Natural,Región de Antofagasta,convencional,0.0,0.0,0.0,0.0,2,2024-10-01 01:00:00
PMGD PFV ARIZTIA,Ariztia,Solar,(en blanco),Región de Valparaíso,ernc,1.0,0.0,13.324214425751473,0.0,2,2024-10-01 01:00:00
PMGD PFV BELLAVISTA,Bellavista,Solar,(en blanco),Región de Coquimbo,ernc,1.0,0.0,19.708024498759542,0.0,2,2024-10-01 01:00:00
PMGD TER PRP TAMBORES,PRP TAMBORES,Térmica,Diésel,Región de los Ríos,convencional,0.0,0.0,0.0,0.0,2,2024-10-01 01:00:00
TER IEM,TER IEM,Térmica,Carbón,Región de Antofagasta,convencional,0.0,0.0,0.0,0.0,2,2024-10-01 01:00:00
PMGD PFV ENCINO,PMGD PFV ENCINO,Solar,(en blanco),Región de O'Higgins,ernc,1.0,0.0,10.50628868137666,0.0,2,2024-10-01 01:00:00
PMGD PFV MANDINGA,PMGD PFV Mandinga,Solar,(en blanco),Región Metropolitana,ernc,1.0,0.0,36.839956721809905,0.0,2,2024-10-01 01:00:00
BESS Andes Solar IIA,BESS Andes Solar IIA (inyección),Bess,(en blanco),Región de Antofagasta,ernc,0.95,0.0,171.67122892764976,0.4715095203601243,2,2024-10-01 01:00:00
TER KELAR,KELAR TG2 (GNL),Térmica,Gas Natural,Región de Antofagasta,convencional,0.0,0.0,0.0,0.0,2,2024-10-01 01:00:00
TER COLIHUES,TER COLIHUES (Diésel),Térmica,Diésel,Región de O'Higgins,convencional,0.0,0.0,0.0,0.0,2,2024-10-01 01:00:00
PMGD PFV LAS PALMAS DEL VERANO SOLAR,PMGD PFV Palmas Verano Solar,Solar,(en blanco),Región de Valparaíso,ernc,1.0,0.0,20.252436334088785,0.0,2,2024-10-01 01:00:00
PMGD PFV EL CARDENAL,PMGD PFV El Cardenal,Solar,(en blanco),Región de O'Higgins,ernc,1.0,0.0,20.51429039275825,0.0,2,2024-10-01 01:00:00
PFV PAMPA TIGRE,pampa tigre,Solar,(en blanco),Región de Antofagasta,ernc,1.0,0.0,532.1784365488153,0.0,2,2024-10-01 01:00:00
PFV LAS SALINAS,PFV LAS SALINAS,Solar,(en blanco),Región de Antofagasta,ernc,1.0,0.0,1021.8730488969412,0.0,2,2024-10-01 01:00:00
HE COLBUN,COLBÚN,Hidráulica,Embalse,Región del Maule,convencional,0.0,0.0,6344.557919372862,297.1666459633717,2,2024-10-01 01:00:00
TER YUNGAY,TER Yungay U2 Diésel,Térmica,Diésel,Región del Bío-Bío,convencional,0.0,0.0,0.0,0.0,2,2024-10-01 01:00:00
PMGD HP CENTRAL EL ATAJO,HP EL ATAJO,Hidráulica,Pasada,Región del Bío-Bío,ernc,1.0,0.0,16.882640194352057,0.6498477150640488,2,2024-10-01 01:00:00
PMGD PFV LAS ROJAS,Las Rojas,Solar,(en blanco),Región de Coquimbo,ernc,1.0,0.0,21.605253027110926,0.0,2,2024-10-01 01:00:00
PFV HUATACONDO,Huatacondo,Solar,(en blanco),Región de Tarapacá,ernc,1.0,0.0,508.27503192906806,0.0,2,2024-10-01 01:00:00
PMGD PFV MELI,PMGD PFV Meli,Solar,(en blanco),Región de O'Higgins,ernc,1.0,0.0,0.0,0.0,2,2024-10-01 01:00:00
PMGD PFV CHAÑAR DEL VERANO,PMGD PFV Chañar del Verano,Solar,(en blanco),Región de Antofagasta,ernc,1.0,0.0,17.0948314923963,0.0,2,2024-10-01 01:00:00
PMGD TER TRONGOL-CURANILAHUE,Trongol-Curanilahue,Térmica,Diésel,Región del Bío-Bío,convencional,0.0,0.0,0.0,0.0,2,2024-10-01 01:00:00
PMGD PFV LA CHAPEANA,La Chapeana,Solar,(en blanco),Región de Coquimbo,ernc,1.0,0.0,1.8607343741550078,0.0,2,2024-10-01 01:00:00
TER KELAR,KELAR TG1 (Diesel),Térmica,Diésel,Región de Antofagasta,convencional,0.0,0.0,0.0,0.0,2,2024-10-01 01:00:00
PMGD HP SAUCE ANDES,SAUCE ANDES,Hidráulica,Pasada,Región de Valparaíso,ernc,1.0,0.0,12.255050660731213,0.5536128554036495,2,2024-10-01 01:00:00
TER CMPC SANTA FE,CMPC Santa Fe,Térmica,Biomasa,Región del Bío-Bío,ernc,1.0,0.0,242.03572949003237,8.304657109414093,2,2024-10-01 01:00:00
TER LOS VIENTOS,Los Vientos Diésel,Térmica,Diésel,Región de Valparaíso,convencional,0.0,0.0,0.0,0.0,2,2024-10-01 01:00:00
PMGD HP LA MONTAÑA,La Montaña 1,Hidráulica,Pasada,Región del Maule,ernc,1.0,0.0,47.83155999669518,1.980640952509657,2,2024-10-01 01:00:00
HP CHACAYES,CHACAYES,Hidráulica,Pasada,Región de O'Higgins,convencional,0.0,0.0,827.4640276488499,33.41874065716032,2,2024-10-01 01:00:00
PMGD PFV EL FLAMENCO,PFV PMGD El Flamenco,Solar,(en blanco),Región del Maule,ernc,1.0,0.0,51.74198504906291,0.0,2,2024-10-01 01:00:00
TER ATACAMA,Atacama TG1B Gas Arg,Térmica,Gas Natural,Región de Antofagasta,convencional,0.0,0.0,0.0,0.0,2,2024-10-01 01:00:00
PMGD PFV SLK CB NUEVE,PMGD PFV SLK CB Nueve,Solar,(en blanco),Región de Valparaíso,ernc,1.0,0.0,23.385421848184183,0.0,2,2024-10-01 01:00:00
PE MONTE REDONDO,MONTE REDONDO,Eólica,(en blanco),Región de Coquimbo,ernc,1.0,0.0,390.41894025221427,4.00224439007908,2,2024-10-01 01:00:00
HP MC2,HP MC2,Hidráulica,Pasada,Región de los Lagos,ernc,1.0,0.0,49.133267113742825,2.421370314184181,2,2024-10-01 01:00:00
TER NUEVA RENCA,Nueva Renca FA Gas Arg,Térmica,Gas Natural,Región Metropolitana,convencional,0.0,0.0,0.0,0.0,2,2024-10-01 01:00:00
TER COLMITO,TER Colmito GNL,Térmica,Gas Natural,Región de Valparaíso,convencional,0.0,0.0,0.0,0.0,2,2024-10-01 01:00:00
HP MC1,HP MC1,Hidráulica,Pasada,Región de los Lagos,ernc,1.0,0.0,168.2224276857054,9.053401699551173,2,2024-10-01 01:00:00
PMGD PFV CRUZ SOLAR,Cruz Solar,Solar,(en blanco),Región de Valparaíso,ernc,1.0,0.0,27.70371422595957,0.0,2,2024-10-01 01:00:00
PFV FINIS TERRAE,PFV Finis Terrae,Solar,(en blanco),Región de Antofagasta,ernc,1.0,0.0,1366.2361618303205,0.0,2,2024-10-01 01:00:00
PMGD PFV PILPILEN,Pilpilen,Solar,(en blanco),Región de O'Higgins,ernc,1.0,0.0,22.26479766964575,0.0,2,2024-10-01 01:00:00
PE PUNTA COLORADA,PE PUNTA COLORADA,Eólica,(en blanco),Región de Coquimbo,ernc,1.0,0.0,0.0,0.0,2,2024-10-01 01:00:00
PMGD PFV SAN ALBERTO,PMGD PFV San Alberto,Solar,(en blanco),Región de Ñuble,ernc,1.0,0.0,25.31024125482737,0.0,2,2024-10-01 01:00:00
HP ITATA,itata,Hidráulica,Pasada,Región de Ñuble,ernc,1.0,0.0,364.00412727769236,20.011221950395402,2,2024-10-01 01:00:00
TER KELAR,KELAR TG1 + TG2 + TV (GNL),Térmica,Gas Natural,Región de Antofagasta,convencional,0.0,0.0,0.0,0.0,2,2024-10-01 01:00:00
PMGD PFV EL SALITRAL,PFV EL SALITRAL,Solar,(en blanco),Región de Coquimbo,ernc,1.0,0.0,30.086554905384748,0.0,2,2024-10-01 01:00:00
PMGD PFV MARCHIHUE VII,PFV MARCHIHUE VII,Solar,(en blanco),Región de O'Higgins,ernc,1.0,0.0,15.624412602377088,0.0,2,2024-10-01 01:00:00
HP LOS LAGOS [En_Revision],HP Los Lagos,Hidráulica,Pasada,Región de los Ríos,ernc,1.0,0.0,0.0,0.0,2,2024-10-01 01:00:00
TER PLACILLA,Placilla,Térmica,Diésel,Región de Valparaíso,convencional,0.0,0.0,0.0,0.0,2,2024-10-01 01:00:00
PMGD PFV PARQUE SOLAR NANCAGUA,PMGD PFV NANCAGUA,Solar,(en blanco),Región de O'Higgins,ernc,1.0,0.0,38.16662038696212,0.0,2,2024-10-01 01:00:00
TER ATACAMA,Atacama TG2A GNL,Térmica,Gas Natural,Región de Antofagasta,convencional,0.0,0.0,71.13989403365565,0.0,2,2024-10-01 01:00:00
PFV VALLE ESCONDIDO,Valle Escondido,Solar,(en blanco),Región de Atacama,ernc,1.0,0.0,525.0544415344746,0.0,2,2024-10-01 01:00:00
PMGD TER COPIULEMU,Copiulemu,Térmica,Diésel,Región del Bío-Bío,convencional,0.0,0.0,3.7041850879294143,0.0,2,2024-10-01 01:00:00
HP CHAPIQUIÑA,CHAP,Hidráulica,Pasada,Arica y Parinacota,ernc,1.0,0.0,165.2326596444148,7.984477558207765,2,2024-10-01 01:00:00
PMGD PFV MARIN,MARIN,Solar,(en blanco),Región de Valparaíso,ernc,1.0,0.0,20.05428286832036,0.0,2,2024-10-01 01:00:00
TER YUNGAY,TER Yungay U2 GNL,Térmica,Gas Natural,Región del Bío-Bío,convencional,0.0,0.0,0.0,0.0,2,2024-10-01 01:00:00
PMGD PFV PELLIN,PMGD PFV Pellin,Solar,(en blanco),Región de Ñuble,ernc,1.0,0.0,50.729427148241406,0.0,2,2024-10-01 01:00:00
PE MESAMAVIDA,Parque Eólico Mesamávida,Eólica,(en blanco),Región del Bío-Bío,ernc,1.0,0.0,262.4471758794357,0.0800448878015816,2,2024-10-01 01:00:00
TER YUNGAY,TER Yungay U1 GNL,Térmica,Gas Natural,Región del Bío-Bío,convencional,0.0,0.0,0.0,0.0,2,2024-10-01 01:00:00
TER ATACAMA,Atacama TG2B Gas Arg,Térmica,Gas Natural,Región de Antofagasta,convencional,0.0,0.0,0.0,0.0,2,2024-10-01 01:00:00
PMGD TER CAÑETE,PMGD TER Cañete,Térmica,Diésel,Región del Bío-Bío,convencional,0.0,0.0,0.0,0.0,2,2024-10-01 01:00:00
PFV JAMA,PFV JAMA-2,Solar,(en blanco),Región de Antofagasta,ernc,1.0,0.0,49.55779116015421,0.0,2,2024-10-01 01:00:00
PMGD PFV LUDERS,Luders,Solar,(en blanco),Región de O'Higgins,ernc,1.0,0.0,13.91843545792487,0.0,2,2024-10-01 01:00:00
PMGD TER RIO AZUL,Río Azul,Térmica,Diésel,Región de los Lagos,convencional,0.0,0.0,0.0,0.0,2,2024-10-01 01:00:00
PMGD TER TREBAL MAPOCHO,Trebal Mapocho,Térmica,BioGas,Región Metropolitana,ernc,1.0,0.0,0.0,0.0,2,2024-10-01 01:00:00
PMGD PFV ITAHUE SOLAR,PMGD PFV Itahue Solar,Solar,(en blanco),Región del Maule,ernc,1.0,0.0,22.263869179364313,0.0,2,2024-10-01 01:00:00
PMGD PFV CUZ CUZ,CUZ CUZ,Solar,(en blanco),Región de Coquimbo,ernc,1.0,0.0,19.726245556316417,0.0,2,2024-10-01 01:00:00
PMGD TER BERLIOZ,PMGD TER Berlioz,Térmica,Diésel,Región Metropolitana,convencional,0.0,0.0,0.0,0.0,2,2024-10-01 01:00:00
BESS Arica,BESS Arica (Inyección),Bess,(en blanco),Arica y Parinacota,convencional,0.0,0.0,0.0,0.0,2,2024-10-01 01:00:00
PMGD HP ENSENADA,ENSENADA,Hidráulica,Pasada,Región de los Lagos,ernc,1.0,0.0,26.021632860650858,1.0365222429139451,2,2024-10-01 01:00:00
HP CARENA,CARENA,Hidráulica,Pasada,Región Metropolitana,ernc,1.0,0.0,110.46194516618255,4.602581048590942,2,2024-10-01 01:00:00
BESS PFV El Manzano,BESS El Manzano (Inyección),Bess,(en blanco),Región Metropolitana,ernc,1.0,0.0,113.9038753416506,0.0,2,2024-10-01 01:00:00
PMGD PFV CATAN SOLAR,Catán Solar,Solar,(en blanco),Región de Valparaíso,ernc,1.0,0.0,0.0,0.0,2,2024-10-01 01:00:00
TER PAJONALES,Pajonales,Térmica,Fuel Oil,Región de Atacama,convencional,0.0,0.0,0.0,0.0,2,2024-10-01 01:00:00
TER PUNTA COLORADA,TER PUNTA COLORADA (IFO),Térmica,Fuel Oil,Región de Coquimbo,convencional,0.0,0.0,0.0,0.0,2,2024-10-01 01:00:00
HP DIGUA,HP DIGUA,Hidráulica,Pasada,Región del Maule,ernc,1.0,0.0,393.2205113252696,22.052366589335733,2,2024-10-01 01:00:00
PE LOS BUENOS AIRES,PE Los Buenos Aires,Eólica,(en blanco),Región del Bío-Bío,ernc,1.0,0.0,115.8249526488886,0.1500841646279655,2,2024-10-01 01:00:00
TER YUNGAY,TER Yungay U3 Gas Argentino,Térmica,Gas Natural,Región del Bío-Bío,convencional,0.0,0.0,0.0,0.0,2,2024-10-01 01:00:00
PMGD HP CHANLEUFU II,PMGD HP Chanleufu,Hidráulica,Pasada,Región de los Lagos,ernc,1.0,0.0,78.71073997624059,3.2761861059336903,2,2024-10-01 01:00:00
PFV NUEVO QUILLAGUA,PFV NUEVO QUILLAGUA,Solar,(en blanco),Región de Antofagasta,ernc,1.0,0.0,351.07687789773695,0.0,2,2024-10-01 01:00:00
PMGD PFV ECLIPSE SOLAR,Eclipse Solar,Solar,(en blanco),Región Metropolitana,ernc,1.0,0.0,48.278044521066334,0.0,2,2024-10-01 01:00:00
TER YUNGAY,TER Yungay U1 Diésel,Térmica,Diésel,Región del Bío-Bío,convencional,0.0,0.0,0.0,0.0,2,2024-10-01 01:00:00
PE CABO LEONES III,PE CABO LEONES III,Eólica,(en blanco),Región de Atacama,ernc,1.0,0.0,2609.763510660816,84.30727807701584,2,2024-10-01 01:00:00
BESS Salvador,BESS Salvador (retiro),Bess,(en blanco),Región de Atacama,ernc,1.0,0.0,278.51439926871495,0.0,2,2024-10-01 01:00:00
PMGD PFV PITRA,PFV PITRA,Solar,(en blanco),Región de Valparaíso,ernc,1.0,0.0,20.175126660448434,0.0,2,2024-10-01 01:00:00
PMGD PFV PICUNCHE,PMGD PFV Picunche,Solar,(en blanco),Región de O'Higgins,ernc,1.0,0.0,21.994983863486276,0.0,2,2024-10-01 01:00:00
PFV JAMA,PFV JAMA-1,Solar,(en blanco),Región de Antofagasta,ernc,1.0,0.0,159.03918645076743,0.0,2,2024-10-01 01:00:00
PMGD PFV LOS NOGALES,PMGD PFV Los Nogales,Solar,(en blanco),Región de Coquimbo,ernc,1.0,0.0,38.02064961695538,0.0,2,2024-10-01 01:00:00
TER CHOLGUAN,CHOLGUAN,Térmica,Biomasa,Región de Ñuble,ernc,1.0,0.0,170.73574568077356,7.714326061877427,2,2024-10-01 01:00:00
PMGD PFV CABILSOL,Cabilsol,Solar,(en blanco),Región de Valparaíso,ernc,1.0,0.0,20.322029698054877,0.0,2,2024-10-01 01:00:00
PMGD TER CURAUMA,Curauma,Térmica,Diésel,Región de Valparaíso,convencional,0.0,0.0,0.0,0.0,2,2024-10-01 01:00:00
TER YUNGAY,TER Yungay U3 Diésel,Térmica,Diésel,Región del Bío-Bío,convencional,0.0,0.0,0.0,0.0,2,2024-10-01 01:00:00
PE HORIZONTE [EN_REVISION],PE Horizonte,Eólica,(en blanco),Región de Antofagasta,ernc,1.0,0.0,79.74471947232567,11.306340401973403,2,2024-10-01 01:00:00
PMGD PFV VALLE SOLAR OESTE II,VALLE SOLAR OESTE 2,Solar,(en blanco),Región de Atacama,ernc,1.0,0.0,70.84769321074076,0.0,2,2024-10-01 01:00:00
BESS Arica,BESS Arica (Retiro),Bess,(en blanco),Arica y Parinacota,convencional,0.0,0.0,0.0,0.0,2,2024-10-01 01:00:00
PE LOS CURUROS,LOS CURUROS,Eólica,(en blanco),Región de Coquimbo,ernc,1.0,0.0,1046.4068070081257,4.642603492491733,2,2024-10-01 01:00:00
HP CHACABUQUITO,CHACABUQUITO,Hidráulica,Pasada,Región de Valparaíso,ernc,0.65075,0.0,0.0,0.0,2,2024-10-01 01:00:00
PMGD PFV POBLACION,Población,Solar,(en blanco),Región de O'Higgins,ernc,1.0,0.0,9.813038106432462,0.0,2,2024-10-01 01:00:00
PMGD PFV PATRICIA DEL VERANO SOLAR,PMGD PFV Patricia Del Verano,Solar,(en blanco),Región Metropolitana,ernc,1.0,0.0,47.5314215882183,0.0,2,2024-10-01 01:00:00
PMGD PFV LOS ROBLES,PMGD PFV Los Robles,Solar,(en blanco),Región del Maule,ernc,1.0,0.0,12.395936326098402,0.0,2,2024-10-01 01:00:00
TER ARAUCO MAPA [EN_REVISION],TER ARAUCO MAPA,Térmica,Cogeneracion,Región del Bío-Bío,ernc,1.0,0.0,1001.7817820587443,44.75509789205931,2,2024-10-01 01:00:00
HP JUNCAL,JUNCAL,Hidráulica,Pasada,Región de Valparaíso,ernc,0.467,0.0,205.71536165006484,9.405274316685839,2,2024-10-01 01:00:00
BESS PFV El Manzano,BESS El Manzano (Retiro),Bess,(en blanco),Región Metropolitana,ernc,1.0,0.0,126.86114155453163,0.07003927682638392,2,2024-10-01 01:00:00
PMGD HP RIO TRUENO,TRUENO,Hidráulica,Pasada,Región de la Araucanía,ernc,1.0,0.0,109.81158045279474,4.612586659566141,2,2024-10-01 01:00:00
PFV SALVADOR,EL SALVADOR (SOLAR),Solar,(en blanco),Región de Atacama,ernc,1.0,0.0,102.68758543845402,0.0,2,2024-10-01 01:00:00
PMGD PFV CHUCHIÑI,Chuchiñi,Solar,(en blanco),Región de Coquimbo,ernc,1.0,0.0,0.0,0.0,2,2024-10-01 01:00:00
PMGD PFV PARQUE FOTOVOLTAICO EL SHARON,PMGD PFV El Sharon,Solar,(en blanco),Región de O'Higgins,ernc,1.0,0.0,9.482176443781064,0.0,2,2024-10-01 01:00:00
PMGD PFV PORTEZUELO,PORTEZUELO,Solar,(en blanco),Región de O'Higgins,ernc,1.0,0.0,14.230062717252446,0.0,2,2024-10-01 01:00:00
PMGD PFV COLTAUCO ALMENDRO,PMGD PFV Coltauco Almendro,Solar,(en blanco),Región de O'Higgins,ernc,1.0,0.0,13.736935334965755,0.0,2,2024-10-01 01:00:00
HP PROVIDENCIA,PROVIDENCIA,Hidráulica,Pasada,Región del Maule,ernc,1.0,0.0,64.27489759357763,2.9024178483990495,2,2024-10-01 01:00:00
TER TENO GAS,Teno Gas 50,Térmica,Diésel,Región del Maule,convencional,0.0,0.0,30.126894646320277,1.270712593850108,2,2024-10-01 01:00:00
PMGD HP TRANCA DEL TORO,PMGD HP Tranca del Toro,Hidráulica,Pasada,Región de los Ríos,ernc,1.0,0.0,0.0,0.0,2,2024-10-01 01:00:00
PMGD TER BIO CRUZ,PMGD TER BIO CRUZ,Térmica,Gas Natural,Región de Valparaíso,convencional,0.0,0.0,0.0,0.0,2,2024-10-01 01:00:00
PMGD PFV HUAQUELON,PMGD PFV Huaquelon,Solar,(en blanco),Región de Coquimbo,ernc,1.0,0.0,47.11787143167631,0.0,2,2024-10-01 01:00:00
PMGD PFV CORTIJO,PMGD PFV CORTIJO,Solar,(en blanco),Región del Bío-Bío,ernc,1.0,0.0,58.167608103874734,0.0,2,2024-10-01 01:00:00
PMGD PFV PESARO SOLAR,PMGD PFV Pesaro,Solar,(en blanco),Región de Valparaíso,ernc,1.0,0.0,21.189989218282108,0.0,2,2024-10-01 01:00:00
TER KELAR,KELAR TG1 + TG2 + TV (Gas Arg),Térmica,Gas Natural,Región de Antofagasta,convencional,0.0,0.0,0.0,0.0,2,2024-10-01 01:00:00
TER GUACOLDA,Guacolda 5,Térmica,Carbón,Región de Atacama,convencional,0.0,0.0,1390.3196674476214,154.75678495338283,2,2024-10-01 01:00:00
TER TOCOPILLA,U16-TG GNL,Térmica,Gas Natural,Región de Antofagasta,convencional,0.0,0.0,0.0,0.0,2,2024-10-01 01:00:00
TER NEHUENCO 9B,Nehuenco 9B Diésel,Térmica,Diésel,Región de Valparaíso,convencional,0.0,0.0,0.0,0.0,2,2024-10-01 01:00:00
PFV TAMAYA SOLAR,TAMAYA SOLAR,Solar,(en blanco),Región de Antofagasta,ernc,1.0,0.0,304.6308317508692,0.0,2,2024-10-01 01:00:00
PMGD PFV SOY SOLAR,PMGD PFV Soy Solar,Solar,(en blanco),Región de Coquimbo,ernc,1.0,0.0,18.427596680678146,0.0,2,2024-10-01 01:00:00
PMGD TER ALMENDRADO,Almendrado,Térmica,Diésel,Región de los Lagos,convencional,0.0,0.0,0.0,0.0,2,2024-10-01 01:00:00
PMGD PFV LOS MOLINOS,Los Molinos,Solar,(en blanco),Región Metropolitana,ernc,1.0,0.0,68.04844696881086,0.0,2,2024-10-01 01:00:00
PMGD HP ALLIPEN,ALLIPÉN,Hidráulica,Pasada,Región de la Araucanía,ernc,1.0,0.0,0.0,0.0,2,2024-10-01 01:00:00
PMGD PFV EL PICURIO,El Picurio,Solar,(en blanco),Región de O'Higgins,ernc,1.0,0.0,19.120353901657897,0.0,2,2024-10-01 01:00:00
TER DIEGO DE ALMAGRO,Diego de Almagro,Térmica,Diésel,Región de Atacama,convencional,0.0,0.0,0.0,0.0,2,2024-10-01 01:00:00
HP LOS HIERROS,LOS HIERROS,Hidráulica,Pasada,Región del Maule,ernc,0.665,0.0,414.2923280390361,21.95231047958376,2,2024-10-01 01:00:00
PFV TAMANGO,PFV TAMANGO,Solar,(en blanco),Región del Maule,ernc,1.0,0.0,138.47765589673617,0.0,2,2024-10-01 01:00:00
BESS Angamos,BESS Angamos (Inyección),Bess,(en blanco),Región de Antofagasta,convencional,0.0,0.0,2.721526185253775,0.11006172072717471,2,2024-10-01 01:00:00
PMGD PFV EL QUEULE,El Queule,Solar,(en blanco),Región de O'Higgins,ernc,1.0,0.0,25.604210761089583,0.0,2,2024-10-01 01:00:00
PFV SAN ANDRES,SAN ANDRES (SOLAR),Solar,(en blanco),Región de Atacama,ernc,1.0,0.0,30.907332302385697,0.0,2,2024-10-01 01:00:00
PMGD PFV LAS PERDICES,Las Perdices,Solar,(en blanco),Región del Maule,ernc,1.0,0.0,16.12365895427709,0.0,2,2024-10-01 01:00:00
PMGD HP DOSAL,MCH Dosal,Hidráulica,Pasada,Región del Maule,ernc,1.0,0.0,0.0,0.0,2,2024-10-01 01:00:00
TER LICANTEN,TER LICANTEN,Térmica,Biomasa,Región del Maule,ernc,0.33,0.0,0.0,0.0,2,2024-10-01 01:00:00
PMGD PFV RCU (RTN),PMGD PFV Rcu,Solar,(en blanco),Región del Maule,ernc,1.0,0.0,23.86685689911178,0.0,2,2024-10-01 01:00:00
PMGD PFV EA SF GRANEROS [En_Revision],PMGD PFV EA SF Graneros,Solar,(en blanco),Región Metropolitana,ernc,1.0,0.0,10.907202536697426,0.0,2,2024-10-01 01:00:00
PMGD PFV RUCAPAINE,PMGD PFV Rucapaine,Solar,(en blanco),Región Metropolitana,ernc,1.0,0.0,53.94514205696381,0.0,2,2024-10-01 01:00:00
PMGD PFV EL CUERVO,PMGD PFV El Cuervo,Solar,(en blanco),Región del Maule,ernc,1.0,0.0,17.600431561652137,0.0,2,2024-10-01 01:00:00
PMGD TER LEBU,PMGD TER Lebu,Térmica,Diésel,Región del Bío-Bío,convencional,0.0,0.0,0.0,0.0,2,2024-10-01 01:00:00
PFV SOL DE LOS ANDES,PFV SOL DE LOS ANDES,Solar,(en blanco),Región de Atacama,ernc,1.0,0.0,402.2555780358731,0.0,2,2024-10-01 01:00:00
PMGD PFV VICTORIA,PMGD PFV Victoria,Solar,(en blanco),Región de Antofagasta,ernc,1.0,0.0,24.341478640251996,0.0,2,2024-10-01 01:00:00
HP SAN ANDRES,SAN ANDRES,Hidráulica,Pasada,Región de O'Higgins,convencional,0.0,0.0,29.316440157329264,4.3024127193350115,2,2024-10-01 01:00:00
PMGD HP COLLIL,COLLIL,Hidráulica,Pasada,Región de los Lagos,ernc,1.0,0.0,65.91110604564257,3.3289952615032963,2,2024-10-01 01:00:00
PMGD TER LOS ALAMOS,PMGD TER Los Álamos,Térmica,Diésel,Región del Bío-Bío,convencional,0.0,0.0,0.0,0.0,2,2024-10-01 01:00:00
TER LAS VEGAS,Las Vegas,Térmica,Diésel,Región de Valparaíso,convencional,0.0,0.0,1.765344780205136,0.0,2,2024-10-01 01:00:00
PMGD HP MAISAN,MAISAN,Hidráulica,Pasada,Región de la Araucanía,ernc,1.0,0.0,8.843545822470997,0.3954843998751787,2,2024-10-01 01:00:00
PFV ANDES SOLAR II-B,Solar Andes IIB,Solar,(en blanco),Región de Antofagasta,ernc,1.0,0.0,242.02572387905715,0.0,2,2024-10-01 01:00:00
BESS PFV COYA,BESS COYA (Inyección),Bess,(en blanco),Región de Antofagasta,ernc,1.0,0.0,515.058836170252,0.0,2,2024-10-01 01:00:00
PMGD PFV DON SIMON,PMGD PFV Don Simon,Solar,(en blanco),Región de O'Higgins,ernc,1.0,0.0,28.99429785104352,0.0,2,2024-10-01 01:00:00
PFV DOÑA ANTONIA,PFV Doña Antonia,Solar,(en blanco),Región de Coquimbo,ernc,1.0,0.0,85.73808044646908,0.0,2,2024-10-01 01:00:00
PMGD TER ANCALI,ANCALI,Térmica,BioGas,Región del Bío-Bío,ernc,1.0,0.0,0.0,0.0,2,2024-10-01 01:00:00
PMGD PFV LAS ARBOLEDAS,PMGD PFV Las Arboledas,Solar,(en blanco),Región Metropolitana,ernc,1.0,0.0,11.8363091231517,0.0,2,2024-10-01 01:00:00
PMGD PFV LAS CHILCAS,PMGD PFV Las Chilcas,Solar,(en blanco),Arica y Parinacota,ernc,1.0,0.0,36.28495025609347,0.0,2,2024-10-01 01:00:00
PMGD PFV LOMAS COLORADAS,LOMAS COLORADAS,Solar,(en blanco),Región de Coquimbo,ernc,1.0,0.0,7.818566582775479,0.0,2,2024-10-01 01:00:00
BESS Andes,BESS Andes (retiro),Bess,(en blanco),Región de Antofagasta,ernc,1.0,0.0,0.0,0.0,2,2024-10-01 01:00:00
PMGD PFV ORQUIDEA SOLAR,PMGD PFV Orquidea Solar,Solar,(en blanco),Región de Coquimbo,ernc,1.0,0.0,26.250321768071757,0.0,2,2024-10-01 01:00:00
TER LAUTARO,Lautaro 2,Térmica,Biomasa,Región de la Araucanía,ernc,1.0,0.0,373.57249305327394,16.44922444322502,2,2024-10-01 01:00:00
PFV SOL DEL DESIERTO,Sol del Desierto,Solar,(en blanco),Región de Antofagasta,ernc,1.0,0.0,1182.1629367196083,0.0,2,2024-10-01 01:00:00
PE RENAICO I,PE Renaico I,Eólica,(en blanco),Región de la Araucanía,ernc,1.0,0.0,315.7070431004131,4.012250001054277,2,2024-10-01 01:00:00
PMGD PFV PACHIRA,Pachira,Solar,(en blanco),Región del Maule,ernc,1.0,0.0,57.06238163290689,0.0,2,2024-10-01 01:00:00
PMGD HP DONGO,DONGO,Hidráulica,Pasada,Región de los Lagos,ernc,1.0,0.0,62.373945708131394,3.1203782726704246,2,2024-10-01 01:00:00
PMGD PFV JAVIERA CARRERA,PMGD PFV Javiera Carrera,Solar,(en blanco),Región Metropolitana,ernc,1.0,0.0,44.52475528647282,0.0,2,2024-10-01 01:00:00
PMGD PFV SANTA MARGARITA,PMGD PFV SANTA MARGARITA,Solar,(en blanco),Región de O'Higgins,ernc,1.0,0.0,19.825877247661825,0.0,2,2024-10-01 01:00:00
TER ARICA,TER ARICA M2AR,Térmica,Diésel,Arica y Parinacota,convencional,0.0,0.0,0.0,0.0,2,2024-10-01 01:00:00
BESS PFV COYA,BESS COYA (retiro),Bess,(en blanco),Región de Antofagasta,ernc,1.0,0.0,581.3660201028872,0.0,2,2024-10-01 01:00:00
PMGD PFV QUETENA,PMGD PFV QUETENA,Solar,(en blanco),Región de Antofagasta,ernc,1.0,0.0,82.08019935002474,0.0,2,2024-10-01 01:00:00
PMGD PFV PITOTOY,Pitotoy,Solar,(en blanco),Región de O'Higgins,ernc,1.0,0.0,16.238889866598342,0.0,2,2024-10-01 01:00:00
TER CEMENTOS BIO BIO CENTRO,Cementos Bío Bío Diésel,Térmica,Diésel,Región del Maule,convencional,0.0,0.0,0.0,0.0,2,2024-10-01 01:00:00
PMGD HP MELO,MELO,Hidráulica,Pasada,Región del Bío-Bío,ernc,1.0,0.0,39.07474539430633,1.4421260718915772,2,2024-10-01 01:00:00
PMGD PFV COCHARCAS,Cocharcas,Solar,(en blanco),Región de Ñuble,ernc,1.0,0.0,16.611486729234795,0.0,2,2024-10-01 01:00:00
PMGD PFV TALLADO,PMGD PFV Tallado,Solar,(en blanco),Región de Antofagasta,ernc,1.0,0.0,79.84919762428314,0.0,2,2024-10-01 01:00:00
PMGD PFV ALBOR SOLAR,PMGD PFV Albor Solar,Solar,(en blanco),Región del Bío-Bío,ernc,1.0,0.0,30.213817327770695,0.0,2,2024-10-01 01:00:00
PMGD PFV EL CHUCAO,PFV El Chucao,Solar,(en blanco),Región del Maule,ernc,1.0,0.0,16.49169728616761,0.0,2,2024-10-01 01:00:00
PMGD PFV TARANTO,PMGD PFV Taranto,Solar,(en blanco),Región de Valparaíso,ernc,1.0,0.0,0.0,0.0,2,2024-10-01 01:00:00
PMGD PFV SAN ANTONIO,PMGD PFV San Antonio,Solar,(en blanco),Región del Maule,ernc,1.0,0.0,54.635179587988034,0.0,2,2024-10-01 01:00:00
PMGD PFV SANTA CLARA,Santa Clara,Solar,(en blanco),Región de Coquimbo,ernc,1.0,0.0,16.366207904472503,0.0,2,2024-10-01 01:00:00
TER CMPC LAJA,CMPC Laja,Térmica,Biomasa,Región del Bío-Bío,ernc,1.0,0.0,0.0,0.0,2,2024-10-01 01:00:00
TER MEJILLONES,CTM3-TG GNL,Térmica,Gas Natural,Región de Antofagasta,convencional,0.0,0.0,0.0,0.0,2,2024-10-01 01:00:00
TER ANGAMOS,ANG1,Térmica,Carbón,Región de Antofagasta,convencional,0.0,0.0,4590.574315420706,267.5800543097121,2,2024-10-01 01:00:00
HP PALMUCHO,PALMUCHO,Hidráulica,Pasada,Región del Bío-Bío,ernc,0.3,0.0,688.169343576712,28.496220192026456,2,2024-10-01 01:00:00
PMGD PFV EL TRILE,PMGD PFV El Trile,Solar,(en blanco),Región del Maule,ernc,1.0,0.0,1.2974829443039564,0.0,2,2024-10-01 01:00:00
HP LOS HIERROS II,LOS HIERROS 2,Hidráulica,Pasada,Región del Maule,ernc,1.0,0.0,0.0,0.0,2,2024-10-01 01:00:00
BESS Uribe Solar,BESS Uribe Solar (inyección),Bess,(en blanco),Región de Antofagasta,ernc,1.0,0.0,2.7015004663737496,0.0,2,2024-10-01 01:00:00
PMGD TER CHILLAN,Chillan,Térmica,Diésel,Región de Ñuble,convencional,0.0,0.0,0.0,0.0,2,2024-10-01 01:00:00
HP PEUCHEN,PEUCHÉN,Hidráulica,Pasada,Región del Bío-Bío,convencional,0.0,0.0,1221.9752627899202,71.21993892145724,2,2024-10-01 01:00:00
TER ARICA,TER ARICA GMAR,Térmica,Diésel,Arica y Parinacota,convencional,0.0,0.0,0.0,0.0,2,2024-10-01 01:00:00
PMGD PFV JILGUERO,PMGD PFV Jilguero,Solar,(en blanco),Región del Maule,ernc,1.0,0.0,12.37908658155036,0.0,2,2024-10-01 01:00:00
PMGD PFV SANTA AMELIA,SANTA AMELIA,Solar,(en blanco),Región de O'Higgins,ernc,1.0,0.0,23.60649736524622,0.0,2,2024-10-01 01:00:00
PMGD PFV RODEO,Rodeo,Solar,(en blanco),Región de Valparaíso,ernc,1.0,0.0,17.823794702374318,0.0,2,2024-10-01 01:00:00
TER TOCOPILLA,U16-TG Gas Arg,Térmica,Gas Natural,Región de Antofagasta,convencional,0.0,0.0,0.0,0.0,2,2024-10-01 01:00:00
PMGD PFV OLIVIA,PMGD PFV Olivia,Solar,(en blanco),Región de Coquimbo,ernc,1.0,0.0,24.542477737001516,0.0,2,2024-10-01 01:00:00
PMGD PFV SOL DEL MAULE,PMGD PFV Sol del Maule,Solar,(en blanco),Región del Maule,ernc,1.0,0.0,16.055404992925034,0.0,2,2024-10-01 01:00:00
PMGD PFV SAN CAMILO,PFV PMGD San Camilo,Solar,(en blanco),Región del Maule,ernc,1.0,0.0,19.850732817539534,0.0,2,2024-10-01 01:00:00
PMGD PFV PELUMPEN SOLAR,PMGD PFV Pelumpen,Solar,(en blanco),Región de Valparaíso,ernc,1.0,0.0,22.45157233307679,0.0,2,2024-10-01 01:00:00
PMGD PFV SANTA RITA,Santa Rita,Solar,(en blanco),Región de Ñuble,ernc,1.0,0.0,18.379816969935025,0.0,2,2024-10-01 01:00:00
PMGD PE LEBU III,Eólica Lebu III,Eólica,(en blanco),Región del Bío-Bío,ernc,1.0,0.0,0.0,0.0,2,2024-10-01 01:00:00
PE TOLPAN SUR,PE Tolpán Sur,Eólica,(en blanco),Región de la Araucanía,ernc,1.0,0.0,437.7855026088002,8.064522446009347,2,2024-10-01 01:00:00
PMGD PFV PUEBLO HUNDIDO,PMGD PFV Pueblo Hundido,Solar,(en blanco),Región de O'Higgins,ernc,1.0,0.0,15.030784962668013,0.0,2,2024-10-01 01:00:00
PMGD PFV CONDOR PETORCA,PMGD PFV Condor Petorca,Solar,(en blanco),Región de Valparaíso,ernc,1.0,0.0,22.77796652214555,0.0,2,2024-10-01 01:00:00
PMGD PFV SALERNO SOLAR,PMGD PFV Salerno Solar,Solar,(en blanco),Región Metropolitana,ernc,1.0,0.0,22.599923043013064,0.0,2,2024-10-01 01:00:00
PMGD PFV SANTA BLANCA DE ISLA DE MAIPO SUNLIGHT,PMGD PFV SANTA BLANCA DE ISLA DE MAIPO SUNLIGHT [EN_REVISION],Solar,(en blanco),Región Metropolitana,ernc,1.0,0.0,11.78815384109462,0.0,2,2024-10-01 01:00:00
PMGD PFV LA CHIMBA BIS,LA CHIMBA BIS,Solar,(en blanco),Región de Coquimbo,ernc,1.0,0.0,17.247336556923443,0.0,2,2024-10-01 01:00:00
PMGD PFV EA SF PICHILEMU [En_Revision],PMGD PFV EA SF Pichilemu,Solar,(en blanco),Región de O'Higgins,ernc,1.0,0.0,23.319135768186275,0.0,2,2024-10-01 01:00:00
HP MAITENES,MAITENES,Hidráulica,Pasada,Región Metropolitana,ernc,0.3725,0.0,0.0,0.0,2,2024-10-01 01:00:00
TER NEHUENCO 9B,Nehuenco 9B GNL,Térmica,Gas Natural,Región de Valparaíso,convencional,0.0,0.0,0.0,0.0,2,2024-10-01 01:00:00
TER CARDONES,TER Cardones,Térmica,Diésel,Región de Atacama,convencional,0.0,0.0,0.0,0.0,2,2024-10-01 01:00:00
PMGD PFV RINCONADA ALCONES,PMGD PFV Rinconada Alcones,Solar,(en blanco),Región de O'Higgins,ernc,1.0,0.0,74.01843072721226,0.0,2,2024-10-01 01:00:00
PMGD PFV DON ANDRONICO,DON ANDRÓNICO,Solar,(en blanco),Región Metropolitana,ernc,1.0,0.0,15.67886641244075,0.0,2,2024-10-01 01:00:00
PMGD PFV LAS TENCAS,PMGD PFV Las Tencas,Solar,(en blanco),Región de O'Higgins,ernc,1.0,0.0,58.78561896577704,0.0,2,2024-10-01 01:00:00
PMGD PFV MARIA DOLORES,PMGD PFV MARIA DOLORES,Solar,(en blanco),Región del Bío-Bío,ernc,1.0,0.0,52.40026816755667,0.0,2,2024-10-01 01:00:00
PMGD PFV SGT TUCAPEL [EN_REVISION],PMGD PFV SGT TUCAPEL [EN_REVISION],Solar,(en blanco),Región de Ñuble,ernc,1.0,0.0,0.0,0.0,2,2024-10-01 01:00:00
PE PUNTA DE TALCA [En_Revision],PE PUNTA DE TALCA,Eólica,(en blanco),Región Metropolitana,ernc,1.0,0.0,982.85116609367,5.633158979036305,2,2024-10-01 01:00:00
TER SAN GREGORIO,San Gregorio,Térmica,Diésel,Región de Ñuble,convencional,0.0,0.0,0.0,0.0,2,2024-10-01 01:00:00
HP PUNTILLA,PUNTILLA,Hidráulica,Pasada,Región Metropolitana,ernc,0.83975,0.0,377.51170209420934,16.609314218828185,2,2024-10-01 01:00:00
PMGD PFV DADINCO,Dadinco,Solar,(en blanco),Región de Ñuble,ernc,1.0,0.0,19.55139148294804,0.0,2,2024-10-01 01:00:00
PMGD PFV OLIVILLO,Olivillo,Solar,(en blanco),Región de Valparaíso,ernc,1.0,0.0,0.0,0.0,2,2024-10-01 01:00:00
PMGD PFV SANTA JULIA,Santa Julia,Solar,(en blanco),Región de Valparaíso,ernc,1.0,0.0,27.157065891940178,0.0,2,2024-10-01 01:00:00
PMGD PFV EL INTERLOCUTOR,PMGD PFV El Interlocutor,Solar,(en blanco),Región Metropolitana,ernc,1.0,0.0,0.9999806806319242,0.0,2,2024-10-01 01:00:00
PMGD HP COSAPILLA,Cosapilla,Hidráulica,Pasada,Arica y Parinacota,ernc,1.0,0.0,11.339614272589925,0.4774157367650864,2,2024-10-01 01:00:00
PMGD HP MOLINERA VILLARRICA,Molinera Villarrica,Hidráulica,Pasada,Región de la Araucanía,ernc,1.0,0.0,2.539712555785582,0.12007390238709982,2,2024-10-01 01:00:00
PMGD PFV EL PICHON,PMGD PFV Pichon,Solar,(en blanco),Región del Maule,ernc,1.0,0.0,12.477910612773814,0.0,2,2024-10-01 01:00:00
PFV TAMARICO [EN_REVISION],PFV Tamarico Etapa 2,Solar,(en blanco),Región Metropolitana,ernc,0.33,0.0,0.0,0.0,2,2024-10-01 01:00:00
TER LA PORTADA,TECNET_1_6,Térmica,Diésel,Región de Antofagasta,convencional,0.0,0.0,0.0,0.0,2,2024-10-01 01:00:00
PE LOS OLMOS,LOS OLMOS,Eólica,(en blanco),Región del Bío-Bío,ernc,1.0,0.0,511.5568723289329,3.171778679137671,2,2024-10-01 01:00:00
PMGD PFV CONDOR PELVIN,PMGD PFV Condor Pelvin,Solar,(en blanco),Región Metropolitana,ernc,1.0,0.0,14.499950894017681,0.0,2,2024-10-01 01:00:00
PMGD TER LOMAS COLORADAS,PMGD TER LOMAS COLORADAS,Térmica,Biomasa,Región del Bío-Bío,ernc,1.0,0.0,2.0176616520836617,0.0,2,2024-10-01 01:00:00
TER QUINTERO,Quintero TG 1A Gas Arg,Térmica,Gas Natural,Región de Valparaíso,convencional,0.0,0.0,66.03703243630483,0.0,2,2024-10-01 01:00:00
TER NEHUENCO 9B,Nehuenco 9B Gas Natural,Térmica,Gas Natural,Región de Valparaíso,convencional,0.0,0.0,0.0,0.0,2,2024-10-01 01:00:00
PMGD TER MULTIEXPORT II,Multiexport II,Térmica,Diésel,Región de los Lagos,convencional,0.0,0.0,0.0,0.0,2,2024-10-01 01:00:00
TER ARICA,TER ARICA M1AR,Térmica,Diésel,Arica y Parinacota,convencional,0.0,0.0,0.0,0.0,2,2024-10-01 01:00:00
PMGD HP CAVANCHA,CAVANCHA,Hidráulica,Pasada,Región de Tarapacá,ernc,1.0,0.0,40.48328698999911,1.6876818052394609,2,2024-10-01 01:00:00
PMGD HP LOS CORRALES,PMGD HP LOS CORRALES,Hidráulica,Pasada,Región de los Ríos,ernc,1.0,0.0,60.533356729468984,2.7806597186260893,2,2024-10-01 01:00:00
PMGD PFV EL ROBLE,EL ROBLE,Solar,(en blanco),Región Metropolitana,ernc,1.0,0.0,67.74933372652963,0.0,2,2024-10-01 01:00:00
PMGD PFV TABOLANGO,PMGD PFV Tabolango,Solar,(en blanco),Región de Valparaíso,ernc,1.0,0.0,71.54506403024752,0.0,2,2024-10-01 01:00:00
TER DEGAÑ,Degañ Nave 5,Térmica,Diésel,Región de los Lagos,convencional,0.0,0.0,0.0,0.0,2,2024-10-01 01:00:00
PMGD HP MUNILQUE II,Munilque 2,Hidráulica,Pasada,Región del Bío-Bío,ernc,1.0,0.0,0.0,0.0,2,2024-10-01 01:00:00
PMGD PFV ANCAHUAL SOLAR,PMGD PFV ANCAHUAL SOLAR [EN_REVISION],Solar,(en blanco),Región de la Araucanía,ernc,1.0,0.0,47.41437900454279,0.0,2,2024-10-01 01:00:00
PMGD PFV AÑUÑUCA DEL VERANO SOLAR,PMGD PFV Añuñuca del Verano,Solar,(en blanco),Región de Valparaíso,ernc,1.0,0.0,19.919115510181886,0.0,2,2024-10-01 01:00:00
PMGD PFV LOS MAGNOLIOS SOLAR,PMGD PFV LOS MAGNOLIOS SOLAR,Solar,(en blanco),Región de Valparaíso,ernc,1.0,0.0,24.57618489569857,0.0,2,2024-10-01 01:00:00
TER CELCO,CELCO,Térmica,Biomasa,Región del Maule,ernc,1.0,0.0,84.51739590749497,1.811015586510784,2,2024-10-01 01:00:00
PMGD TER LONQUIMAY,Lonquimay,Térmica,Diésel,Región de la Araucanía,convencional,0.0,0.0,0.0,0.0,2,2024-10-01 01:00:00
PMGD TER LOUSIANA PACIFIC II,Louisiana Pacific II,Térmica,Diésel,Región de la Araucanía,convencional,0.0,0.0,0.0,0.0,2,2024-10-01 01:00:00
TER CMPC CORDILLERA,CMPC Cordillera Gas Arg,Térmica,Gas Natural,Región Metropolitana,convencional,0.0,0.0,0.0,0.0,2,2024-10-01 01:00:00
PMGD PFV LA PAZ,PMGD PFV La Paz,Solar,(en blanco),Región Metropolitana,ernc,1.0,0.0,62.06278565730632,0.0,2,2024-10-01 01:00:00
PMGD PFV PLACILLA SOLAR,Placilla Solar,Solar,(en blanco),Región de O'Higgins,ernc,1.0,0.0,47.134931841461814,0.0,2,2024-10-01 01:00:00
PMGD PFV SANTA LUISA,PMGD PFV SANTA LUISA,Solar,(en blanco),Región de Ñuble,ernc,1.0,0.0,19.092643169454075,0.0,2,2024-10-01 01:00:00
PMGD PFV EL MONTE,PMGD PFV El Monte,Solar,(en blanco),Región Metropolitana,ernc,1.0,0.0,16.125534045195952,0.0,2,2024-10-01 01:00:00
PMGD PFV LAS TURCAS,PMGD LAS TURCAS,Solar,(en blanco),Región Metropolitana,ernc,1.0,0.0,9.452816889946325,0.0,2,2024-10-01 01:00:00
PMGD PFV EL CONDOR,El Condor,Solar,(en blanco),Región del Maule,ernc,1.0,0.0,7.280177855802201,0.0,2,2024-10-01 01:00:00
TER MEJILLONES,CTM1,Térmica,Carbón,Región de Antofagasta,convencional,0.0,0.0,0.0,0.0,2,2024-10-01 01:00:00
TER CMPC CORDILLERA,CMPC Cordillera GNL,Térmica,Gas Natural,Región Metropolitana,convencional,0.0,0.0,0.0,0.0,2,2024-10-01 01:00:00
HP PULLINQUE,HP Pullinque,Hidráulica,Pasada,Región de los Ríos,convencional,0.0,0.0,756.7243580542018,30.266973199973044,2,2024-10-01 01:00:00
PFV DOMEYKO,PFV Domeyko,Solar,(en blanco),Región de Antofagasta,ernc,1.0,0.0,1026.5056467784577,0.0,2,2024-10-01 01:00:00
PMGD PFV CABIMAS [EN_REVISION],PMGD PFV Cabimas,Solar,(en blanco),Región del Maule,ernc,1.0,0.0,0.411148950786932,0.0,2,2024-10-01 01:00:00
PMGD TER BOLDOS,Boldos,Térmica,Diésel,Región del Bío-Bío,convencional,0.0,0.0,0.0,0.0,2,2024-10-01 01:00:00
PMGD TER DIESEL CEREZO,PMGD Diesel Cerezo,Térmica,Diésel,Región del Maule,convencional,0.0,0.0,0.0,0.0,2,2024-10-01 01:00:00
PMGD PFV DOÑA REGINA SOLAR,PMGD PFV Doña Regina,Solar,(en blanco),Región Metropolitana,ernc,1.0,0.0,20.617259329873903,0.0,2,2024-10-01 01:00:00
PMGD PFV ÑIQUEN,Niquen,Solar,(en blanco),Región de Ñuble,ernc,1.0,0.0,18.514187676324845,0.0,2,2024-10-01 01:00:00
PMGD PFV UTFSM VIÑA DEL MAR,UTFSM Viña del Mar,Solar,(en blanco),Región de Valparaíso,ernc,1.0,0.0,0.9944383215719268,0.0,2,2024-10-01 01:00:00
PMGD HP PURISIMA,PURISIMA,Hidráulica,Pasada,Región del Maule,ernc,1.0,0.0,9.78639530580637,0.40993089422168044,2,2024-10-01 01:00:00
TER KELAR,KELAR TG1 (Gas Arg),Térmica,Gas Natural,Región de Antofagasta,convencional,0.0,0.0,0.0,0.0,2,2024-10-01 01:00:00
PMGD PFV CAÑONES SUNLIGHT,PMGD PFV CAÑONES SUNLIGHT,Solar,(en blanco),Región de Valparaíso,ernc,1.0,0.0,66.46318237158683,0.0,2,2024-10-01 01:00:00
TER TARAPACA,Tarapacá TGTAR,Térmica,Diésel,Región de Tarapacá,convencional,0.0,0.0,0.0,0.0,2,2024-10-01 01:00:00
PMGD PFV LA PALMA SOLAR,PMGD PFV La Palma Solar,Solar,(en blanco),Región de Ñuble,ernc,1.0,0.0,65.00836988427085,0.0,2,2024-10-01 01:00:00
HP LOS MOLLES,MOLLES,Hidráulica,Pasada,Región de Coquimbo,ernc,1.0,0.0,98.22046105163805,4.714699922934617,2,2024-10-01 01:00:00
BESS Nueva Imperial,BESS Nueva Imperial (Inyección),Bess,(en blanco),Región de la Araucanía,convencional,0.0,0.0,0.0,0.0,2,2024-10-01 01:00:00
TER NEHUENCO,Nehuenco Gas Natural,Térmica,Gas Natural,Región de Valparaíso,convencional,0.0,0.0,2501.402743799425,300.16832925593104,2,2024-10-01 01:00:00
PFV RIO ESCONDIDO,PFV RÍO ESCONDIDO,Solar,(en blanco),Región de Atacama,ernc,1.0,0.0,814.8269409871751,0.0,2,2024-10-01 01:00:00
PMGD LAJA ANDINO,PMGD PFV Laja Andino,Solar,(en blanco),Región Metropolitana,ernc,1.0,0.0,55.14348481014726,0.0,2,2024-10-01 01:00:00
PMGD PFV COVADONGA,Covadonga,Solar,(en blanco),Región de Atacama,ernc,1.0,0.0,86.9543979550874,0.0,2,2024-10-01 01:00:00
PMGD HP DON WALTERIO,PMGD HP DON WALTERIO,Hidráulica,Pasada,Región de los Ríos,ernc,1.0,0.0,76.83065202483107,3.1907856758357513,2,2024-10-01 01:00:00
TER MEJILLONES,CTM3-TG + CTM3-TV Diesel,Térmica,Diésel,Región de Antofagasta,convencional,0.0,0.0,0.0,0.0,2,2024-10-01 01:00:00
HP LOS QUILOS,LOS QUILOS,Hidráulica,Pasada,Región de Valparaíso,convencional,0.0,0.0,515.3890213324335,22.312512474690873,2,2024-10-01 01:00:00
TER NEWEN,Newen Butano,Térmica,Gas Natural,Región del Bío-Bío,convencional,0.0,0.0,0.0,0.0,2,2024-10-01 01:00:00
TER RENCA [No_Mostrar],Renca U-1,Térmica,Diésel,Región Metropolitana,convencional,0.0,0.0,0.0,0.0,2,2024-10-01 01:00:00
PMGD PFV CONCON,PMGD PFV Abastible Concon,Solar,(en blanco),Región de Valparaíso,ernc,1.0,0.0,0.0,0.0,2,2024-10-01 01:00:00
PMGD PFV EL LITRE SOLAR,El Litre,Solar,(en blanco),Región Metropolitana,ernc,1.0,0.0,46.88360198348378,0.0,2,2024-10-01 01:00:00
TER TOCOPILLA,U16-TG + U16-TV Diesel,Térmica,Gas Natural,Región de Antofagasta,convencional,0.0,0.0,0.0,0.0,2,2024-10-01 01:00:00
TER NEWEN,Newen Propano,Térmica,Gas Natural,Región del Bío-Bío,convencional,0.0,0.0,0.0,0.0,2,2024-10-01 01:00:00
HP OJOS DE AGUA,OJOS DE AGUA,Hidráulica,Pasada,Región del Maule,ernc,1.0,0.0,125.04192837094891,5.212784240085447,2,2024-10-01 01:00:00
BESS Andes IV,BESS Andes IV (inyección),Bess,(en blanco),Región de Antofagasta,ernc,1.0,0.0,598.8758393094831,0.0,2,2024-10-01 01:00:00
PFV RUCASOL [EN_REVISION],PFV RUCASOL,Solar,(en blanco),Región Metropolitana,ernc,1.0,0.0,0.0,0.0,2,2024-10-01 01:00:00
PMGD PFV PARQUE SOLAR EL RECONQUISTADOR,PMGD PFV El Reconquistador,Solar,(en blanco),Región de Ñuble,ernc,1.0,0.0,16.708109244585863,0.0,2,2024-10-01 01:00:00
PMGD TER AGNI,Agni,Térmica,Diésel,Región Metropolitana,convencional,0.0,0.0,0.0,0.0,2,2024-10-01 01:00:00
TER NEWEN,Newen Propano+Butano,Térmica,Gas Natural,Región del Bío-Bío,convencional,0.0,0.0,0.0,0.0,2,2024-10-01 01:00:00
PMGD PFV QUINTA SOLAR,La Quinta Solar SpA,Solar,(en blanco),Región Metropolitana,ernc,1.0,0.0,22.921632112847234,0.0,2,2024-10-01 01:00:00
PMGD PFV SOL DE SEPTIEMBRE,Sol de Septiembre,Solar,(en blanco),Región Metropolitana,ernc,1.0,0.0,51.27451962005993,0.0,2,2024-10-01 01:00:00
PMGD PE HUAJACHE,Eólica Huajache,Eólica,(en blanco),Región del Bío-Bío,ernc,1.0,0.0,73.66606626776083,1.5087617877592925,2,2024-10-01 01:00:00
PMGD PFV EL QUELTEHUE,El Queltehue,Solar,(en blanco),Región Metropolitana,ernc,1.0,0.0,20.026097726275633,0.0,2,2024-10-01 01:00:00
TER CENIZAS,Cenizas,Térmica,Diésel,Región de Atacama,convencional,0.0,0.0,0.0,0.0,2,2024-10-01 01:00:00
BESS Tamaya,BESS Tamaya (retiro),Bess,(en blanco),Región de Antofagasta,ernc,1.0,0.0,438.50590659901445,0.0,2,2024-10-01 01:00:00
PMGD PFV CARACOLES,PMGD PFV CARACOLES,Solar,(en blanco),Región del Maule,ernc,1.0,0.0,18.308798162904882,0.0,2,2024-10-01 01:00:00
PMGD HP EL TARTARO,EL TÁRTARO,Hidráulica,Pasada,Región de Valparaíso,ernc,1.0,0.0,0.0,0.0,2,2024-10-01 01:00:00
PMGD PFV HUINGAN,PMGD PFV Huigan,Solar,(en blanco),Región Metropolitana,ernc,1.0,0.0,66.75409614744778,0.0,2,2024-10-01 01:00:00
HP PILMAIQUEN,HE Pilmaiquén,Hidráulica,Pasada,Región de los Ríos,convencional,0.0,0.0,610.7224827041172,24.813915218490298,2,2024-10-01 01:00:00
PMGD HP CUMPEO,PMGD HP Cumpeo,Hidráulica,Pasada,Región del Maule,ernc,1.0,0.0,111.36565922904471,4.8721871951985,2,2024-10-01 01:00:00
TER ANTILHUE,Antilhue TG2,Térmica,Diésel,Región de los Ríos,convencional,0.0,0.0,0.0,0.0,2,2024-10-01 01:00:00
PMGD PFV PLOMO DE VERANO,PMGD PFV Plomo Verano,Solar,(en blanco),Región Metropolitana,ernc,1.0,0.0,17.667992707084885,0.0,2,2024-10-01 01:00:00
PMGD TER LEPANTO,PMGD Lepanto,Térmica,BioGas,Región Metropolitana,ernc,1.0,0.0,0.0,0.0,2,2024-10-01 01:00:00
BESS Nueva Imperial,BESS Nueva Imperial (Retiro),Bess,(en blanco),Región de la Araucanía,convencional,0.0,0.0,0.0,0.0,2,2024-10-01 01:00:00
PMGD PFV MACARENA SOLAR,PMGD PFV Macarena Solar,Solar,(en blanco),Región Metropolitana,ernc,1.0,0.0,2.3143054388365467,0.0,2,2024-10-01 01:00:00
PMGD HP PEHUI,PEHUI,Hidráulica,Pasada,Región de los Ríos,ernc,1.0,0.0,19.882561024052393,0.9127200592705975,2,2024-10-01 01:00:00
PMGD PFV GR PEUMO,PMGD PFV GR PEUMO,Solar,(en blanco),Región de O'Higgins,ernc,1.0,0.0,62.19714995069984,4.845139923151767,2,2024-10-01 01:00:00
BESS Tamaya,BESS Tamaya (inyección),Bess,(en blanco),Región de Antofagasta,ernc,1.0,0.0,337.8394545775504,30.557135918253778,2,2024-10-01 01:00:00
PE ALENA,Alena,Eólica,(en blanco),Región del Bío-Bío,ernc,1.0,0.0,408.97934861120604,1.4908360353044574,2,2024-10-01 01:00:00
TER SAN ISIDRO,San Isidro GNL,Térmica,Gas Natural,Región de Valparaíso,convencional,0.0,0.0,0.0,0.0,2,2024-10-01 01:00:00
PFV GUANCHOI,PFV GUANCHOI,Solar,(en blanco),Región de Atacama,ernc,1.0,0.0,1572.041573979162,0.0,2,2024-10-01 01:00:00
HP MARIPOSAS,MARIPOSAS,Hidráulica,Pasada,Región del Maule,ernc,1.0,0.0,46.9263154736772,2.1011783047915173,2,2024-10-01 01:00:00
PMGD PFV PARQUE SAN FRANCISCO PARRAL,PMGD PFV Parque San Francisco Parral,Solar,(en blanco),Región Metropolitana,ernc,1.0,0.0,6.295918218361933,0.0,2,2024-10-01 01:00:00
PMGD TER MONTE PATRIA,Monte Patria,Térmica,Diésel,Región de Coquimbo,convencional,0.0,0.0,0.0,0.0,2,2024-10-01 01:00:00
PMGD PFV ESCORIAL DEL VERANO SOLAR,PMGD PFV Escorial del Verano,Solar,(en blanco),Región de Valparaíso,ernc,1.0,0.0,22.000639121858278,0.0,2,2024-10-01 01:00:00
PMGD PFV RANGUIL,PV Ranguil,Solar,(en blanco),Región de O'Higgins,ernc,1.0,0.0,17.570914295374955,0.0,2,2024-10-01 01:00:00
PMGD PFV EL RESPLANDOR,El Resplandor,Solar,(en blanco),Región del Bío-Bío,ernc,1.0,0.0,14.75375006454389,0.0,2,2024-10-01 01:00:00
PE LLANOS DEL  VIENTO,llanos del viento,Eólica,(en blanco),Región de Antofagasta,ernc,1.0,0.0,825.6430064513638,0.0,2,2024-10-01 01:00:00
PMGD PFV CARA DE GALLO,PMGD PFV Cara De Gallo,Solar,(en blanco),Región de O'Higgins,ernc,1.0,0.0,5.092241393522488,0.0,2,2024-10-01 01:00:00
PMGD HP LOS PORTONES,PMGD HP LOS PORTONES,Hidráulica,Pasada,Región de los Ríos,ernc,1.0,0.0,16.34615300112633,0.6785705637454491,2,2024-10-01 01:00:00
PMGD PFV LAS TERRAZAS,SOLAR_LAS_TERRAZAS,Solar,(en blanco),Región de Atacama,ernc,1.0,0.0,6.24937739696673,0.0,2,2024-10-01 01:00:00
TER NEWEN,Newen Diésel,Térmica,Diésel,Región del Bío-Bío,convencional,0.0,0.0,0.0,0.0,2,2024-10-01 01:00:00
PMGD PFV NAZARINO DEL VERANO SOLAR,PMGD PFV Nazarino del Verano Solar,Solar,(en blanco),Región Metropolitana,ernc,1.0,0.0,17.62591891042062,0.0,2,2024-10-01 01:00:00
PMGD PFV CONDOR CHEPICA,PMGD PFV Condor Chepica,Solar,(en blanco),Región Metropolitana,ernc,1.0,0.0,16.70139604743993,0.0,2,2024-10-01 01:00:00
BESS Andes IV,BESS Andes IV (retiro),Bess,(en blanco),Región de Antofagasta,ernc,1.0,0.0,0.0,0.0,2,2024-10-01 01:00:00
TER QUINTERO,Quintero TG 1B Gas Arg,Térmica,Gas Natural,Región de Valparaíso,convencional,0.0,0.0,105.05891523957585,0.0,2,2024-10-01 01:00:00
PMGD PFV SANTA ADRIANA,Solar Santa Adriana,Solar,(en blanco),Región Metropolitana,ernc,1.0,0.0,13.489395732698172,0.0,2,2024-10-01 01:00:00
TER NEWEN,Newen GNL,Térmica,Gas Natural,Región del Bío-Bío,convencional,0.0,0.0,0.0,0.0,2,2024-10-01 01:00:00
PMGD PFV EL QUEMADO,EL QUEMADO,Solar,(en blanco),Región de Valparaíso,ernc,1.0,0.0,19.325227462540514,0.0,2,2024-10-01 01:00:00
PMGD HP LOS COLONOS,Los Colonos,Hidráulica,Pasada,Región de los Lagos,ernc,1.0,0.0,0.0,0.0,2,2024-10-01 01:00:00
PMGD PFV EA MAITEN [En_Revision],PMGD PFV Ea Maiten,Solar,(en blanco),Región Metropolitana,ernc,1.0,0.0,17.644053603946023,0.0,2,2024-10-01 01:00:00
TER NEHUENCO,Nehuenco Diésel,Térmica,Diésel,Región de Valparaíso,convencional,0.0,0.0,0.0,0.0,2,2024-10-01 01:00:00
PMGD PFV COLINA,PMGD PFV Colina,Solar,(en blanco),Región Metropolitana,ernc,1.0,0.0,74.94680590280385,0.0,2,2024-10-01 01:00:00
TER ANGAMOS,ANG2,Térmica,Carbón,Región de Antofagasta,convencional,0.0,0.0,4655.240579153409,267.2398635365554,2,2024-10-01 01:00:00
(en blanco),Termoandes TV10 SEN,(en blanco),(en blanco),(en blanco),convencional,0.0,0.0,0.0,0.0,2,2024-10-01 01:00:00
TER LAUTARO,Lautaro 1,Térmica,Biomasa,Región de la Araucanía,ernc,1.0,0.0,329.43173967509176,11.40639651172538,2,2024-10-01 01:00:00
PMGD PFV REXNER,PMGD PFV Rexner,Solar,(en blanco),Región de Valparaíso,ernc,1.0,0.0,22.728938585518733,0.0,2,2024-10-01 01:00:00
HP NALCAS,NALCAS,Hidráulica,Pasada,Región de los Lagos,ernc,1.0,0.0,131.3064578982707,6.547702601229745,2,2024-10-01 01:00:00
PMGD HP PUCLARO,PUCLARO,Hidráulica,Pasada,Región de Coquimbo,ernc,1.0,0.0,0.0,0.0,2,2024-10-01 01:00:00
PMGD PFV PANQUEHUE II,PANQUEHUE_II,Solar,(en blanco),Región de Valparaíso,ernc,1.0,0.0,38.257803767839775,0.0,2,2024-10-01 01:00:00
PMGD HP LOS PADRES,LOS PADRES,Hidráulica,Pasada,Región del Bío-Bío,ernc,1.0,0.0,44.39813437703634,1.1606508731229332,2,2024-10-01 01:00:00
PMGD PE EL ARREBOL,El Arrebol,Eólica,(en blanco),Región del Bío-Bío,ernc,1.0,0.0,107.7907553754164,1.4609032644194164,2,2024-10-01 01:00:00
PMGD PFV SOLARPARK VILLA ALEMANA,PMGD PFV SolarPark Villa Alemana,Solar,(en blanco),Región de Valparaíso,ernc,1.0,0.0,18.14160219286964,0.0,2,2024-10-01 01:00:00
TER MEJILLONES,CTM3-TG + CTM3-TV GNL,Térmica,Gas Natural,Región de Antofagasta,convencional,0.0,0.0,3709.860426161853,214.75042836066825,2,2024-10-01 01:00:00
HP PALACIOS,PMG Palacios,Hidráulica,Pasada,Región de O'Higgins,ernc,1.0,0.0,0.0,0.0,2,2024-10-01 01:00:00
BESS Andes,BESS Andes (Inyección),Bess,(en blanco),Región de Antofagasta,ernc,1.0,0.0,0.0,0.0,2,2024-10-01 01:00:00
TER MEJILLONES,CTM3-TG Diesel,Térmica,Diésel,Región de Antofagasta,convencional,0.0,0.0,0.0,0.0,2,2024-10-01 01:00:00
PMGD PE LAS PEÑAS,Eólica Las Peñas,Eólica,(en blanco),Región del Bío-Bío,ernc,1.0,0.0,138.88856072552366,3.07502837822665,2,2024-10-01 01:00:00
PMGD PFV ROMA,PMGD PFV Roma,Solar,(en blanco),Región de O'Higgins,ernc,1.0,0.0,17.35970324773835,0.0,2,2024-10-01 01:00:00
PMGD PFV PLAZA SUNLIGHT,PMGD PFV Plaza Sunlight,Solar,(en blanco),Región Metropolitana,ernc,1.0,0.0,0.0,0.0,2,2024-10-01 01:00:00
TER NEHUENCO,Nehuenco GNL,Térmica,Gas Natural,Región de Valparaíso,convencional,0.0,0.0,621.3484415597773,0.0,2,2024-10-01 01:00:00
PMGD PFV SANTA CECILIA,SANTA CECILIA (EX - AVENIR),Solar,(en blanco),Región de Atacama,ernc,1.0,0.0,6.609549307402879,0.0,2,2024-10-01 01:00:00
PMGD PFV JARDIN SOLAR PETORCA,PMGD PFV Jardin Solar Petorca,Solar,(en blanco),Región Metropolitana,ernc,1.0,0.0,59.657925558568074,0.0,2,2024-10-01 01:00:00
PE MALLECO SUR,MALLECO SUR,Eólica,(en blanco),Región de la Araucanía,ernc,1.0,0.0,580.6055936687721,20.32139589062653,2,2024-10-01 01:00:00
TER ANTILHUE,Antilhue TG1,Térmica,Diésel,Región de los Ríos,convencional,0.0,0.0,0.0,0.0,2,2024-10-01 01:00:00
PMGD PFV PAS1,PMGD PFV PAS1,Solar,(en blanco),Región de Tarapacá,ernc,1.0,0.0,0.0,0.0,2,2024-10-01 01:00:00
PMGD PFV PARQUE SOLAR MARAMBIO,PMGD PFV Marambio,Solar,(en blanco),Región Metropolitana,ernc,1.0,0.0,14.70597005233171,0.0,2,2024-10-01 01:00:00
PE EL ARRAYAN,PE EL ARRAYÁN,Eólica,(en blanco),Región de Coquimbo,ernc,1.0,0.0,1356.4406686856018,15.61875873228361,2,2024-10-01 01:00:00
TER ARAUCO,TER ARAUCO,Térmica,Biomasa,Región del Bío-Bío,ernc,0.625,0.0,102.79764715918118,0.500280548759885,2,2024-10-01 01:00:00
PMGD HP MARIA ELENA,PMGD HP MARIA ELENA,Hidráulica,Pasada,Región de los Lagos,ernc,1.0,0.0,4.243785665187566,0.21638311234187033,2,2024-10-01 01:00:00
PMGD PFV LO SIERRA,Lo Sierra,Solar,(en blanco),Región Metropolitana,ernc,1.0,0.0,16.226624788552726,0.0,2,2024-10-01 01:00:00
PMGD PFV GR RAULI,RAULI,Solar,(en blanco),Región del Maule,ernc,1.0,0.0,56.14609060119613,0.0,2,2024-10-01 01:00:00
PFV LEYDA [EN_REVISION],PFV LEYDA,Solar,(en blanco),Región de Valparaíso,ernc,0.3,0.0,0.0,0.0,2,2024-10-01 01:00:00
PMGD PFV SANTA FRANCISCA,PMGD PFV Santa Francisca,Solar,(en blanco),Región de Coquimbo,ernc,1.0,0.0,38.777488848228515,0.0,2,2024-10-01 01:00:00
PMGD HP LOS MORROS,LOS MORROS,Hidráulica,Pasada,Región Metropolitana,ernc,1.0,0.0,0.0,0.0,2,2024-10-01 01:00:00
PMGD PFV JAHUEL,JAHUEL,Solar,(en blanco),Región de Valparaíso,ernc,1.0,0.0,49.99412697960553,0.0,2,2024-10-01 01:00:00
TER GUACOLDA,Guacolda 3,Térmica,Carbón,Región de Atacama,convencional,0.0,0.0,2536.152230716287,154.31653807047414,2,2024-10-01 01:00:00
PMGD PFV PAMA,PAMA,Solar,(en blanco),Región de Coquimbo,ernc,1.0,0.0,8.39300275233692,0.0,2,2024-10-01 01:00:00
PMGD PFV EL GAVIOTIN,PMGD PFV El Gaviotin,Solar,(en blanco),Región de Coquimbo,ernc,1.0,0.0,90.83114952304206,0.0,2,2024-10-01 01:00:00
PFV MESETA DE LOS ANDES,PFV Meseta de Los Andes,Solar,(en blanco),Región de Valparaíso,ernc,1.0,0.0,715.6113025571148,0.0,2,2024-10-01 01:00:00
PMGD PFV SANTA INES SOLAR,PFV SANTA INES,Solar,(en blanco),Región Metropolitana,ernc,1.0,0.0,20.82112515473543,0.0,2,2024-10-01 01:00:00
TER HORCONES,Horcones Diésel,Térmica,Diésel,Región del Bío-Bío,convencional,0.0,0.0,0.0,0.0,2,2024-10-01 01:00:00
PMGD PFV SAN PEDRO,Solar San Pedro,Solar,(en blanco),Región Metropolitana,ernc,1.0,0.0,18.374488886837316,0.0,2,2024-10-01 01:00:00
PMGD TER DAGOBERTO,Dagoberto,Térmica,Diésel,Región de la Araucanía,convencional,0.0,0.0,3.3039127776761326e-05,5.871392576355763e-06,2,2024-10-01 01:00:00
PMGD PFV MARIA PINTO,María Pinto,Solar,(en blanco),Región Metropolitana,ernc,1.0,0.0,17.83688855268122,0.0,2,2024-10-01 01:00:00
HP MAMPIL,MAMPIL,Hidráulica,Pasada,Región del Bío-Bío,convencional,0.0,0.0,741.1756385987449,46.50607981271891,2,2024-10-01 01:00:00
BESS ALFALFAL VR2,BESS ALFALFAL VR2 (retiro),Bess,(en blanco),Región Metropolitana,ernc,1.0,0.0,199.73597739822767,0.21324283202647534,2,2024-10-01 01:00:00
TER SAN JAVIER I,TER SAN JAVIER 1,Térmica,Diésel,Región del Maule,convencional,0.0,0.0,0.0,0.0,2,2024-10-01 01:00:00
PMGD PFV DON RODRIGO,PMGD PFV Don Rodrigo,Solar,(en blanco),Región del Maule,ernc,1.0,0.0,34.030322769630075,0.0,2,2024-10-01 01:00:00
TER ESCUADRON,Escuadrón,Térmica,Biomasa,Región del Bío-Bío,ernc,1.0,0.0,16.48924688712581,0.5202917707102804,2,2024-10-01 01:00:00
PMGD PFV SAN RAFAEL,PMGD PFV San Rafael,Solar,(en blanco),Región del Maule,ernc,1.0,0.0,7.595384246945574,0.0,2,2024-10-01 01:00:00
PMGD PFV PUNTA BAJA SOLAR,Punta Baja Solar,Solar,(en blanco),Región de Coquimbo,ernc,1.0,0.0,16.696311051761477,0.0,2,2024-10-01 01:00:00
PMGD PFV EL SAUCE,EL SAUCE SOLAR,Solar,(en blanco),Región de O'Higgins,ernc,1.0,0.0,21.274918319867094,0.0,2,2024-10-01 01:00:00
TER RENCA [No_Mostrar],Renca U-2,Térmica,Diésel,Región Metropolitana,convencional,0.0,0.0,0.0,0.0,2,2024-10-01 01:00:00
PMGD HP LOS BAJOS,LOS BAJOS,Hidráulica,Pasada,Región Metropolitana,ernc,1.0,0.0,127.23089370480218,5.323493869048459,2,2024-10-01 01:00:00
TER TOCOPILLA,U16-TG Diesel,Térmica,Gas Natural,Región de Antofagasta,convencional,0.0,0.0,0.0,0.0,2,2024-10-01 01:00:00
HP LICAN,LICAN,Hidráulica,Pasada,Región de los Ríos,ernc,1.0,0.0,298.98766716085765,15.88891022861395,2,2024-10-01 01:00:00
PE LOS CERRILLOS,PE Los Cerrillos,Eólica,(en blanco),Región de O'Higgins,ernc,1.0,0.0,213.34964282414057,9.415279927661036,2,2024-10-01 01:00:00
PMGD PFV CORSO,PMGD PFV Corso,Solar,(en blanco),Región de Atacama,ernc,1.0,0.0,28.893382190270056,0.0,2,2024-10-01 01:00:00
PMGD PFV RLA SOLAR,RLA Solar,Solar,(en blanco),Región Metropolitana,ernc,1.0,0.0,14.073260085823412,0.0,2,2024-10-01 01:00:00
TER GUACOLDA,Guacolda 2,Térmica,Carbón,Región de Atacama,convencional,0.0,0.0,0.0,0.0,2,2024-10-01 01:00:00
PMGD PFV FOTOVOLT LIN,PMGD PFV Fotovolt Lin,Solar,(en blanco),Región del Maule,ernc,1.0,0.0,27.21609153731075,0.0,2,2024-10-01 01:00:00
PMGD PFV TREBAL SOLAR,Trebal Solar,Solar,(en blanco),Región Metropolitana,ernc,1.0,0.0,16.414173162167177,0.0,2,2024-10-01 01:00:00
TER CHUYACA,Chuyaca,Térmica,Diésel,Región de los Lagos,convencional,0.0,0.0,0.0,0.0,2,2024-10-01 01:00:00
PMGD PFV RAUQUEN,Rauquén,Solar,(en blanco),Región del Maule,ernc,1.0,0.0,52.12681515829444,0.0,2,2024-10-01 01:00:00
PMGD PFV PAILLIHUE,PMGD PFV Paillihue,Solar,(en blanco),Región Metropolitana,ernc,1.0,0.0,51.03426582084585,0.0,2,2024-10-01 01:00:00
TER KELAR,KELAR TG2 + 0.5 TV (Gas Arg),Térmica,Gas Natural,Región de Antofagasta,convencional,0.0,0.0,0.0,0.0,2,2024-10-01 01:00:00
PMGD PFV CHILENER,PMGD PFV Chilener,Solar,(en blanco),Región Metropolitana,ernc,1.0,0.0,11.335784308911919,0.0,2,2024-10-01 01:00:00
PMGD PFV PERALILLO,PERALILLO,Solar,(en blanco),Región del Maule,ernc,1.0,0.0,14.810977326912088,0.0,2,2024-10-01 01:00:00
PE MALLECO NORTE,MALLECO NORTE,Eólica,(en blanco),Región de la Araucanía,ernc,1.0,0.0,510.3361877899587,12.777165215327463,2,2024-10-01 01:00:00
PMGD PFV CARANCA SOLAR [EN_REVISION],PMGD PFV CARANCA SOLAR,Solar,(en blanco),Región de Atacama,ernc,1.0,0.0,0.0,0.0,2,2024-10-01 01:00:00
PMGD PFV PARQUE SOLAR LA MURALLA,PMGD PFV La Muralla,Solar,(en blanco),Región de O'Higgins,ernc,1.0,0.0,17.948382244133043,0.0,2,2024-10-01 01:00:00
PMGD PFV MARAÑON,PMGD PFV Marañon,Solar,(en blanco),Región de Atacama,ernc,1.0,0.0,92.41763682033535,0.0,2,2024-10-01 01:00:00
PMGD TER MIMBRE,MIMBRE,Térmica,Diésel,Región de O'Higgins,convencional,0.0,0.0,0.0,0.0,2,2024-10-01 01:00:00
PMGD PFV SAMO BAJO,PMGD PFV SAMO BAJO,Solar,(en blanco),Región de Coquimbo,ernc,1.0,0.0,14.177064790923435,0.0,2,2024-10-01 01:00:00
PMGD HP CONTRA,Contra,Hidráulica,Pasada,Región de los Ríos,ernc,1.0,0.0,0.0,0.0,2,2024-10-01 01:00:00
HP PALMAR,Palmar,Hidráulica,Pasada,Región de los Lagos,ernc,1.0,0.0,89.02992645730913,3.8321490035007195,2,2024-10-01 01:00:00
PMGD PFV  ARGOMEDO,Argomedo,Solar,(en blanco),Región de O'Higgins,ernc,1.0,0.0,44.75381882718166,0.0,2,2024-10-01 01:00:00
TER SAN ISIDRO,San Isidro Gas Arg,Térmica,Gas Natural,Región de Valparaíso,convencional,0.0,0.0,2764.990559330033,335.0979171703462,2,2024-10-01 01:00:00
TER TOCOPILLA,U16-TG + U16-TV GNL,Térmica,Gas Natural,Región de Antofagasta,convencional,0.0,0.0,0.0,0.0,2,2024-10-01 01:00:00
PE CALAMA,CALAMA,Eólica,(en blanco),Región de Antofagasta,ernc,1.0,0.0,497.1387869136729,2.1612119706427033,2,2024-10-01 01:00:00
PMGD HP MALLARAUCO,PMGD HP MALLARAUCO,Hidráulica,Pasada,Región Metropolitana,ernc,1.0,0.0,83.61718948795912,3.4817769227411417,2,2024-10-01 01:00:00
PMGD PFV LLANOS DE POTROSO,Llanos de Potroso,Solar,(en blanco),Región de Coquimbo,ernc,1.0,0.0,33.36535459006861,0.0,2,2024-10-01 01:00:00
BESS ALFALFAL VR2,BESS ALFALFAL VR2 (Inyección),Bess,(en blanco),Región Metropolitana,ernc,1.0,0.0,170.7089788296821,0.0,2,2024-10-01 01:00:00
PE TCHAMMA,PE TCHAMMA,Eólica,(en blanco),Región de Antofagasta,ernc,1.0,0.0,961.9594503774573,26.734992525728256,2,2024-10-01 01:00:00
PMGD PFV PARQUE PENCAHUE ESTE,PENCAHUE ESTE,Solar,(en blanco),Región del Maule,ernc,1.0,0.0,17.355402334760043,0.0,2,2024-10-01 01:00:00
TER NEWEN,Newen Gas Arg,Térmica,Gas Natural,Región del Bío-Bío,convencional,0.0,0.0,0.0,0.0,2,2024-10-01 01:00:00
PFV  DON OSCAR,PFV Don Oscar,Solar,(en blanco),Región de Coquimbo,ernc,1.0,0.0,83.8958713694833,0.0,2,2024-10-01 01:00:00
TER CEMENTOS BIO BIO CENTRO,Cementos Bío Bío Fuel Oil,Térmica,Fuel Oil,Región del Maule,convencional,0.0,0.0,0.0,0.0,2,2024-10-01 01:00:00
PMGD PFV EL PILPEN,El Pilpen,Solar,(en blanco),Región Metropolitana,ernc,1.0,0.0,20.364972833529457,0.0,2,2024-10-01 01:00:00
PMGD TER MULTIEXPORT,PMGD TER MULTIEXPORT,Térmica,Diésel,Región de los Lagos,convencional,0.0,0.0,0.0,0.0,2,2024-10-01 01:00:00
PE MANANTIALES,PE Manantiales,Eólica,(en blanco),Región de O'Higgins,ernc,1.0,0.0,120.41752808650432,4.812698879070093,2,2024-10-01 01:00:00
PMGD PFV MUTUPIN,Mutupin,Solar,(en blanco),Región de Ñuble,ernc,1.0,0.0,28.300956131987263,0.0,2,2024-10-01 01:00:00
TER SAN ISIDRO II,San Isidro II Diésel,Térmica,Diésel,Región de Valparaíso,convencional,0.0,0.0,0.0,0.0,2,2024-10-01 01:00:00
TER CANDELARIA,Candelaria 1 Gas Arg,Térmica,Gas Natural,Región de O'Higgins,convencional,0.0,0.0,715.4011847266355,19.01066085287563,2,2024-10-01 01:00:00
PMGD PFV LENGA SOLAR [EN_REVISION],PMGD PFV LENGA SOLAR,Solar,(en blanco),Región del Bío-Bío,ernc,1.0,0.0,9.288918075599499,0.0,2,2024-10-01 01:00:00
TER MAULE,Maule,Térmica,Diésel,Región del Maule,convencional,0.0,0.0,0.0,0.0,2,2024-10-01 01:00:00
TER DEGAÑ,Degañ Nave 1+2,Térmica,Diésel,Región de los Lagos,convencional,0.0,0.0,0.0,0.0,2,2024-10-01 01:00:00
TER TOCOPILLA,U16-TG + U16-TV Gas Arg,Térmica,Gas Natural,Región de Antofagasta,convencional,0.0,0.0,0.0,0.0,2,2024-10-01 01:00:00
PMGD PFV LAS TAGUAS,PMGD PFV Las Taguas,Solar,(en blanco),Región de Coquimbo,ernc,1.0,0.0,83.79571065126872,0.0,2,2024-10-01 01:00:00
PMGD TER CAMPING DIESEL,PMGD Camping,Térmica,Diésel,Región Metropolitana,convencional,0.0,0.0,0.0,0.0,2,2024-10-01 01:00:00
PMGD PFV SAN RAMIRO,San Ramiro,Solar,(en blanco),Región Metropolitana,ernc,1.0,0.0,51.301696205423355,0.0,2,2024-10-01 01:00:00
PFV MACHICURA,PFV Machicura,Solar,(en blanco),Región del Maule,ernc,1.0,0.0,52.229289290531995,0.0,2,2024-10-01 01:00:00
PMGD PFV MAIKONO,PMGD PFV Maikono,Solar,(en blanco),Región de Valparaíso,ernc,1.0,0.0,22.351980947234015,0.0,2,2024-10-01 01:00:00
HP RUCUE,RUCÚE,Hidráulica,Pasada,Región del Bío-Bío,convencional,0.0,0.0,3895.1843526444654,171.0959476758807,2,2024-10-01 01:00:00
PMGD PFV SOL DEL NORTE,Sol del Norte,Solar,(en blanco),Región de Coquimbo,ernc,1.0,0.0,21.202580292140592,0.0,2,2024-10-01 01:00:00
TER DEGAÑ 2,Degañ 2,Térmica,Diésel,Región de los Lagos,convencional,0.0,0.0,0.0,0.0,2,2024-10-01 01:00:00
PMGD PFV HIJUELA 4 [EN_REVISION],PMGD PFV HIJUELA 4 [EN_REVISION],Solar,(en blanco),Región del Maule,ernc,1.0,0.0,19.59922285216035,0.0,2,2024-10-01 01:00:00
TER HORCONES,Horcones TG,Térmica,Gas Natural,Región del Bío-Bío,convencional,0.0,0.0,0.0,0.0,2,2024-10-01 01:00:00
PMGD PFV RENGO SOLAR,PMGD PFV Rengo,Solar,(en blanco),Región de O'Higgins,ernc,1.0,0.0,30.92853187994556,0.0,2,2024-10-01 01:00:00
TER SAN ISIDRO II,San Isidro II GNL,Térmica,Gas Natural,Región de Valparaíso,convencional,0.0,0.0,0.0,0.0,2,2024-10-01 01:00:00
TER QUINTERO,Quintero TG 1B Diésel,Térmica,Diésel,Región de Valparaíso,convencional,0.0,0.0,0.0,0.0,2,2024-10-01 01:00:00
PMGD HP BOQUIAMARGO,Boquiamargo,Hidráulica,Pasada,Región del Bío-Bío,ernc,1.0,0.0,0.0,0.0,2,2024-10-01 01:00:00
TER CONSTITUCION,Constitución 1 Elektragen,Térmica,Diésel,Región del Maule,convencional,0.0,0.0,0.0,0.0,2,2024-10-01 01:00:00
PMGD TER TIRUA,PMGD TER Tirúa,Térmica,Diésel,Región del Bío-Bío,convencional,0.0,0.0,0.0,0.0,2,2024-10-01 01:00:00
PMGD HP EL AGRIO,El Agrio,Hidráulica,Pasada,Región de la Araucanía,ernc,1.0,0.0,26.860713212335195,1.177376774922079,2,2024-10-01 01:00:00
TER ATACAMA,Atacama TG2B + 0.5TV2C GNL,Térmica,Gas Natural,Región de Antofagasta,convencional,0.0,0.0,502.3817270646765,0.0,2,2024-10-01 01:00:00
PE SAN MATIAS,PE SAN MATIAS,Eólica,(en blanco),Región del Bío-Bío,ernc,1.0,0.0,410.4301622026097,0.0,2,2024-10-01 01:00:00
PFV MALGARIDA,PFV Malgarida,Solar,(en blanco),Región de Atacama,ernc,1.0,0.0,1155.2778600292522,0.0,2,2024-10-01 01:00:00
PMGD PFV ALBATROS,PMGD PFV Albatros,Solar,(en blanco),Región del Maule,ernc,1.0,0.0,8.235964119262208,0.0,2,2024-10-01 01:00:00
HP AILLIN,AILLIN,Hidráulica,Pasada,Región del Bío-Bío,ernc,1.0,0.0,59.9436153524094,2.541425187700216,2,2024-10-01 01:00:00
TER NEHUENCO II,Nehuenco II GNL,Térmica,Gas Natural,Región de Valparaíso,convencional,0.0,0.0,0.0,0.0,2,2024-10-01 01:00:00
PMGD PFV CATEMU,Catemu,Solar,(en blanco),Región de Valparaíso,ernc,1.0,0.0,16.668749859917334,0.0,2,2024-10-01 01:00:00
PMGD PFV QUELTEHUE SOLAR,Queltehue Solar,Solar,(en blanco),Región de O'Higgins,ernc,1.0,0.0,0.0,0.0,2,2024-10-01 01:00:00
PMGD PFV EL CAIQUEN,PMGD PFV EL CAIQUEN,Solar,(en blanco),Región del Maule,ernc,1.0,0.0,32.50371641964605,0.0,2,2024-10-01 01:00:00
PMGD PFV OCOA,Ocoa,Solar,(en blanco),Región de Valparaíso,ernc,1.0,0.0,27.625371068359126,0.0,2,2024-10-01 01:00:00
PMGD HP PICHILONCO,Pichilonco,Hidráulica,Pasada,Región de los Ríos,ernc,1.0,0.0,28.802729652780283,1.2089499616242032,2,2024-10-01 01:00:00
PMGD PFV LOS LIRIOS,PMGD PFV Los Lirios,Solar,(en blanco),Región de O'Higgins,ernc,1.0,0.0,44.6498398456504,0.0,2,2024-10-01 01:00:00
PE CERRO TIGRE,PE CERRO TIGRE,Eólica,(en blanco),Región de Antofagasta,ernc,1.0,0.0,751.5514571800248,0.0,2,2024-10-01 01:00:00
PMGD PFV LAS BANDURRIAS,PMGD PFV Las Bandurrias,Solar,(en blanco),Región del Maule,ernc,1.0,0.0,3.155391014816308,0.0,2,2024-10-01 01:00:00
HP RENAICO,RENAICO,Hidráulica,Pasada,Región del Bío-Bío,ernc,1.0,0.0,119.66710726336447,5.903310475366644,2,2024-10-01 01:00:00
TER GUACOLDA,Guacolda 4,Térmica,Carbón,Región de Atacama,convencional,0.0,0.0,2298.518970055341,135.7761409334328,2,2024-10-01 01:00:00
PMGD TER DIESEL COYA,PMGD TER Diesel Coya,Térmica,Diésel,Región Metropolitana,convencional,0.0,0.0,0.0,0.0,2,2024-10-01 01:00:00
PMGD HP QUILLAILEO,Quillaileo,Hidráulica,Pasada,Región del Bío-Bío,ernc,1.0,0.0,6.5005825491118765,0.20722872481819932,2,2024-10-01 01:00:00
PMGD PFV LIPANGUE,PMGD PFV LIPANGUE,Solar,(en blanco),Región Metropolitana,ernc,1.0,0.0,13.984741217658836,0.0,2,2024-10-01 01:00:00
PMGD PFV GABARDO DEL VERANO SOLAR,PMGD PFV GABARDO,Solar,(en blanco),Región Metropolitana,ernc,1.0,0.0,10.026304565108356,0.0,2,2024-10-01 01:00:00
PMGD TER LAS DALIAS,PMGD TER Las Dalias,Térmica,Diésel,Región de los Lagos,convencional,0.0,0.0,0.0,0.0,2,2024-10-01 01:00:00
PMGD PFV PARQUE SOLAR SAN JAVIER,San Javier,Solar,(en blanco),Región del Maule,ernc,1.0,0.0,36.97190223399237,0.0,2,2024-10-01 01:00:00
TER NEHUENCO II,Nehuenco II Gas Natural,Térmica,Gas Natural,Región de Valparaíso,convencional,0.0,0.0,0.0,0.0,2,2024-10-01 01:00:00
PMGD PFV SANTA TERESITA,PMGD PFV Santa Teresita,Solar,(en blanco),Región Metropolitana,ernc,1.0,0.0,73.14099804139606,0.0,2,2024-10-01 01:00:00
PMGD  TER AROMOS,Aromos,Térmica,Diésel,Región de la Araucanía,convencional,0.0,0.0,0.0,0.0,2,2024-10-01 01:00:00
HP LLAUQUEREO,LLAUQUEREO,Hidráulica,Pasada,Región del Bío-Bío,ernc,1.0,0.0,43.588619104741966,1.8167373314673183,2,2024-10-01 01:00:00
PMGD PFV UTFSM VALPARAISO VALDES,UTFSM Valparaíso Valdés,Solar,(en blanco),Región de Valparaíso,ernc,1.0,0.0,0.0,0.0,2,2024-10-01 01:00:00
PFV CEME 1,PFV CEME 1,Solar,(en blanco),Región de Antofagasta,ernc,1.0,0.0,1999.1210728445008,0.0,2,2024-10-01 01:00:00
PMGD HP MSA-I,PMGD HP MSA-1,Hidráulica,Pasada,Región de la Araucanía,ernc,1.0,0.0,71.25024577302031,2.9647240288374785,2,2024-10-01 01:00:00
PMGD PFV COINCO,PMGD PFV Coinco,Solar,(en blanco),Región de O'Higgins,ernc,1.0,0.0,11.800105694088996,0.0,2,2024-10-01 01:00:00
PMGD PE RAKI,RAKI,Eólica,(en blanco),Región del Bío-Bío,ernc,1.0,0.0,89.94210389078451,1.9084540283194298,2,2024-10-01 01:00:00
PMGD TER PUNITAQUI,Punitaqui,Térmica,Diésel,Región de Coquimbo,convencional,0.0,0.0,0.0,0.0,2,2024-10-01 01:00:00
PMGD PFV GR LEMU,LEMU,Solar,(en blanco),Región del Maule,ernc,1.0,0.0,31.69895299850837,0.0,2,2024-10-01 01:00:00
PMGD PFV PARQUE SOLAR SANTA FE,Santa Fe,Solar,(en blanco),Región del Maule,ernc,1.0,0.0,50.651717398145024,0.0,2,2024-10-01 01:00:00
PMGD PFV LO BOZA,PMGD PFV LO BOZA,Solar,(en blanco),Región Metropolitana,ernc,1.0,0.0,1.9503410427394197,0.0,2,2024-10-01 01:00:00
PMGD PFV LA COLONIA,PMGD PFV Parque La Colonia,Solar,(en blanco),Región Metropolitana,ernc,1.0,0.0,55.98911169131316,0.0,2,2024-10-01 01:00:00
PMGD PFV HURTADO,PMGD PFV Hurtado,Solar,(en blanco),Región del Bío-Bío,ernc,1.0,0.0,19.38179172520984,0.0,2,2024-10-01 01:00:00
HE ANGOSTURA,ANGOSTURA U2,Hidráulica,Pasada,Región del Bío-Bío,convencional,0.0,0.0,3361.8852876664287,143.08023694532713,2,2024-10-01 01:00:00
HP EL RINCON,EL RINCON,Hidráulica,Pasada,Región Metropolitana,ernc,1.0,0.0,6.121672786009007,0.2552642644257652,2,2024-10-01 01:00:00
HP MC3,HP MC3,Hidráulica,Pasada,Región de los Lagos,ernc,1.0,0.0,55.34103430381845,2.301290524295471,2,2024-10-01 01:00:00
PMGD PFV PIQUERO,PMGD PFV Piquero,Solar,(en blanco),Región de Valparaíso,ernc,1.0,0.0,78.22406814361554,0.0,2,2024-10-01 01:00:00
TER LAJA,Laja Energía Verde,Térmica,Biomasa,Región del Bío-Bío,ernc,0.3144,0.0,87.24892770372394,3.802132170575126,2,2024-10-01 01:00:00
PMGD PFV VICENTE SOLAR,PMGD PFV Vicente,Solar,(en blanco),Región Metropolitana,ernc,1.0,0.0,11.64418541486796,0.0,2,2024-10-01 01:00:00
HP MALALCAHUELLO,Malalcahuello,Hidráulica,Pasada,Región de la Araucanía,ernc,1.0,0.0,142.8801247258232,8.304657109414093,2,2024-10-01 01:00:00
PMGD PFV EL DIVISADERO,PMGD PFV EL DIVISADERO,Solar,(en blanco),Región de Coquimbo,ernc,1.0,0.0,24.323305140064477,0.0,2,2024-10-01 01:00:00
PMGD PFV KAUFMANN,PMGD PFV Kaufmann,Solar,(en blanco),Región Metropolitana,ernc,1.0,0.0,4.410773486196402e-06,0.0,2,2024-10-01 01:00:00
PMGD HP EL PORTAL,PMGD HP El Portal,Hidráulica,Pasada,Región del Maule,ernc,1.0,0.0,11.322584839775788,0.4562854867829444,2,2024-10-01 01:00:00
TER SANTA FE,TER SANTA FE,Térmica,Biomasa,Región del Bío-Bío,ernc,1.0,0.0,712.9998380925881,26.014588535514022,2,2024-10-01 01:00:00
TER TENO,TER TENO,Térmica,Diésel,Región del Maule,convencional,0.0,0.0,27.085188909860175,0.0,2,2024-10-01 01:00:00
PMGD PFV LOS GORRIONES,PFV LOS GORRIONES,Solar,(en blanco),Región del Maule,ernc,1.0,0.0,19.38380006525253,0.0,2,2024-10-01 01:00:00
PMGD PFV PIDUCO,PMGD PFV Piduco,Solar,(en blanco),Región del Maule,ernc,1.0,0.0,19.811295648050603,0.0,2,2024-10-01 01:00:00
HE ANGOSTURA,ANGOSTURA U3,Hidráulica,Pasada,Región del Bío-Bío,convencional,0.0,0.0,0.0,0.0,2,2024-10-01 01:00:00
PFV PMG NORTH WEST,PMG North West,Solar,(en blanco),Región de Atacama,ernc,1.0,0.0,88.89318435508116,0.0,2,2024-10-01 01:00:00
TER KELAR,KELAR TG1 + 0.5 TV (GNL),Térmica,Gas Natural,Región de Antofagasta,convencional,0.0,0.0,0.0,0.0,2,2024-10-01 01:00:00
PMGD PFV PVP MAYOS,PMGD PFV Parque PVP Mayos,Solar,(en blanco),Región de O'Higgins,ernc,1.0,0.0,14.47030183543364,0.0,2,2024-10-01 01:00:00
PMGD TER LOS SAUCES,Los Sauces,Térmica,Diésel,Región de la Araucanía,convencional,0.0,0.0,0.0,0.0,2,2024-10-01 01:00:00
PFV ANDES SOLAR II,Solar Andes IIA,Solar,(en blanco),Región de Antofagasta,ernc,1.0,0.0,373.21929498584944,0.0,2,2024-10-01 01:00:00
TER TRAPEN,TER TRAPÉN,Térmica,Diésel,Región de los Lagos,convencional,0.0,0.0,0.0,0.0,2,2024-10-01 01:00:00
PMGD PFV LAS MAJADAS,PFV Las Majadas,Solar,(en blanco),Región de Coquimbo,ernc,1.0,0.0,80.0568251420376,0.0,2,2024-10-01 01:00:00
PMGD PFV PARQUE PVP UNIHUE,PMGD PFV PVP Unihue,Solar,(en blanco),Región del Maule,ernc,1.0,0.0,19.307867473856305,0.0,2,2024-10-01 01:00:00
PMGD HP MUNILQUE,PMGD HP Munilque,Hidráulica,Pasada,Región del Bío-Bío,ernc,1.0,0.0,7.822453370019167,0.34234043144825926,2,2024-10-01 01:00:00
PMGD PFV VILLA CRUZ,Villa Cruz,Solar,(en blanco),Región del Maule,ernc,1.0,0.0,11.63636057403129,0.0,2,2024-10-01 01:00:00
PMGD PFV SANTA LUCIA,PMGD PFV Santa Lucía,Solar,(en blanco),Región de Coquimbo,ernc,1.0,0.0,51.666459735461096,0.0,2,2024-10-01 01:00:00
PMGD PFV PEDREROS SOLAR,Pedreros Solar,Solar,(en blanco),Región de Valparaíso,ernc,1.0,0.0,17.830172168748188,0.0,2,2024-10-01 01:00:00
PMGD HP LAS FLORES,PMGD HP LAS FLORES,Hidráulica,Pasada,Región de los Ríos,ernc,1.0,0.0,75.11391874152046,3.085528407162969,2,2024-10-01 01:00:00
PMGD PFV TIERRA,PMGD PFV Tierra,Solar,(en blanco),Región de Atacama,ernc,1.0,0.0,39.76306657763218,0.0,2,2024-10-01 01:00:00
HP LIRCAY,LIRCAY,Hidráulica,Pasada,Región del Maule,ernc,1.0,0.0,117.96615339758091,5.603142146110712,2,2024-10-01 01:00:00
PMGD TER CURACAUTIN,Curacautin,Térmica,Diésel,Región de la Araucanía,convencional,0.0,0.0,0.7419792543526904,0.0,2,2024-10-01 01:00:00
HP SAN CLEMENTE,SAN CLEMENTE,Hidráulica,Pasada,Región del Maule,ernc,1.0,0.0,0.0,0.0,2,2024-10-01 01:00:00
PMGD HP SANTA ISABEL,SANTA ISABEL,Hidráulica,Pasada,Región del Bío-Bío,ernc,1.0,0.0,7.0808920272241185,0.0,2,2024-10-01 01:00:00
TER CANDELARIA,Candelaria 2 Diésel,Térmica,Diésel,Región de O'Higgins,convencional,0.0,0.0,0.0,0.0,2,2024-10-01 01:00:00
PMGD PFV REN,PMGD PFV REN,Solar,(en blanco),Región de la Araucanía,ernc,1.0,0.0,38.07010946899295,0.0,2,2024-10-01 01:00:00
PMGD PFV PARQUE SOLAR ALCALDESA,PFV Alcaldesa,Solar,(en blanco),Región de Ñuble,ernc,1.0,0.0,35.06176908595137,0.0,2,2024-10-01 01:00:00
PMGD PFV EL CHINCOL,El Chinchol,Solar,(en blanco),Región de Ñuble,ernc,1.0,0.0,22.933573651457476,0.0,2,2024-10-01 01:00:00
PMGD TER CALFUCO,Calfuco,Térmica,Diésel,Región de los Lagos,convencional,0.0,0.0,0.0,0.0,2,2024-10-01 01:00:00
PMGD HP TRUFULTRUFUL,TRUFUL-TRUFUL,Hidráulica,Pasada,Región de la Araucanía,ernc,1.0,0.0,18.554912967170164,0.751770975982408,2,2024-10-01 01:00:00
TER TERMOPACIFICO,Termopacífico,Térmica,Diésel,Región de Atacama,convencional,0.0,0.0,0.0,0.0,2,2024-10-01 01:00:00
PMGD PFV FUSTER DEL VERANO,PMGD PFV Fuster del Verano,Solar,(en blanco),Región Metropolitana,ernc,1.0,0.0,58.42444340621165,0.0,2,2024-10-01 01:00:00
PMGD PFV MOYA,Moya,Solar,(en blanco),Región del Bío-Bío,ernc,1.0,0.0,53.62161061417411,0.0,2,2024-10-01 01:00:00
TER ESPERANZA,TER ESPERANZA-TG1,Térmica,Diésel,Región de O'Higgins,convencional,0.0,0.0,0.0,0.0,2,2024-10-01 01:00:00
HP LAS LAJAS,LAS LAJAS,Hidráulica,Pasada,Región Metropolitana,convencional,0.0,0.0,0.0,0.0,2,2024-10-01 01:00:00
PMGD TER RAMADILLA,Ramadilla,Térmica,Diésel,Región de Coquimbo,convencional,0.0,0.0,0.0,0.0,2,2024-10-01 01:00:00
TER LLANOS BLANCOS,LLANOS BLANCOS,Térmica,Diésel,Región de Coquimbo,convencional,0.0,0.0,0.0,0.0,2,2024-10-01 01:00:00
PMGD PFV LAS LECHUZAS,Las Lechuzas,Solar,(en blanco),Región de Ñuble,ernc,1.0,0.0,20.60088624582891,0.0,2,2024-10-01 01:00:00
TER NUEVA ALDEA,Nueva Aldea Bloque 1 + 3,Térmica,Biomasa,Región de Ñuble,ernc,1.0,0.0,107.77043581385445,4.252384664459023,2,2024-10-01 01:00:00
PMGD HP AUXILIAR DEL MAIPO,AUXILIAR DEL MAIPO,Hidráulica,Pasada,Región Metropolitana,ernc,1.0,0.0,89.86051064368954,3.8059584132664686,2,2024-10-01 01:00:00
TER MAITENCILLO,TER MAITENCILLO,Térmica,Diésel,Región de Atacama,convencional,0.0,0.0,0.0,0.0,2,2024-10-01 01:00:00
PMGD PFV LOCKMA,PMGD PFV Lockma,Solar,(en blanco),Región de Antofagasta,ernc,1.0,0.0,70.90576228838454,0.0,2,2024-10-01 01:00:00
TER LINARES NORTE,Linares Norte,Térmica,Diésel,Región del Maule,convencional,0.0,0.0,0.0,0.0,2,2024-10-01 01:00:00
PMGD PFV EL RAYADOR,PMGD PFV El Rayador,Solar,(en blanco),Región Metropolitana,ernc,1.0,0.0,84.19738085143472,0.0,2,2024-10-01 01:00:00
PMGD PFV EL MIRLO,PMGD PFV El Mirlo,Solar,(en blanco),Región de O'Higgins,ernc,1.0,0.0,47.8539099604719,0.0,2,2024-10-01 01:00:00
TER SANTA MARIA,Santa María,Térmica,Carbón,Región del Bío-Bío,convencional,0.0,0.0,0.0,0.0,2,2024-10-01 01:00:00
PMGD PFV EL CARPINTERO,PMGD PFV El Carpintero,Solar,(en blanco),Región del Maule,ernc,1.0,0.0,60.39483853093664,0.0,2,2024-10-01 01:00:00
PMGD TER LAS PAMPAS [No_Mostrar],Las Pampas,Térmica,BioGas,Región de O'Higgins,ernc,1.0,0.0,0.0,0.0,2,2024-10-01 01:00:00
TER TOCOPILLA,TER TOCOPILLA TG1,Térmica,Gas Natural,Región de Antofagasta,convencional,0.0,0.0,0.0,0.0,2,2024-10-01 01:00:00
PMGD PFV GUADALUPE,PMGD PFV Guadalupe,Solar,(en blanco),Región de Valparaíso,ernc,1.0,0.0,49.848854782246356,0.0,2,2024-10-01 01:00:00
PMGD PFV PICA,PMGD PFV PICA,Solar,(en blanco),Región de Tarapacá,ernc,1.0,0.0,2.279698682260415,0.0,2,2024-10-01 01:00:00
TER CANDELARIA,Candelaria 2 GNL,Térmica,Gas Natural,Región de O'Higgins,convencional,0.0,0.0,0.0,0.0,2,2024-10-01 01:00:00
TER ENERGIA PACIFICO,Energía Pacífico,Térmica,Biomasa,Región de O'Higgins,ernc,1.0,0.0,354.50880246222977,14.988405240846156,2,2024-10-01 01:00:00
PMGD PFV SANTA ESTER,Santa Ester,Solar,(en blanco),Región de Ñuble,ernc,1.0,0.0,11.877939813529556,0.0,2,2024-10-01 01:00:00
PFV GRAN TENO,PFV GRAN TENO,Solar,(en blanco),Región del Maule,ernc,1.0,0.0,759.5959684040839,0.0,2,2024-10-01 01:00:00
TER SAN JAVIER II,TER SAN JAVIER 2,Térmica,Diésel,Región del Maule,convencional,0.0,0.0,0.0,0.0,2,2024-10-01 01:00:00
PMGD PFV SAN FRANCISCO,PMGD PFV SAN FRANCISCO,Solar,(en blanco),Región Metropolitana,ernc,1.0,0.0,24.240250236897857,0.0,2,2024-10-01 01:00:00
PMGD HP LOS CORRALES II,LOS CORRALES 2,Hidráulica,Pasada,Región de los Ríos,ernc,1.0,0.0,20.173266146003815,0.9737170033116876,2,2024-10-01 01:00:00
PMGD PFV FILOMENA SOLAR,Filomena,Solar,(en blanco),Región de Valparaíso,ernc,1.0,0.0,22.219536182679377,0.0,2,2024-10-01 01:00:00
TER ATACAMA,Atacama TG2B GNL,Térmica,Gas Natural,Región de Antofagasta,convencional,0.0,0.0,29.216384047577286,0.0,2,2024-10-01 01:00:00
PE LA ESTRELLA,PE LA ESTRELLA,Eólica,(en blanco),Región de O'Higgins,ernc,1.0,0.0,237.83337288044936,5.9433329192674345,2,2024-10-01 01:00:00
PFV LUCAS SOLAR,PMG Lucas Solar,Solar,(en blanco),Región de Coquimbo,ernc,1.0,0.0,82.50252534920892,0.0,2,2024-10-01 01:00:00
PMGD PE EL NOGAL,El Nogal Eólico,Eólica,(en blanco),Región del Bío-Bío,ernc,1.0,0.0,45.93673998709984,0.19224930831808493,2,2024-10-01 01:00:00
HP ALFALFAL II,ALFALFAL 2,Hidráulica,Pasada,Región Metropolitana,convencional,0.0,0.0,0.0,0.0,2,2024-10-01 01:00:00
PMGD HP MUCHI,MUCHI,Hidráulica,Pasada,Región de los Ríos,ernc,1.0,0.0,15.524206757856412,0.7398367628801824,2,2024-10-01 01:00:00
PMGD PFV VILLA MOSCOSO,PMGD PFV Villa Moscoso,Solar,(en blanco),Región de Valparaíso,ernc,1.0,0.0,15.92335946245403,0.0,2,2024-10-01 01:00:00
PMGD PFV TALCA,Talca,Solar,(en blanco),Región del Maule,ernc,1.0,0.0,36.40286584673632,0.0,2,2024-10-01 01:00:00
PMGD PFV VILLA SOLAR,PMGD PFV VILLA SOLAR,Solar,(en blanco),Región del Maule,ernc,1.0,0.0,13.848111834741921,0.0,2,2024-10-01 01:00:00
PMGD PFV PATAGUA,PMGD PFV Patagua,Solar,(en blanco),Región Metropolitana,ernc,1.0,0.0,0.04652444891379606,0.0,2,2024-10-01 01:00:00
PFV SANTA ISABEL,PFV SANTA ISABEL,Solar,(en blanco),Región de Antofagasta,ernc,1.0,0.0,585.6083991563711,0.0,2,2024-10-01 01:00:00
PFV ELENA,PFV ELENA,Solar,(en blanco),Región de Antofagasta,ernc,1.0,0.0,340.8111210371841,0.0,2,2024-10-01 01:00:00
HP RUCATAYO,RUCATAYO,Hidráulica,Pasada,Región de los Lagos,convencional,0.0,0.0,677.2097676343059,27.89564339885119,2,2024-10-01 01:00:00
HE LOS CONDORES [EN_REVISION],HE Los Cóndores,Hidráulica,Embalse,Región del Maule,convencional,0.0,0.0,0.0,0.0,2,2024-10-01 01:00:00
PMGD TER HBS,HBS,Térmica,Biomasa,Región del Bío-Bío,ernc,1.0,0.0,0.0,0.0,2,2024-10-01 01:00:00
PMGD TER LOUSIANA PACIFIC,Louisiana Pacific,Térmica,Diésel,Región de los Ríos,convencional,0.0,0.0,0.0,0.0,2,2024-10-01 01:00:00
TER EL PEÑON,TER EL PEÑON,Térmica,Diésel,Región de Coquimbo,convencional,0.0,0.0,0.0,0.0,2,2024-10-01 01:00:00
TER KELAR,KELAR TG2 (Gas Arg),Térmica,Gas Natural,Región de Antofagasta,convencional,0.0,0.0,0.0,0.0,2,2024-10-01 01:00:00
PMGD PFV PARQUE FAROL SOLAR,PMGD PFV Parque Farol Solar,Solar,(en blanco),Región de Antofagasta,ernc,1.0,0.0,10.602494367276913,0.0,2,2024-10-01 01:00:00
TER NEHUENCO II,Nehuenco II Diésel,Térmica,Diésel,Región de Valparaíso,convencional,0.0,0.0,0.0,0.0,2,2024-10-01 01:00:00
HP LOMA ALTA,LOMA ALTA,Hidráulica,Pasada,Región del Maule,convencional,0.0,0.0,621.3337633284767,31.44720505377444,2,2024-10-01 01:00:00
PMGD PFV LAS TORTOLAS DEL VERANO,PMGD PFV Las Tórtolas del Verano,Solar,(en blanco),Región de Valparaíso,ernc,1.0,0.0,22.124775864216417,0.0,2,2024-10-01 01:00:00
PMGD TER HBS GNL,HBS-GNL,Térmica,Gas Natural,Región del Bío-Bío,convencional,0.0,0.0,0.0,0.0,2,2024-10-01 01:00:00
TER CMPC TISSUE,CMPC Tissue,Térmica,Gas Natural,Región Metropolitana,convencional,0.0,0.0,46.12586659566141,1.3007294267757012,2,2024-10-01 01:00:00
TER MEJILLONES,CTM3-TG + CTM3-TV Gas Arg,Térmica,Gas Natural,Región de Antofagasta,convencional,0.0,0.0,0.0,0.0,2,2024-10-01 01:00:00
PMGD PFV MERCURIO SUR,Mercurio Sur,Solar,(en blanco),Región del Maule,ernc,1.0,0.0,16.795059975666035,0.0,2,2024-10-01 01:00:00
PMGD TER AGGREKO 01,PMGD TER AGGREKO,Térmica,Diésel,Región Metropolitana,convencional,0.0,0.0,0.0,0.0,2,2024-10-01 01:00:00
PMGD PFV COLCHAGUA,PMGD PFV Colchagua,Solar,(en blanco),Región de O'Higgins,ernc,1.0,0.0,10.21608483953454,0.0,2,2024-10-01 01:00:00
PMGD PFV MALVILLA,PMGD-PFV-Malvilla,Solar,(en blanco),Región de Valparaíso,ernc,1.0,0.0,19.066604497713108,0.0,2,2024-10-01 01:00:00
PMGD PFV ENCON SOLAR,Encon Solar I,Solar,(en blanco),Región de Valparaíso,ernc,1.0,0.0,68.94963430232646,0.0,2,2024-10-01 01:00:00
TER MEJILLONES,CTM3-TG Gas Arg,Térmica,Gas Natural,Región de Antofagasta,convencional,0.0,0.0,0.0,0.0,2,2024-10-01 01:00:00
HP RIO PICOIQUEN,PICOIQUÉN,Hidráulica,Pasada,Región de la Araucanía,ernc,1.0,0.0,351.11885773871256,19.012576966599376,2,2024-10-01 01:00:00
TER COMBARBALA,COMBARBALA,Térmica,Diésel,Región de Coquimbo,convencional,0.0,0.0,0.0,0.0,2,2024-10-01 01:00:00
PMGD PFV SOLAR DEL BUENO,PMGD PFV Solar Del Bueno,Solar,(en blanco),Región de los Ríos,ernc,1.0,0.0,11.80195462173594,0.0,2,2024-10-01 01:00:00
HE ANGOSTURA,ANGOSTURA U1,Hidráulica,Pasada,Región del Bío-Bío,convencional,0.0,0.0,3375.8931430317043,143.08023694532713,2,2024-10-01 01:00:00
PMGD HP DOÑA HILDA,PMGD HP DOÑA HILDA,Hidráulica,Pasada,Región de los Ríos,ernc,1.0,0.0,15.233062826728332,0.63788715038431,2,2024-10-01 01:00:00
TER ANDINA,TER ANDINA,Térmica,Carbón,Región de Antofagasta,convencional,0.0,0.0,0.0,0.0,2,2024-10-01 01:00:00
PMGD PFV PARQUE PUEBLO SECO,PMGD PFV Pueblo Seco,Solar,(en blanco),Región de Ñuble,ernc,1.0,0.0,65.17043429211394,0.0,2,2024-10-01 01:00:00
PMGD HP ROBLERIA,ROBLERIA,Hidráulica,Pasada,Región del Maule,ernc,1.0,0.0,0.0,0.0,2,2024-10-01 01:00:00
PMGD PFV ANTONIA SOLAR,Solar Antonia,Solar,(en blanco),Región de O'Higgins,ernc,1.0,0.0,6.552625425765396,0.0,2,2024-10-01 01:00:00
PMGD PFV LAS PALOMAS,Las Palomas,Solar,(en blanco),Región de Ñuble,ernc,1.0,0.0,21.83721132144799,0.0,2,2024-10-01 01:00:00
PMGD PFV LIMA,PMGD PFV Lima,Solar,(en blanco),Región Metropolitana,ernc,1.0,0.0,16.21703271698334,0.0,2,2024-10-01 01:00:00
PMGD TER SANTA IRENE [No_Mostrar],PMGD TER Santa Irene,Térmica,BioGas,Región de O'Higgins,ernc,1.0,0.0,0.0,0.0,2,2024-10-01 01:00:00
PE ATACAMA,PE ATACAMA,Eólica,(en blanco),Región de Atacama,ernc,1.0,0.0,2132.1656819817044,71.3800286970604,2,2024-10-01 01:00:00
PMGD PFV CURACAVI,PMGD PFV CURACAVI,Solar,(en blanco),Región Metropolitana,ernc,1.0,0.0,17.094425609584167,0.0,2,2024-10-01 01:00:00
PMGD PFV DON MARIANO,Don Mariano,Solar,(en blanco),Región de O'Higgins,ernc,1.0,0.0,16.644368985640778,0.0,2,2024-10-01 01:00:00
PMGD TER CENTRAL DE RESPALDO TIGRE,PMGD TER Central Tigre,Térmica,Diésel,Región Metropolitana,convencional,0.0,0.0,0.0,0.0,2,2024-10-01 01:00:00
TER TOCOPILLA,TER TOCOPILLA TG3 Gas Arg,Térmica,Gas Natural,Región de Antofagasta,convencional,0.0,0.0,0.0,0.0,2,2024-10-01 01:00:00
PMGD PFV PUELCHE SOLAR,PMGD PFV Puelche,Solar,(en blanco),Región del Bío-Bío,ernc,1.0,0.0,18.957305226554595,0.0,2,2024-10-01 01:00:00
TER ATACAMA,Atacama TG1B + 0.5TV1C Diésel,Térmica,Gas Natural,Región de Antofagasta,convencional,0.0,0.0,0.0,0.0,2,2024-10-01 01:00:00
TER GUACOLDA,Guacolda 1,Térmica,Carbón,Región de Atacama,convencional,0.0,0.0,2356.7316147090423,139.70834604668548,2,2024-10-01 01:00:00
TER SAN ISIDRO,San Isidro Diésel,Térmica,Diésel,Región de Valparaíso,convencional,0.0,0.0,0.0,0.0,2,2024-10-01 01:00:00
PMGD TER EL JARDIN,PMGD TER El Jardin,Térmica,Diésel,Región de los Lagos,convencional,0.0,0.0,0.0,0.0,2,2024-10-01 01:00:00
TER NORGENER [No_Mostrar],NTO1 (Carbon),Térmica,Carbón,Región de Antofagasta,convencional,0.0,0.0,0.0,0.0,2,2024-10-01 01:00:00
PMGD PFV PIRQUE,Pirque,Solar,(en blanco),Región Metropolitana,ernc,1.0,0.0,10.844667378352108,0.0,2,2024-10-01 01:00:00
TER QUINTERO,Quintero TG 1B GNL,Térmica,Gas Natural,Región de Valparaíso,convencional,0.0,0.0,0.0,0.0,2,2024-10-01 01:00:00
PMGD TER BELLET,PMGD TER BELLET,Térmica,Diésel,Región Metropolitana,ernc,1.0,0.0,0.0,0.0,2,2024-10-01 01:00:00
PMGD PFV SANTA LAURA,Santa Laura,Solar,(en blanco),Región de Valparaíso,ernc,1.0,0.0,18.52379669339698,0.0,2,2024-10-01 01:00:00
PMGD PFV MITCHI,PMGD PFV MITCHI,Solar,(en blanco),Región de Antofagasta,ernc,1.0,0.0,0.0,0.0,2,2024-10-01 01:00:00
PMGD PFV EL TURPIAL,PMGD PFV El Turpial,Solar,(en blanco),Región Metropolitana,ernc,1.0,0.0,22.115693963342018,0.0,2,2024-10-01 01:00:00
HP RIO HUASCO,RIO HUASCO,Hidráulica,Pasada,Región de Atacama,ernc,1.0,0.0,26.18468392209239,1.0906115962965495,2,2024-10-01 01:00:00
PMGD PFV EL CASTAÑO,PMGD PFV El Castaño,Solar,(en blanco),Región de O'Higgins,ernc,1.0,0.0,40.29812328356514,0.0,2,2024-10-01 01:00:00
PMGD PFV SAN ISIDRO,Solar San Isidro,Solar,(en blanco),Región de O'Higgins,ernc,1.0,0.0,11.804027297056743,0.0,2,2024-10-01 01:00:00
HP QUELTEHUES,QUELTEHUES,Hidráulica,Pasada,Región Metropolitana,convencional,0.0,0.0,814.9970363737533,32.58827494621891,2,2024-10-01 01:00:00
PMGD HP SANTA ROSA,Minihidro Santa Rosa,Hidráulica,Pasada,Región de Tarapacá,ernc,1.0,0.0,11.93469600052676,0.49813182179061716,2,2024-10-01 01:00:00
TER MEJILLONES,CTM2,Térmica,Carbón,Región de Antofagasta,convencional,0.0,0.0,0.0,0.0,2,2024-10-01 01:00:00
PMGD PFV LA FORESTA,PMGD PFV La Foresta,Solar,(en blanco),Región del Maule,ernc,1.0,0.0,18.71183756479575,0.0,2,2024-10-01 01:00:00
PMGD PFV ESFENA,PFV PMGD Esfena,Solar,(en blanco),Región de Valparaíso,ernc,1.0,0.0,28.622969791430062,0.0,2,2024-10-01 01:00:00
PMGD HP DONGUIL,PMGD HP DONGUIL,Hidráulica,Pasada,Región de la Araucanía,ernc,1.0,0.0,4.800229812731338,0.19255762911910734,2,2024-10-01 01:00:00
PMGD PFV CHEQUEN SOLAR,PMGD PFV Chequen Solar,Solar,(en blanco),Región Metropolitana,ernc,1.0,0.0,46.706249104327924,0.0,2,2024-10-01 01:00:00
HP CORRALES,PMG CH Corrales,Hidráulica,Pasada,Región de O'Higgins,ernc,1.0,0.0,34.529363475407266,2.941649626708124,2,2024-10-01 01:00:00
PMGD PFV DARLIN SOLAR,Darlin,Solar,(en blanco),Región Metropolitana,ernc,1.0,0.0,46.66176797807447,0.0,2,2024-10-01 01:00:00
PFV TAIRA [EN_REVISION],PFV TAIRA,Solar,(en blanco),Región de Antofagasta,ernc,1.0,0.0,0.0,0.0,2,2024-10-01 01:00:00
PMGD HP LA COMPAÑIA II,CH La Compañía II,Hidráulica,Pasada,Región de O'Higgins,ernc,1.0,0.0,44.46018162266857,1.8994990749350067,2,2024-10-01 01:00:00
PMGD PFV EL LAUREL,El Laurel,Solar,(en blanco),Región Metropolitana,ernc,1.0,0.0,40.107851475595375,0.0,2,2024-10-01 01:00:00
PMGD PFV PARQUE SOLAR JOTABECHE,PMGD PFV Parque Jotabeche,Solar,(en blanco),Región de Atacama,ernc,1.0,0.0,33.39586750668945,0.0,2,2024-10-01 01:00:00
HP QUILLECO,QUILLECO,Hidráulica,Pasada,Región del Bío-Bío,convencional,0.0,0.0,1577.884850788677,68.03815463134437,2,2024-10-01 01:00:00
BESS Cochrane,BESS Cochrane (Inyección),Bess,(en blanco),Región de Antofagasta,convencional,0.0,0.0,0.0,0.0,2,2024-10-01 01:00:00
TER KELAR,KELAR TG1 + 0.5 TV (Gas Arg),Térmica,Gas Natural,Región de Antofagasta,convencional,0.0,0.0,0.0,0.0,2,2024-10-01 01:00:00
PFV ALMEYDA,PFV Almeyda,Solar,(en blanco),Región de Atacama,ernc,1.0,0.0,287.8614277564378,0.0,2,2024-10-01 01:00:00
PMGD HP BUREO,Bureo,Hidráulica,Pasada,Región del Bío-Bío,ernc,1.0,0.0,35.76501850677702,1.4800288884416677,2,2024-10-01 01:00:00
PMGD PFV QUEBRADA DE TALCA,PMGD PFV Quebrada de Talca,Solar,(en blanco),Región de Coquimbo,ernc,1.0,0.0,82.87163426856652,0.0,2,2024-10-01 01:00:00
PMGD HP SANTA ELENA,PMGD HP SANTA ELENA,Hidráulica,Pasada,Región de la Araucanía,ernc,1.0,0.0,64.75502011035856,2.7082363229266915,2,2024-10-01 01:00:00
PMGD HP CALIBORO,Caliboro,Hidráulica,Pasada,Región del Bío-Bío,ernc,1.0,0.0,18.299037665685276,0.6909138350405004,2,2024-10-01 01:00:00
PMGD PFV TRANQUE DEL SOL,PMGD PFV Tranque del Sol,Solar,(en blanco),Región de Valparaíso,ernc,1.0,0.0,78.80383181704985,0.0,2,2024-10-01 01:00:00
TER TOCOPILLA,TER TOCOPILLA TG2,Térmica,Gas Natural,Región de Antofagasta,convencional,0.0,0.0,0.0,0.0,2,2024-10-01 01:00:00
PFV TENO SOLAR,PFV TENO SOLAR,Solar,(en blanco),Región del Maule,ernc,1.0,0.0,50.59837470157477,0.0,2,2024-10-01 01:00:00
TER ATACAMA,Atacama TG2A + 0.5TV2C GNL,Térmica,Gas Natural,Región de Antofagasta,convencional,0.0,0.0,0.0,0.0,2,2024-10-01 01:00:00
PE CARDONAL,Pe Cardonal,Eólica,(en blanco),Región de O'Higgins,ernc,1.0,0.0,194.81925129807445,7.0239389045887854,2,2024-10-01 01:00:00
PMGD PFV SANTUARIO SOLAR,Santuario Solar,Solar,(en blanco),Región de Valparaíso,ernc,1.0,0.0,25.41416531525982,0.0,2,2024-10-01 01:00:00
PMGD PFV TALAGANTE,PMGD PFV Talagante,Solar,(en blanco),Región Metropolitana,ernc,1.0,0.0,24.507581185313256,0.0,2,2024-10-01 01:00:00
PMGD TER ORAFTI,PMGD TER ORAFTI,Térmica,Diésel,Región de Ñuble,convencional,0.0,0.0,0.0,0.0,2,2024-10-01 01:00:00
TER CANDELARIA,Candelaria 2 Gas Arg,Térmica,Gas Natural,Región de O'Higgins,convencional,0.0,0.0,0.0,0.0,2,2024-10-01 01:00:00
HP GUAYACAN,GUAYACAN,Hidráulica,Pasada,Región Metropolitana,ernc,1.0,0.0,187.2349981788746,9.05507793255392,2,2024-10-01 01:00:00
PMGD PFV PRETTY FIELD,PMGD PFV PRETTY FIELD,Solar,(en blanco),Región de Coquimbo,ernc,1.0,0.0,17.57558590233209,0.0,2,2024-10-01 01:00:00
PMGD PFV GIRASOLES,Girasoles,Solar,(en blanco),Región Metropolitana,ernc,1.0,0.0,13.308459117444528,0.0,2,2024-10-01 01:00:00
PMGD PFV LLOICA,PMGD PFV Lloica,Solar,(en blanco),Región de Atacama,ernc,1.0,0.0,22.581953334908654,0.0,2,2024-10-01 01:00:00
PMGD PFV PEGASUS SOLAR,PFV PMGD Pegasus Solar,Solar,(en blanco),Región de Ñuble,ernc,1.0,0.0,16.074080022261505,0.0,2,2024-10-01 01:00:00
PE PUELCHE SUR,puelche sur,Eólica,(en blanco),Región de los Lagos,ernc,1.0,0.0,602.9581285873638,98.53525688374697,2,2024-10-01 01:00:00
PMGD HP LAS VERTIENTES,LAS VERTIENTES,Hidráulica,Pasada,Región Metropolitana,ernc,1.0,0.0,38.294519069151676,1.4766937661622377,2,2024-10-01 01:00:00
TER NORGENER [No_Mostrar],NTO2 (Carbon),Térmica,Carbón,Región de Antofagasta,convencional,0.0,0.0,0.0,0.0,2,2024-10-01 01:00:00
BESS Uribe Solar,BESS Uribe Solar (retiro),Bess,(en blanco),Región de Antofagasta,ernc,1.0,0.0,3.0326576502483844,0.002927597146317898,2,2024-10-01 01:00:00
TER YUNGAY,TER Yungay U3 Gas Argentino,Térmica,Gas Natural,Región del Bío-Bío,convencional,0.0,0.0,0.0,0.0,3,2024-10-01 02:00:00
PMGD TER ESTANDARTES,Estandartes,Térmica,Diésel,Región de Tarapacá,convencional,0.0,0.0,0.0,0.0,3,2024-10-01 02:00:00
HE RALCO,RALCO,Hidráulica,Embalse,Región del Bío-Bío,convencional,0.0,0.0,10546.629669211432,614.6084618946645,3,2024-10-01 02:00:00
TER YUNGAY,TER Yungay U2 Gas Argentino,Térmica,Gas Natural,Región del Bío-Bío,convencional,0.0,0.0,0.0,0.0,3,2024-10-01 02:00:00
PMGD HP EL MANZANO (MELIPEUCO),EL MANZANO,Hidráulica,Pasada,Región de la Araucanía,ernc,1.0,0.0,0.0,0.0,3,2024-10-01 02:00:00
PMGD PFV ÑIQUEN,Niquen,Solar,(en blanco),Región de Ñuble,ernc,1.0,0.0,18.514187676324845,0.0,3,2024-10-01 02:00:00
PMGD PFV VICTORIA,PMGD PFV Victoria,Solar,(en blanco),Región de Antofagasta,ernc,1.0,0.0,24.341478640251996,0.0,3,2024-10-01 02:00:00
TER UJINA,TER UJINA-UG6 (HFO),Térmica,Fuel Oil,Región de Tarapacá,convencional,0.0,0.0,0.0,0.0,3,2024-10-01 02:00:00
TER VALDIVIA,VALDIVIA,Térmica,Biomasa,Región de los Ríos,ernc,1.0,0.0,87.98934291588859,0.0100056109751977,3,2024-10-01 02:00:00
PMGD LORETO SOLAR,Loreto,Solar,(en blanco),Región de O'Higgins,ernc,1.0,0.0,14.422117402529265,0.0,3,2024-10-01 02:00:00
PMGD TER LONQUIMAY,Lonquimay,Térmica,Diésel,Región de la Araucanía,convencional,0.0,0.0,0.0,0.0,3,2024-10-01 02:00:00
HP ALTO RENAICO,Alto Renaico,Hidráulica,Pasada,Región del Bío-Bío,ernc,1.0,0.0,24.813915218490305,1.200673317023724,3,2024-10-01 02:00:00
PMGD PFV PENCAHUE,PMGD PFV Pencahue,Solar,(en blanco),Región Metropolitana,ernc,1.0,0.0,0.0,0.0,3,2024-10-01 02:00:00
TER YUNGAY,TER Yungay U1 Diésel,Térmica,Diésel,Región del Bío-Bío,convencional,0.0,0.0,0.0,0.0,3,2024-10-01 02:00:00
PMGD PFV PAS1,PMGD PFV PAS1,Solar,(en blanco),Región de Tarapacá,ernc,1.0,0.0,0.0,0.0,3,2024-10-01 02:00:00
PFV ALMEYDA,PFV Almeyda,Solar,(en blanco),Región de Atacama,ernc,1.0,0.0,287.8614277564378,0.0,3,2024-10-01 02:00:00
PMGD PFV EL LITRE SOLAR,El Litre,Solar,(en blanco),Región Metropolitana,ernc,1.0,0.0,46.88360198348378,0.0,3,2024-10-01 02:00:00
PMGD PFV TAMBO REAL,TAMBO REAL,Solar,(en blanco),Región de Coquimbo,ernc,1.0,0.0,18.985046781243135,0.0,3,2024-10-01 02:00:00
PMGD PFV SOL DE SEPTIEMBRE,Sol de Septiembre,Solar,(en blanco),Región Metropolitana,ernc,1.0,0.0,51.27451962005993,0.0,3,2024-10-01 02:00:00
PMGD TER LOUSIANA PACIFIC,Louisiana Pacific,Térmica,Diésel,Región de los Ríos,convencional,0.0,0.0,0.0,0.0,3,2024-10-01 02:00:00
PMGD PFV ECLIPSE SOLAR,Eclipse Solar,Solar,(en blanco),Región Metropolitana,ernc,1.0,0.0,48.278044521066334,0.0,3,2024-10-01 02:00:00
PMGD PFV SOL DEL MAULE,PMGD PFV Sol del Maule,Solar,(en blanco),Región del Maule,ernc,1.0,0.0,16.055404992925034,0.0,3,2024-10-01 02:00:00
PMGD PFV TREBAL SOLAR,Trebal Solar,Solar,(en blanco),Región Metropolitana,ernc,1.0,0.0,16.414173162167177,0.0,3,2024-10-01 02:00:00
PMGD PFV PIRQUE,Pirque,Solar,(en blanco),Región Metropolitana,ernc,1.0,0.0,10.844667378352108,0.0,3,2024-10-01 02:00:00
HE PEHUENCHE,PEHUENCHE,Hidráulica,Embalse,Región del Maule,convencional,0.0,0.0,7572.639885314276,107.98185437376037,3,2024-10-01 02:00:00
PMGD PFV LA ESTANCIA,La Estancia,Solar,(en blanco),Región Metropolitana,ernc,1.0,0.0,19.923037964627138,0.0,3,2024-10-01 02:00:00
PMGD TER LOS SAUCES,Los Sauces,Térmica,Diésel,Región de la Araucanía,convencional,0.0,0.0,0.0,0.0,3,2024-10-01 02:00:00
PMGD PFV BLU,PMGD PFV Blu,Solar,(en blanco),Región de Ñuble,ernc,1.0,0.0,19.982699639071914,0.0,3,2024-10-01 02:00:00
PMGD PFV  ARGOMEDO,Argomedo,Solar,(en blanco),Región de O'Higgins,ernc,1.0,0.0,44.75381882718166,0.0,3,2024-10-01 02:00:00
PMGD PFV VALLE DE LA LUNA II,Valle de la Luna II SpA,Solar,(en blanco),Región Metropolitana,ernc,1.0,0.0,14.367514006680453,0.0,3,2024-10-01 02:00:00
PMGD PFV SANTA LAURA,Santa Laura,Solar,(en blanco),Región de Valparaíso,ernc,1.0,0.0,18.52379669339698,0.0,3,2024-10-01 02:00:00
PMGD PFV GUADALAO,Guadalao,Solar,(en blanco),Región de O'Higgins,ernc,1.0,0.0,14.945406590839976,0.0,3,2024-10-01 02:00:00
PMGD PFV PICA,PMGD PFV PICA,Solar,(en blanco),Región de Tarapacá,ernc,1.0,0.0,2.279698682260415,0.0,3,2024-10-01 02:00:00
HP ALFALFAL,ALFALFAL,Hidráulica,Pasada,Región Metropolitana,convencional,0.0,0.0,1055.3918456638535,43.994671457944285,3,2024-10-01 02:00:00
PMGD TER GAMI,PRP Gami,Térmica,Diésel,Región de los Lagos,convencional,0.0,0.0,0.0,0.0,3,2024-10-01 02:00:00
PMGD PFV PARAGUAY,Paraguay,Solar,(en blanco),Región del Maule,ernc,1.0,0.0,54.83057564164699,0.0,3,2024-10-01 02:00:00
PMGD TER LEBU,PMGD TER Lebu,Térmica,Diésel,Región del Bío-Bío,convencional,0.0,0.0,0.0,0.0,3,2024-10-01 02:00:00
PE EL ARRAYAN,PE EL ARRAYÁN,Eólica,(en blanco),Región de Coquimbo,ernc,1.0,0.0,1356.4406686856018,21.732187038129403,3,2024-10-01 02:00:00
PMGD PFV DARLIN SOLAR,Darlin,Solar,(en blanco),Región Metropolitana,ernc,1.0,0.0,46.66176797807447,0.0,3,2024-10-01 02:00:00
PMGD PFV EA SF GRANEROS [En_Revision],PMGD PFV EA SF Graneros,Solar,(en blanco),Región Metropolitana,ernc,1.0,0.0,10.907202536697426,0.0,3,2024-10-01 02:00:00
PMGD PFV LLANOS DE POTROSO,Llanos de Potroso,Solar,(en blanco),Región de Coquimbo,ernc,1.0,0.0,33.36535459006861,0.0,3,2024-10-01 02:00:00
PMGD PFV COCHARCAS,Cocharcas,Solar,(en blanco),Región de Ñuble,ernc,1.0,0.0,16.611486729234795,0.0,3,2024-10-01 02:00:00
HP ABANICO,ABANICO,Hidráulica,Pasada,Región del Bío-Bío,convencional,0.0,0.0,784.4962220396791,36.52449230947266,3,2024-10-01 02:00:00
PMGD PFV TRICAHUE II,Solar Tricahue 2,Solar,(en blanco),Región de O'Higgins,ernc,1.0,0.0,39.46226720839984,0.0,3,2024-10-01 02:00:00
PMGD PFV TILTIL,Til Til Solar,Solar,(en blanco),Región Metropolitana,ernc,1.0,0.0,16.620612687115607,0.0,3,2024-10-01 02:00:00
PMGD TER HBS,HBS,Térmica,Biomasa,Región del Bío-Bío,ernc,1.0,0.0,0.0,0.0,3,2024-10-01 02:00:00
PMGD PFV SANTUARIO SOLAR,Santuario Solar,Solar,(en blanco),Región de Valparaíso,ernc,1.0,0.0,25.41416531525982,0.0,3,2024-10-01 02:00:00
PMGD HP COSAPILLA,Cosapilla,Hidráulica,Pasada,Arica y Parinacota,ernc,1.0,0.0,11.339614272589925,0.4790753893698305,3,2024-10-01 02:00:00
PFV TAIRA [EN_REVISION],PFV TAIRA,Solar,(en blanco),Región de Antofagasta,ernc,1.0,0.0,0.0,0.0,3,2024-10-01 02:00:00
PMGD PFV PERALILLO,PERALILLO,Solar,(en blanco),Región del Maule,ernc,1.0,0.0,14.810977326912088,0.0,3,2024-10-01 02:00:00
PMGD PFV MARIA PINTO,María Pinto,Solar,(en blanco),Región Metropolitana,ernc,1.0,0.0,17.83688855268122,0.0,3,2024-10-01 02:00:00
PMGD PFV TECHOS DE ALTAMIRA,Solar Techos de Altamira,Solar,(en blanco),Región Metropolitana,ernc,1.0,0.0,0.0,0.0,3,2024-10-01 02:00:00
PMGD TER HBS GNL,HBS-GNL,Térmica,Gas Natural,Región del Bío-Bío,convencional,0.0,0.0,0.0,0.0,3,2024-10-01 02:00:00
PMGD TER ALERCE,Alerce,Térmica,Diésel,Región de los Lagos,convencional,0.0,0.0,0.0,0.0,3,2024-10-01 02:00:00
PMGD PFV UTFSM VIÑA DEL MAR,UTFSM Viña del Mar,Solar,(en blanco),Región de Valparaíso,ernc,1.0,0.0,0.9944383215719268,0.0,3,2024-10-01 02:00:00
PMGD PFV LAS CHACRAS,Las Chacras,Solar,(en blanco),Región de Valparaíso,ernc,1.0,0.0,16.28271416891619,0.0,3,2024-10-01 02:00:00
HE RAPEL,RAPEL,Hidráulica,Embalse,Región de O'Higgins,convencional,0.0,0.0,2659.5655647539375,157.90865246667985,3,2024-10-01 02:00:00
PMGD PFV SOL DEL NORTE,Sol del Norte,Solar,(en blanco),Región de Coquimbo,ernc,1.0,0.0,21.202580292140592,0.0,3,2024-10-01 02:00:00
PE RENAICO I,PE Renaico I,Eólica,(en blanco),Región de la Araucanía,ernc,1.0,0.0,315.7070431004131,9.605386536189792,3,2024-10-01 02:00:00
PMGD PFV PIQUERO,PMGD PFV Piquero,Solar,(en blanco),Región de Valparaíso,ernc,1.0,0.0,78.22406814361554,0.0,3,2024-10-01 02:00:00
PMGD PFV PEDREROS SOLAR,Pedreros Solar,Solar,(en blanco),Región de Valparaíso,ernc,1.0,0.0,17.830172168748188,0.0,3,2024-10-01 02:00:00
PMGD PFV EL CHUCAO,PFV El Chucao,Solar,(en blanco),Región del Maule,ernc,1.0,0.0,16.49169728616761,0.0,3,2024-10-01 02:00:00
PMGD TER LEPANTO,PMGD Lepanto,Térmica,BioGas,Región Metropolitana,ernc,1.0,0.0,0.0,0.0,3,2024-10-01 02:00:00
TER VIÑALES,Viñales,Térmica,Biomasa,Región del Maule,ernc,1.0,0.0,381.543963317214,22.052366589335733,3,2024-10-01 02:00:00
(en blanco),Termoandes TV10 SEN,(en blanco),(en blanco),(en blanco),convencional,0.0,0.0,0.0,0.0,3,2024-10-01 02:00:00
HP GUAYACAN,GUAYACAN,Hidráulica,Pasada,Región Metropolitana,ernc,1.0,0.0,187.2349981788746,9.105105987429907,3,2024-10-01 02:00:00
PMGD HP LA COMPAÑIA II,CH La Compañía II,Hidráulica,Pasada,Región de O'Higgins,ernc,1.0,0.0,44.46018162266857,1.9090203444998404,3,2024-10-01 02:00:00
PMGD TER DOÑA JAVIERA,PMGD TER DOÑA JAVIERA,Térmica,Diésel,Región de Valparaíso,convencional,0.0,0.0,0.6936621030220955,0.057649750292186976,3,2024-10-01 02:00:00
PMGD TER ANCALI,ANCALI,Térmica,BioGas,Región del Bío-Bío,ernc,1.0,0.0,0.0,0.0,3,2024-10-01 02:00:00
PMGD PFV EL CONDOR,El Condor,Solar,(en blanco),Región del Maule,ernc,1.0,0.0,7.280177855802201,0.0,3,2024-10-01 02:00:00
PMGD PFV LOS LIRIOS,PMGD PFV Los Lirios,Solar,(en blanco),Región de O'Higgins,ernc,1.0,0.0,44.6498398456504,0.0,3,2024-10-01 02:00:00
PE EL MAITEN,Parque Eolico El Maitén,Eólica,(en blanco),Región del Bío-Bío,ernc,1.0,0.0,47.396579189511506,0.5102861597350827,3,2024-10-01 02:00:00
TER LICANTEN,TER LICANTEN,Térmica,Biomasa,Región del Maule,ernc,0.33,0.0,0.0,0.0,3,2024-10-01 02:00:00
PMGD PFV TIJERAL,PMGD PFV Tijeral,Solar,(en blanco),Región Metropolitana,ernc,1.0,0.0,22.78791954272895,0.0,3,2024-10-01 02:00:00
TER YUNGAY,TER Yungay U1 Gas Argentino,Térmica,Gas Natural,Región del Bío-Bío,convencional,0.0,0.0,0.0,0.0,3,2024-10-01 02:00:00
PMGD PFV SANTA ADRIANA,Solar Santa Adriana,Solar,(en blanco),Región Metropolitana,ernc,1.0,0.0,13.489395732698172,0.0,3,2024-10-01 02:00:00
PMGD PFV RINCONADA,Rinconada,Solar,(en blanco),Región de O'Higgins,ernc,1.0,0.0,43.412005991033894,0.0,3,2024-10-01 02:00:00
PMGD TER ESTANCILLA,Estancilla,Térmica,Diésel,Región Metropolitana,convencional,0.0,0.0,0.0,0.0,3,2024-10-01 02:00:00
PMGD HP MOLINERA VILLARRICA,Molinera Villarrica,Hidráulica,Pasada,Región de la Araucanía,ernc,1.0,0.0,2.539712555785582,0.12000434237903916,3,2024-10-01 02:00:00
PMGD PFV SAN ISIDRO,Solar San Isidro,Solar,(en blanco),Región de O'Higgins,ernc,1.0,0.0,11.804027297056743,0.0,3,2024-10-01 02:00:00
PMGD TER CASABLANCA II,Casablanca 2,Térmica,Diésel,Región de Valparaíso,convencional,0.0,0.0,0.0,0.0,3,2024-10-01 02:00:00
PMGD TER CHILE,CHILE_GENERACION,Térmica,Diésel,Región del Maule,convencional,0.0,0.0,0.0,0.0,3,2024-10-01 02:00:00
TER YUNGAY,TER Yungay U3 GNL,Térmica,Gas Natural,Región del Bío-Bío,convencional,0.0,0.0,0.0,0.0,3,2024-10-01 02:00:00
PMGD TER CHORRILLOS,Chorrillos,Térmica,Diésel,Región Metropolitana,convencional,0.0,0.0,0.0,0.0,3,2024-10-01 02:00:00
HE ANGOSTURA,ANGOSTURA U3,Hidráulica,Pasada,Región del Bío-Bío,convencional,0.0,0.0,0.0,0.0,3,2024-10-01 02:00:00
PMGD PFV SAN FRANCISCO,PMGD PFV SAN FRANCISCO,Solar,(en blanco),Región Metropolitana,ernc,1.0,0.0,24.240250236897857,0.0,3,2024-10-01 02:00:00
PMGD PFV LO MIRANDA,Lo Miranda,Solar,(en blanco),Región de O'Higgins,ernc,1.0,0.0,19.258802426218278,0.0,3,2024-10-01 02:00:00
PMGD TER CIRUELILLO,Ciruelillo,Térmica,Diésel,Región de los Lagos,convencional,0.0,0.0,0.0,0.0,3,2024-10-01 02:00:00
PMGD HP EL TORO Nº2,Minihidro El Toro,Hidráulica,Pasada,Región de Tarapacá,ernc,1.0,0.0,23.52552281840778,0.9762491544986872,3,2024-10-01 02:00:00
PMGD PFV SANTA CLARA,Santa Clara,Solar,(en blanco),Región de Coquimbo,ernc,1.0,0.0,16.366207904472503,0.0,3,2024-10-01 02:00:00
PMGD PFV GR LEMU,LEMU,Solar,(en blanco),Región del Maule,ernc,1.0,0.0,31.69895299850837,0.0,3,2024-10-01 02:00:00
PMGD PFV RODEO,Rodeo,Solar,(en blanco),Región de Valparaíso,ernc,1.0,0.0,17.823794702374318,0.0,3,2024-10-01 02:00:00
PMGD PFV EL QUELTEHUE,El Queltehue,Solar,(en blanco),Región Metropolitana,ernc,1.0,0.0,20.026097726275633,0.0,3,2024-10-01 02:00:00
PMGD PFV EL ESTERO,Estero,Solar,(en blanco),Región de O'Higgins,ernc,1.0,0.0,13.48703171119542,0.0,3,2024-10-01 02:00:00
HE ANTUCO,ANTUCO,Hidráulica,Embalse,Región del Bío-Bío,convencional,0.0,0.0,5900.5989547923655,284.39038125303205,3,2024-10-01 02:00:00
PMGD PFV RLA SOLAR,RLA Solar,Solar,(en blanco),Región Metropolitana,ernc,1.0,0.0,14.073260085823412,0.0,3,2024-10-01 02:00:00
PMGD TER AGNI,Agni,Térmica,Diésel,Región Metropolitana,convencional,0.0,0.0,0.0,0.0,3,2024-10-01 02:00:00
TER RENCA [No_Mostrar],Renca U-1,Térmica,Diésel,Región Metropolitana,convencional,0.0,0.0,0.0,0.0,3,2024-10-01 02:00:00
PMGD PFV RANGUIL,PV Ranguil,Solar,(en blanco),Región de O'Higgins,ernc,1.0,0.0,17.570914295374955,0.0,3,2024-10-01 02:00:00
HE CANUTILLAR,CANUTILLAR,Hidráulica,Embalse,Región de los Lagos,convencional,0.0,0.0,2596.4560480638033,139.07799255524804,3,2024-10-01 02:00:00
PMGD TER COELEMU,Energía León (Coelemu),Térmica,Biomasa,Región de Ñuble,ernc,1.0,0.0,37.19728840409477,1.6653567247168242,3,2024-10-01 02:00:00
PMGD PFV RUCAPAINE,PMGD PFV Rucapaine,Solar,(en blanco),Región Metropolitana,ernc,1.0,0.0,53.94514205696381,0.0,3,2024-10-01 02:00:00
PMGD PFV EL MIRLO,PMGD PFV El Mirlo,Solar,(en blanco),Región de O'Higgins,ernc,1.0,0.0,47.8539099604719,0.0,3,2024-10-01 02:00:00
PMGD PFV LAS MERCEDES,Las Mercedes 1,Solar,(en blanco),Región de O'Higgins,ernc,1.0,0.0,11.766155974067704,0.0,3,2024-10-01 02:00:00
PMGD TER CASABLANCA,Casablanca 1,Térmica,Diésel,Región de Valparaíso,convencional,0.0,0.0,0.0,0.0,3,2024-10-01 02:00:00
PMGD TER CALFUCO,Calfuco,Térmica,Diésel,Región de los Lagos,convencional,0.0,0.0,0.0,0.0,3,2024-10-01 02:00:00
PMGD TER CAÑETE,PMGD TER Cañete,Térmica,Diésel,Región del Bío-Bío,convencional,0.0,0.0,0.0,0.0,3,2024-10-01 02:00:00
PMGD TER BIO CRUZ,PMGD TER BIO CRUZ,Térmica,Gas Natural,Región de Valparaíso,convencional,0.0,0.0,0.0,0.0,3,2024-10-01 02:00:00
BESS Cochrane,BESS Cochrane (Inyección),Bess,(en blanco),Región de Antofagasta,convencional,0.0,0.0,0.0,0.0,3,2024-10-01 02:00:00
TER ESCUADRON,Escuadrón,Térmica,Biomasa,Región del Bío-Bío,ernc,1.0,0.0,16.48924688712581,0.5202917707102804,3,2024-10-01 02:00:00
PMGD PFV RAUQUEN,Rauquén,Solar,(en blanco),Región del Maule,ernc,1.0,0.0,52.12681515829444,0.0,3,2024-10-01 02:00:00
BESS Angamos,BESS Angamos (Inyección),Bess,(en blanco),Región de Antofagasta,convencional,0.0,0.0,2.721526185253775,0.10005610975197701,3,2024-10-01 02:00:00
HE ANGOSTURA,ANGOSTURA U1,Hidráulica,Pasada,Región del Bío-Bío,convencional,0.0,0.0,3375.8931430317043,141.07911475028757,3,2024-10-01 02:00:00
TER YUNGAY,TER Yungay U4,Térmica,Diésel,Región del Bío-Bío,convencional,0.0,0.0,0.0,0.0,3,2024-10-01 02:00:00
PMGD PFV CORSO,PMGD PFV Corso,Solar,(en blanco),Región de Atacama,ernc,1.0,0.0,28.893382190270056,0.0,3,2024-10-01 02:00:00
HE ANGOSTURA,ANGOSTURA U2,Hidráulica,Pasada,Región del Bío-Bío,convencional,0.0,0.0,3361.8852876664287,141.07911475028757,3,2024-10-01 02:00:00
TER ENERGIA PACIFICO,Energía Pacífico,Térmica,Biomasa,Región de O'Higgins,ernc,1.0,0.0,354.50880246222977,14.117917086003954,3,2024-10-01 02:00:00
PMGD PFV PITOTOY,Pitotoy,Solar,(en blanco),Región de O'Higgins,ernc,1.0,0.0,16.238889866598342,0.0,3,2024-10-01 02:00:00
PMGD PFV SANTA CECILIA,SANTA CECILIA (EX - AVENIR),Solar,(en blanco),Región de Atacama,ernc,1.0,0.0,6.609549307402879,0.0,3,2024-10-01 02:00:00
PMGD PFV EA MAITEN [En_Revision],PMGD PFV Ea Maiten,Solar,(en blanco),Región Metropolitana,ernc,1.0,0.0,17.644053603946023,0.0,3,2024-10-01 02:00:00
PMGD PFV QUELTEHUE SOLAR,Queltehue Solar,Solar,(en blanco),Región de O'Higgins,ernc,1.0,0.0,0.0,0.0,3,2024-10-01 02:00:00
BESS Andes,BESS Andes (retiro),Bess,(en blanco),Región de Antofagasta,ernc,1.0,0.0,0.0,0.0,3,2024-10-01 02:00:00
PMGD HP ENSENADA,ENSENADA,Hidráulica,Pasada,Región de los Lagos,ernc,1.0,0.0,26.021632860650858,1.0291968916824878,3,2024-10-01 02:00:00
PMGD PFV TRICA-DOS,Trica-dos,Solar,(en blanco),Región del Maule,ernc,1.0,0.0,14.504220633514436,0.0,3,2024-10-01 02:00:00
PMGD TER ALMENDRADO,Almendrado,Térmica,Diésel,Región de los Lagos,convencional,0.0,0.0,0.0,0.0,3,2024-10-01 02:00:00
PE PUNTA DE TALCA [En_Revision],PE PUNTA DE TALCA,Eólica,(en blanco),Región Metropolitana,ernc,1.0,0.0,982.85116609367,11.126239404419842,3,2024-10-01 02:00:00
HP EL RINCON,EL RINCON,Hidráulica,Pasada,Región Metropolitana,ernc,1.0,0.0,6.121672786009007,0.2549715853963803,3,2024-10-01 02:00:00
PMGD PFV SAN PEDRO,Solar San Pedro,Solar,(en blanco),Región Metropolitana,ernc,1.0,0.0,18.374488886837316,0.0,3,2024-10-01 02:00:00
PMGD PFV KONDA,Konda,Solar,(en blanco),Región de Valparaíso,ernc,1.0,0.0,19.87665612058371,0.0,3,2024-10-01 02:00:00
PMGD PFV LA CHIMBA BIS,LA CHIMBA BIS,Solar,(en blanco),Región de Coquimbo,ernc,1.0,0.0,17.247336556923443,0.0,3,2024-10-01 02:00:00
PMGD HP LOS PORTONES,PMGD HP LOS PORTONES,Hidráulica,Pasada,Región de los Ríos,ernc,1.0,0.0,16.34615300112633,0.6735894530239034,3,2024-10-01 02:00:00
PMGD TER CALAFATE,Calafate,Térmica,Diésel,Región de los Lagos,convencional,0.0,0.0,0.0,0.0,3,2024-10-01 02:00:00
PMGD PFV CENTAURO SOLAR,PMGD PFV Centauro Solar,Solar,(en blanco),Región de Ñuble,ernc,1.0,0.0,56.34185471435654,0.0,3,2024-10-01 02:00:00
PMGD PFV VILLA CRUZ,Villa Cruz,Solar,(en blanco),Región del Maule,ernc,1.0,0.0,11.63636057403129,0.0,3,2024-10-01 02:00:00
HE EL TORO,EL TORO,Hidráulica,Embalse,Región del Bío-Bío,convencional,0.0,0.0,2271.704087128445,204.1050586197164,3,2024-10-01 02:00:00
PMGD PFV VILLA PRAT,Villa Prat,Solar,(en blanco),Región del Maule,ernc,1.0,0.0,13.84761941520148,0.0,3,2024-10-01 02:00:00
TER YUNGAY,TER Yungay U2 Diésel,Térmica,Diésel,Región del Bío-Bío,convencional,0.0,0.0,0.0,0.0,3,2024-10-01 02:00:00
PMGD PFV VALLE SOLAR OESTE II,VALLE SOLAR OESTE 2,Solar,(en blanco),Región de Atacama,ernc,1.0,0.0,70.84769321074076,0.0,3,2024-10-01 02:00:00
HE MACHICURA,MACHICURA,Hidráulica,Embalse,Región del Maule,convencional,0.0,0.0,1261.7075439724306,51.02861597350827,3,2024-10-01 02:00:00
PMGD HP EL MIRADOR,PMGD HP El Mirador,Hidráulica,Pasada,Región del Bío-Bío,ernc,1.0,0.0,0.0,0.0,3,2024-10-01 02:00:00
PMGD TER EL CANELO,El Canelo 1,Térmica,Diésel,Región de los Lagos,convencional,0.0,0.0,0.0,0.0,3,2024-10-01 02:00:00
PMGD TER EL MOLLE,El Molle,Térmica,BioGas,Región de Valparaíso,ernc,1.0,0.0,27.033367598356595,1.6448578940238003,3,2024-10-01 02:00:00
PMGD TER EL NOGAL,El Nogal,Térmica,Diésel,Región Metropolitana,convencional,0.0,0.0,0.000723696836786172,0.0,3,2024-10-01 02:00:00
PMGD HP EL TARTARO,EL TÁRTARO,Hidráulica,Pasada,Región de Valparaíso,ernc,1.0,0.0,0.0,0.0,3,2024-10-01 02:00:00
TER YUNGAY,TER Yungay U1 GNL,Térmica,Gas Natural,Región del Bío-Bío,convencional,0.0,0.0,0.0,0.0,3,2024-10-01 02:00:00
PMGD PFV LOS PALTOS,Los Paltos,Solar,(en blanco),Región de Valparaíso,ernc,1.0,0.0,22.15058794308798,0.0,3,2024-10-01 02:00:00
PMGD PFV PORTEZUELO,PORTEZUELO,Solar,(en blanco),Región de O'Higgins,ernc,1.0,0.0,14.230062717252446,0.0,3,2024-10-01 02:00:00
PMGD PFV VALLE SOLAR ESTE II,VALLE SOLAR ESTE 2,Solar,(en blanco),Región de Atacama,ernc,1.0,0.0,91.10228855336455,0.0,3,2024-10-01 02:00:00
PMGD PFV SANTA JULIA,Santa Julia,Solar,(en blanco),Región de Valparaíso,ernc,1.0,0.0,27.157065891940178,0.0,3,2024-10-01 02:00:00
PMGD TER ERMITAÑO,Ermitaño,Térmica,Diésel,Región de Valparaíso,convencional,0.0,0.0,0.0,0.0,3,2024-10-01 02:00:00
PMGD PFV CATEMU,Catemu,Solar,(en blanco),Región de Valparaíso,ernc,1.0,0.0,16.668749859917334,0.0,3,2024-10-01 02:00:00
PFV GRANJA SOLAR,PFV Granja Solar,Solar,(en blanco),Región de Tarapacá,ernc,1.0,0.0,608.9014615066312,0.0,3,2024-10-01 02:00:00
HE PANGUE,PANGUE,Hidráulica,Embalse,Región del Bío-Bío,convencional,0.0,0.0,9921.703921559692,452.5761969767765,3,2024-10-01 02:00:00
PMGD PFV MACARENA SOLAR,PMGD PFV Macarena Solar,Solar,(en blanco),Región Metropolitana,ernc,1.0,0.0,2.3143054388365467,0.0,3,2024-10-01 02:00:00
PMGD PE EL ARREBOL,El Arrebol,Eólica,(en blanco),Región del Bío-Bío,ernc,1.0,0.0,107.7907553754164,1.9127540056730532,3,2024-10-01 02:00:00
PMGD HP TRANCA DEL TORO,PMGD HP Tranca del Toro,Hidráulica,Pasada,Región de los Ríos,ernc,1.0,0.0,0.0,0.0,3,2024-10-01 02:00:00
TER CONSTITUCION,Constitución 1 Elektragen,Térmica,Diésel,Región del Maule,convencional,0.0,0.0,0.0,0.0,3,2024-10-01 02:00:00
PMGD PFV VILLA SECA,PMGD PFV VILLA SECA,Solar,(en blanco),Región del Maule,ernc,1.0,0.0,13.508828016389913,0.0,3,2024-10-01 02:00:00
PMGD PFV PUNTA BAJA SOLAR,Punta Baja Solar,Solar,(en blanco),Región de Coquimbo,ernc,1.0,0.0,16.696311051761477,0.0,3,2024-10-01 02:00:00
PMGD PFV JAHUEL,JAHUEL,Solar,(en blanco),Región de Valparaíso,ernc,1.0,0.0,49.99412697960553,0.0,3,2024-10-01 02:00:00
PMGD TER CONTULMO,PMGD TER Contulmo,Térmica,Diésel,Región del Bío-Bío,convencional,0.0,0.0,0.0,0.0,3,2024-10-01 02:00:00
PE TOLPAN SUR,PE Tolpán Sur,Eólica,(en blanco),Región de la Araucanía,ernc,1.0,0.0,437.7855026088002,20.49149127720489,3,2024-10-01 02:00:00
PMGD PFV COVADONGA,Covadonga,Solar,(en blanco),Región de Atacama,ernc,1.0,0.0,86.9543979550874,0.0,3,2024-10-01 02:00:00
BESS Andes,BESS Andes (Inyección),Bess,(en blanco),Región de Antofagasta,ernc,1.0,0.0,0.0,0.0,3,2024-10-01 02:00:00
PMGD PFV QUINTA SOLAR,La Quinta Solar SpA,Solar,(en blanco),Región Metropolitana,ernc,1.0,0.0,22.921632112847234,0.0,3,2024-10-01 02:00:00
HE CIPRESES,CIPRESES,Hidráulica,Embalse,Región del Maule,convencional,0.0,0.0,1099.5643518484658,67.39662487244762,3,2024-10-01 02:00:00
HE CONVENTO VIEJO,CONVENTO VIEJO,Hidráulica,Pasada,Región de O'Higgins,ernc,1.0,0.0,152.51552809493856,8.364690775265277,3,2024-10-01 02:00:00
PMGD PFV EL CARPINTERO,PMGD PFV El Carpintero,Solar,(en blanco),Región del Maule,ernc,1.0,0.0,60.39483853093664,0.0,3,2024-10-01 02:00:00
PMGD PFV EL RESPLANDOR,El Resplandor,Solar,(en blanco),Región del Bío-Bío,ernc,1.0,0.0,14.75375006454389,0.0,3,2024-10-01 02:00:00
PMGD TER COPIULEMU,Copiulemu,Térmica,Diésel,Región del Bío-Bío,convencional,0.0,0.0,3.7041850879294143,0.0,3,2024-10-01 02:00:00
PMGD PFV PLACILLA SOLAR,Placilla Solar,Solar,(en blanco),Región de O'Higgins,ernc,1.0,0.0,47.134931841461814,0.0,3,2024-10-01 02:00:00
PMGD TER CURAUMA,Curauma,Térmica,Diésel,Región de Valparaíso,convencional,0.0,0.0,0.0,0.0,3,2024-10-01 02:00:00
PMGD HP MUCHI,MUCHI,Hidráulica,Pasada,Región de los Ríos,ernc,1.0,0.0,15.524206757856412,0.7299257177358822,3,2024-10-01 02:00:00
PMGD PFV CHACABUCO,Chacabuco,Solar,(en blanco),Región de Valparaíso,ernc,1.0,0.0,66.98144850465424,0.0,3,2024-10-01 02:00:00
PMGD TER CURACAUTIN,Curacautin,Térmica,Diésel,Región de la Araucanía,convencional,0.0,0.0,0.7419792543526904,0.0,3,2024-10-01 02:00:00
PMGD TER EL CAMPESINO,El CAMPESINO I,Térmica,BioGas,Región Metropolitana,ernc,1.0,0.0,4.333296430591119,0.42249964115960903,3,2024-10-01 02:00:00
PMGD PFV UTFSM VALPARAISO VALDES,UTFSM Valparaíso Valdés,Solar,(en blanco),Región de Valparaíso,ernc,1.0,0.0,0.0,0.0,3,2024-10-01 02:00:00
PMGD PFV LAS ROJAS,Las Rojas,Solar,(en blanco),Región de Coquimbo,ernc,1.0,0.0,21.605253027110926,0.0,3,2024-10-01 02:00:00
PMGD HP MSA-I,PMGD HP MSA-1,Hidráulica,Pasada,Región de la Araucanía,ernc,1.0,0.0,71.25024577302031,2.9651284914531835,3,2024-10-01 02:00:00
TER YUNGAY,TER Yungay U3 Diésel,Térmica,Diésel,Región del Bío-Bío,convencional,0.0,0.0,0.0,0.0,3,2024-10-01 02:00:00
PMGD PFV PULLALLI SOLAR,Pullalli,Solar,(en blanco),Región de Valparaíso,ernc,1.0,0.0,7.858865365242202,0.0,3,2024-10-01 02:00:00
TER YUNGAY,TER Yungay U2 GNL,Térmica,Gas Natural,Región del Bío-Bío,convencional,0.0,0.0,0.0,0.0,3,2024-10-01 02:00:00
TER RENCA [No_Mostrar],Renca U-2,Térmica,Diésel,Región Metropolitana,convencional,0.0,0.0,0.0,0.0,3,2024-10-01 02:00:00
PMGD PFV VITUCO 2B,Vituco 2B,Solar,(en blanco),Región de O'Higgins,ernc,1.0,0.0,20.336582259582038,0.0,3,2024-10-01 02:00:00
PMGD PFV TALCA,Talca,Solar,(en blanco),Región del Maule,ernc,1.0,0.0,36.40286584673632,0.0,3,2024-10-01 02:00:00
PMGD PFV EL SALITRAL,PFV EL SALITRAL,Solar,(en blanco),Región de Coquimbo,ernc,1.0,0.0,30.086554905384748,0.0,3,2024-10-01 02:00:00
PMGD HP ALLIPEN,ALLIPÉN,Hidráulica,Pasada,Región de la Araucanía,ernc,1.0,0.0,0.0,0.0,3,2024-10-01 02:00:00
PFV ATACAMA SOLAR II,PFV Atacama Solar 2,Solar,(en blanco),Región de Tarapacá,ernc,1.0,0.0,641.8299272260069,0.0,3,2024-10-01 02:00:00
TER NEHUENCO II,Nehuenco II GNL,Térmica,Gas Natural,Región de Valparaíso,convencional,0.0,0.0,0.0,0.0,3,2024-10-01 02:00:00
PMGD HP LA MONTAÑA II,La Montaña 2,Hidráulica,Pasada,Región del Maule,ernc,1.0,0.0,7.096271003490504,0.0,3,2024-10-01 02:00:00
TER CORONEL,Coronel TG Gas Natural,Térmica,Gas Natural,Región del Bío-Bío,convencional,0.0,0.0,0.0,0.0,3,2024-10-01 02:00:00
TER CORONEL,Coronel TG Diésel,Térmica,Diésel,Región del Bío-Bío,convencional,0.0,0.0,0.0,0.0,3,2024-10-01 02:00:00
TER NUEVA ALDEA,Nueva Aldea Bloque 1 + 3,Térmica,Biomasa,Región de Ñuble,ernc,1.0,0.0,107.77043581385445,4.622592270541338,3,2024-10-01 02:00:00
TER NUEVA ALDEA,Nueva Aldea Bloque 2,Térmica,Biomasa,Región de Ñuble,ernc,0.32,0.0,892.0602521047261,37.17084477285945,3,2024-10-01 02:00:00
TER CORONEL,Coronel TG GNL,Térmica,Gas Natural,Región del Bío-Bío,convencional,0.0,0.0,0.0,0.0,3,2024-10-01 02:00:00
TER NUEVA ALDEA II,Nueva Aldea 2,Térmica,Diésel,Región de Ñuble,convencional,0.0,0.0,0.0,0.0,3,2024-10-01 02:00:00
TER COLMITO,TER Colmito GNL,Térmica,Gas Natural,Región de Valparaíso,convencional,0.0,0.0,0.0,0.0,3,2024-10-01 02:00:00
TER NUEVA RENCA,Nueva Renca Diésel,Térmica,Diésel,Región Metropolitana,convencional,0.0,0.0,0.0,0.0,3,2024-10-01 02:00:00
TER COLMITO,TER Colmito Diésel,Térmica,Diésel,Región de Valparaíso,convencional,0.0,0.0,0.0,0.0,3,2024-10-01 02:00:00
PMGD PFV PUENTE SOLAR,Puente Solar,Solar,(en blanco),Región Metropolitana,ernc,1.0,0.0,17.059504582270396,0.0,3,2024-10-01 02:00:00
TER COLMITO,TER Colmito Gas Argentino,Térmica,Gas Natural,Región de Valparaíso,convencional,0.0,0.0,180.55125004744252,0.0,3,2024-10-01 02:00:00
TER COLIHUES,TER COLIHUES (Diésel),Térmica,Diésel,Región de O'Higgins,convencional,0.0,0.0,0.0,0.0,3,2024-10-01 02:00:00
PMGD HP LA MONTAÑA,La Montaña 1,Hidráulica,Pasada,Región del Maule,ernc,1.0,0.0,47.83155999669518,1.9806656550624255,3,2024-10-01 02:00:00
PMGD PFV QUINANTU SOLAR,PMGD PFV Quinantu Solar,Solar,(en blanco),Región del Maule,ernc,1.0,0.0,61.45344326213165,0.0,3,2024-10-01 02:00:00
PMGD PFV EL GUANACO SOLAR,PMGD PFV Guanaco Solar,Solar,(en blanco),Región Metropolitana,ernc,1.0,0.0,61.532101181445064,0.0,3,2024-10-01 02:00:00
PMGD PFV CANDELARIA SOLAR,Candelaria Solar,Solar,(en blanco),Región de O'Higgins,ernc,1.0,0.0,13.32215752777833,0.0,3,2024-10-01 02:00:00
TER DEGAÑ,Degañ Nave 5,Térmica,Diésel,Región de los Lagos,convencional,0.0,0.0,0.0,0.0,3,2024-10-01 02:00:00
TER NEHUENCO,Nehuenco GNL,Térmica,Gas Natural,Región de Valparaíso,convencional,0.0,0.0,621.3484415597773,0.0,3,2024-10-01 02:00:00
TER ESPERANZA,TER ESPERANZA-DS1,Térmica,Diésel,Región de O'Higgins,convencional,0.0,0.0,0.0,0.0,3,2024-10-01 02:00:00
TER NEHUENCO 9B,Nehuenco 9B Diésel,Térmica,Diésel,Región de Valparaíso,convencional,0.0,0.0,0.0,0.0,3,2024-10-01 02:00:00
TER EMELDA,Emelda 2,Térmica,Diésel,Región de Atacama,convencional,0.0,0.0,0.0,0.0,3,2024-10-01 02:00:00
TER EMELDA,Emelda 1,Térmica,Diésel,Región de Atacama,convencional,0.0,0.0,0.0,0.0,3,2024-10-01 02:00:00
PMGD TER PRP LOS NEGROS,PRP LOS NEGROS,Térmica,Diésel,Región de los Lagos,convencional,0.0,0.0,0.0,0.0,3,2024-10-01 02:00:00
TER NEHUENCO 9B,Nehuenco 9B Gas Natural,Térmica,Gas Natural,Región de Valparaíso,convencional,0.0,0.0,0.0,0.0,3,2024-10-01 02:00:00
TER DEGAÑ,Degañ Nave 1+2,Térmica,Diésel,Región de los Lagos,convencional,0.0,0.0,0.0,0.0,3,2024-10-01 02:00:00
PMGD HP LA VIÑA - ALTO LA VIÑA,PMGD La Viña - Alto la Viña,Hidráulica,Pasada,Región del Bío-Bío,ernc,1.0,0.0,9.276862606599039,0.35286108645132297,3,2024-10-01 02:00:00
TER EL SALVADOR,El Salvador TG,Térmica,Diésel,Región de Atacama,convencional,0.0,0.0,0.0,0.0,3,2024-10-01 02:00:00
TER NEHUENCO 9B,Nehuenco 9B GNL,Térmica,Gas Natural,Región de Valparaíso,convencional,0.0,0.0,0.0,0.0,3,2024-10-01 02:00:00
TER DIEGO DE ALMAGRO,Diego de Almagro,Térmica,Diésel,Región de Atacama,convencional,0.0,0.0,0.0,0.0,3,2024-10-01 02:00:00
PMGD PFV  SANTA CAROLINA,SANTA CAROLINA,Solar,(en blanco),Región de O'Higgins,ernc,1.0,0.0,17.782036931131685,0.0,3,2024-10-01 02:00:00
TER NEHUENCO II,Nehuenco II Diésel,Térmica,Diésel,Región de Valparaíso,convencional,0.0,0.0,0.0,0.0,3,2024-10-01 02:00:00
TER NEHUENCO II,Nehuenco II Gas Natural,Térmica,Gas Natural,Región de Valparaíso,convencional,0.0,0.0,0.0,0.0,3,2024-10-01 02:00:00
PMGD HP LA PALOMA,LA PALOMA,Hidráulica,Pasada,Región de Coquimbo,ernc,1.0,0.0,0.0,0.0,3,2024-10-01 02:00:00
TER EL TOTORAL,El Totoral,Térmica,Diésel,Región de Valparaíso,convencional,0.0,0.0,0.0,0.0,3,2024-10-01 02:00:00
TER NUEVA RENCA,Nueva Renca GNL,Térmica,Gas Natural,Región Metropolitana,convencional,0.0,0.0,0.0,0.0,3,2024-10-01 02:00:00
TER COLIHUES,TER COLIHUES (HFO),Térmica,Fuel Oil,Región de O'Higgins,convencional,0.0,0.0,0.0,0.0,3,2024-10-01 02:00:00
PMGD PFV CIPRES,PFV CIPRES,Solar,(en blanco),Región del Maule,ernc,1.0,0.0,47.43812545734664,0.0,3,2024-10-01 02:00:00
PMGD TER CENTRAL QUITRALMAN,QUITRALMAN,Térmica,Diésel,Región del Bío-Bío,convencional,0.0,0.0,0.0,0.0,3,2024-10-01 02:00:00
TER CEMENTOS BIO BIO CENTRO,Cementos Bío Bío Diésel,Térmica,Diésel,Región del Maule,convencional,0.0,0.0,0.0,0.0,3,2024-10-01 02:00:00
TER CELCO,CELCO,Térmica,Biomasa,Región del Maule,ernc,1.0,0.0,84.51739590749497,2.2512624694194825,3,2024-10-01 02:00:00
TER CARDONES,TER Cardones,Térmica,Diésel,Región de Atacama,convencional,0.0,0.0,0.0,0.0,3,2024-10-01 02:00:00
TER PETROPOWER,Cogen. Biobío,Térmica,PetCoke,Región del Bío-Bío,convencional,0.0,0.0,1155.6480676353344,50.0280548759885,3,2024-10-01 02:00:00
TER PLACILLA,Placilla,Térmica,Diésel,Región de Valparaíso,convencional,0.0,0.0,0.0,0.0,3,2024-10-01 02:00:00
TER CANDELARIA,Candelaria 2 Gas Arg,Térmica,Gas Natural,Región de O'Higgins,convencional,0.0,0.0,0.0,0.0,3,2024-10-01 02:00:00
PFV SAN PEDRO,PFV GPG SAN PEDRO,Solar,(en blanco),Región de Antofagasta,ernc,1.0,0.0,517.4501771933242,0.0,3,2024-10-01 02:00:00
TER CANDELARIA,Candelaria 1 Gas Arg,Térmica,Gas Natural,Región de O'Higgins,convencional,0.0,0.0,715.4011847266355,0.0,3,2024-10-01 02:00:00
PFV USYA,PFV Usya,Solar,(en blanco),Región de Antofagasta,ernc,1.0,0.0,244.97737911674048,0.0,3,2024-10-01 02:00:00
TER PUNTA COLORADA,TER PUNTA COLORADA (IFO),Térmica,Fuel Oil,Región de Coquimbo,convencional,0.0,0.0,0.0,0.0,3,2024-10-01 02:00:00
PE CABO LEONES II,PE CABO LEONES II,Eólica,(en blanco),Región de Atacama,ernc,1.0,0.0,2210.7097281370066,75.23218892251151,3,2024-10-01 02:00:00
TER CANDELARIA,Candelaria 2 Diésel,Térmica,Diésel,Región de O'Higgins,convencional,0.0,0.0,0.0,0.0,3,2024-10-01 02:00:00
TER CANDELARIA,Candelaria 1 GNL,Térmica,Gas Natural,Región de O'Higgins,convencional,0.0,0.0,0.0,0.0,3,2024-10-01 02:00:00
PMGD PFV CASABERMEJA,PMGD PFV Casabermeja,Solar,(en blanco),Región Metropolitana,ernc,1.0,0.0,30.01511497529601,0.0,3,2024-10-01 02:00:00
TER CANDELARIA,Candelaria 1 Diésel,Térmica,Diésel,Región de O'Higgins,convencional,0.0,0.0,0.0,0.0,3,2024-10-01 02:00:00
TER CANDELARIA,Candelaria 2 GNL,Térmica,Gas Natural,Región de O'Higgins,convencional,0.0,0.0,0.0,0.0,3,2024-10-01 02:00:00
PMGD PFV LUMBRERAS,LUMBRERAS,Solar,(en blanco),Región Metropolitana,ernc,1.0,0.0,21.07287311908036,0.0,3,2024-10-01 02:00:00
TER CEMENTOS BIO BIO CENTRO,Cementos Bío Bío Fuel Oil,Térmica,Fuel Oil,Región del Maule,convencional,0.0,0.0,0.0,0.0,3,2024-10-01 02:00:00
PMGD PFV PEPA SOLAR,PMGD PFV PEPA SOLAR,Solar,(en blanco),Región Metropolitana,ernc,1.0,0.0,48.02301709705661,0.0,3,2024-10-01 02:00:00
TER NUEVA RENCA,Nueva Renca FA GNL,Térmica,Gas Natural,Región Metropolitana,convencional,0.0,0.0,0.0,0.0,3,2024-10-01 02:00:00
TER COCHRANE,CCR2 (Carbon),Térmica,Carbón,Región de Antofagasta,convencional,0.0,0.0,4450.725890820368,275.0842625411104,3,2024-10-01 02:00:00
TER COCHRANE,CCR1 (Carbon),Térmica,Carbón,Región de Antofagasta,convencional,0.0,0.0,4312.648459362638,260.9263230112056,3,2024-10-01 02:00:00
PMGD PFV LAS TORTOLAS,LAS TORTOLAS,Solar,(en blanco),Región de Ñuble,ernc,1.0,0.0,16.848201386458676,0.0,3,2024-10-01 02:00:00
TER NUEVA RENCA,Nueva Renca Gas Arg,Térmica,Gas Natural,Región Metropolitana,convencional,0.0,0.0,0.0,0.0,3,2024-10-01 02:00:00
TER CMPC TISSUE,CMPC Tissue,Térmica,Gas Natural,Región Metropolitana,convencional,0.0,0.0,46.12586659566141,1.200673317023724,3,2024-10-01 02:00:00
TER CMPC LAJA,CMPC Laja,Térmica,Biomasa,Región del Bío-Bío,ernc,1.0,0.0,0.0,0.0,3,2024-10-01 02:00:00
TER NUEVA RENCA,Nueva Renca FA Gas Arg,Térmica,Gas Natural,Región Metropolitana,convencional,0.0,0.0,0.0,0.0,3,2024-10-01 02:00:00
TER CMPC CORDILLERA,CMPC Cordillera Gas Arg,Térmica,Gas Natural,Región Metropolitana,convencional,0.0,0.0,0.0,0.0,3,2024-10-01 02:00:00
TER CHAGUAL,Chagual,Térmica,Fuel Oil,Región de Coquimbo,convencional,0.0,0.0,0.0,0.0,3,2024-10-01 02:00:00
PMGD TER DEUCO,Deuco,Térmica,Diésel,Región Metropolitana,convencional,0.0,0.0,0.0,0.0,3,2024-10-01 02:00:00
TER NUEVA RENCA,Nueva Renca FA GLP,Térmica,Gas Natural,Región Metropolitana,convencional,0.0,0.0,0.0,0.0,3,2024-10-01 02:00:00
TER NUEVA VENTANAS,Nueva Ventanas,Térmica,Carbón,Región de Valparaíso,convencional,0.0,0.0,0.0,0.0,3,2024-10-01 02:00:00
TER CMPC CORDILLERA,CMPC Cordillera GNL,Térmica,Gas Natural,Región Metropolitana,convencional,0.0,0.0,0.0,0.0,3,2024-10-01 02:00:00
TER OLIVOS,Olivos,Térmica,Diésel,Región de Coquimbo,convencional,0.0,0.0,0.0,0.0,3,2024-10-01 02:00:00
TER CHUYACA,Chuyaca,Térmica,Diésel,Región de los Lagos,convencional,0.0,0.0,0.0,0.0,3,2024-10-01 02:00:00
TER CENIZAS,Cenizas,Térmica,Diésel,Región de Atacama,convencional,0.0,0.0,0.0,0.0,3,2024-10-01 02:00:00
TER ESPERANZA,TER ESPERANZA-DS2,Térmica,Diésel,Región de O'Higgins,convencional,0.0,0.0,0.0,0.0,3,2024-10-01 02:00:00
TER PUNTA COLORADA,TER PUNTA COLORADA (Diésel),Térmica,Diésel,Región de Coquimbo,convencional,0.0,0.0,0.0,0.0,3,2024-10-01 02:00:00
PMGD TER PRP CAMPESINA (EX ALDEA),PRP CAMPESINA,Térmica,Diésel,Región de los Ríos,convencional,0.0,0.0,0.0,0.0,3,2024-10-01 02:00:00
PMGD TER PRP RAPACO,PRP RAPACO,Térmica,Diésel,Región de los Ríos,convencional,0.0,0.0,0.0,0.0,3,2024-10-01 02:00:00
TER MANTOS BLANCOS,TER MANTOS BLANCOS,Térmica,Diésel,Región de Antofagasta,convencional,0.0,0.0,0.0,0.0,3,2024-10-01 02:00:00
TER KELAR,KELAR TG1 + TG2 + TV (Gas Arg),Térmica,Gas Natural,Región de Antofagasta,convencional,0.0,0.0,0.0,0.0,3,2024-10-01 02:00:00
TER KELAR,KELAR TG1 (Gas Arg),Térmica,Gas Natural,Región de Antofagasta,convencional,0.0,0.0,0.0,0.0,3,2024-10-01 02:00:00
PFV NUEVO QUILLAGUA,PFV NUEVO QUILLAGUA,Solar,(en blanco),Región de Antofagasta,ernc,1.0,0.0,351.07687789773695,0.0,3,2024-10-01 02:00:00
PMGD PFV DON JORGE (EX PERALILLO),Don Jorge,Solar,(en blanco),Región de O'Higgins,ernc,1.0,0.0,20.467706451782323,0.0,3,2024-10-01 02:00:00
PMGD HP PICHILONCO,Pichilonco,Hidráulica,Pasada,Región de los Ríos,ernc,1.0,0.0,28.802729652780283,1.208945625592631,3,2024-10-01 02:00:00
PMGD HP LAS VERTIENTES,LAS VERTIENTES,Hidráulica,Pasada,Región Metropolitana,ernc,1.0,0.0,38.294519069151676,1.477004059769576,3,2024-10-01 02:00:00
TER LOS VIENTOS,Los Vientos Gas Arg,Térmica,Gas Natural,Región de Valparaíso,convencional,0.0,0.0,0.0,0.0,3,2024-10-01 02:00:00
TER KELAR,KELAR TG1 + 0.5 TV (Gas Arg),Térmica,Gas Natural,Región de Antofagasta,convencional,0.0,0.0,0.0,0.0,3,2024-10-01 02:00:00
TER KELAR,KELAR TG1 + 0.5 TV (GNL),Térmica,Gas Natural,Región de Antofagasta,convencional,0.0,0.0,0.0,0.0,3,2024-10-01 02:00:00
TER KELAR,KELAR TG2 + 0.5 TV (GNL),Térmica,Gas Natural,Región de Antofagasta,convencional,0.0,0.0,0.0,0.0,3,2024-10-01 02:00:00
TER KELAR,KELAR TG2 + 0.5 TV (Diesel),Térmica,Diésel,Región de Antofagasta,convencional,0.0,0.0,0.0,0.0,3,2024-10-01 02:00:00
TER MAULE,Maule,Térmica,Diésel,Región del Maule,convencional,0.0,0.0,0.0,0.0,3,2024-10-01 02:00:00
PMGD PFV PLAYERITO,PFV PLAYERITO,Solar,(en blanco),Región del Maule,ernc,1.0,0.0,12.215699277849941,0.0,3,2024-10-01 02:00:00
HP DIGUA,HP DIGUA,Hidráulica,Pasada,Región del Maule,ernc,1.0,0.0,393.2205113252696,22.072377811286128,3,2024-10-01 02:00:00
TER KELAR,KELAR TG2 (GNL),Térmica,Gas Natural,Región de Antofagasta,convencional,0.0,0.0,0.0,0.0,3,2024-10-01 02:00:00
TER MASISA,Masisa,Térmica,Biomasa,Región del Bío-Bío,ernc,1.0,0.0,113.84384167579944,4.772676435169303,3,2024-10-01 02:00:00
TER KELAR,KELAR TG1 + TG2 + TV (GNL),Térmica,Gas Natural,Región de Antofagasta,convencional,0.0,0.0,0.0,0.0,3,2024-10-01 02:00:00
TER KELAR,KELAR TG2 + 0.5 TV (Gas Arg),Térmica,Gas Natural,Región de Antofagasta,convencional,0.0,0.0,0.0,0.0,3,2024-10-01 02:00:00
PMGD PFV CANELILLO,PFV CANELILLO,Solar,(en blanco),Región de Coquimbo,ernc,1.0,0.0,18.60432841210499,0.0,3,2024-10-01 02:00:00
PMGD PFV  COCINILLAS,PFV COCINILLAS,Solar,(en blanco),Región de Coquimbo,ernc,1.0,0.0,17.49787732529355,0.0,3,2024-10-01 02:00:00
TER LOS ESPINOS,Espinos,Térmica,Diésel,Región de Coquimbo,convencional,0.0,0.0,0.0,0.0,3,2024-10-01 02:00:00
TER LOMA LOS COLORADOS II,Loma Los Colorados II,Térmica,BioGas,Región Metropolitana,ernc,1.0,0.0,284.1593516956147,16.00897756031632,3,2024-10-01 02:00:00
TER LINARES NORTE,Linares Norte,Térmica,Diésel,Región del Maule,convencional,0.0,0.0,0.0,0.0,3,2024-10-01 02:00:00
TER LOS GUINDOS,Los Guindos TG1 Diésel,Térmica,Diésel,Región del Bío-Bío,convencional,0.0,0.0,0.0,0.0,3,2024-10-01 02:00:00
TER LAUTARO,Lautaro 2,Térmica,Biomasa,Región de la Araucanía,ernc,1.0,0.0,373.57249305327394,16.23210268506323,3,2024-10-01 02:00:00
TER LOS GUINDOS,Los Guindos TG2 Diésel,Térmica,Diésel,Región del Bío-Bío,convencional,0.0,0.0,0.0,0.0,3,2024-10-01 02:00:00
TER LOS VIENTOS,Los Vientos GNL,Térmica,Gas Natural,Región de Valparaíso,convencional,0.0,0.0,0.0,0.0,3,2024-10-01 02:00:00
TER LAUTARO,Lautaro 1,Térmica,Biomasa,Región de la Araucanía,ernc,1.0,0.0,329.43173967509176,12.622078245211899,3,2024-10-01 02:00:00
TER LOS VIENTOS,Los Vientos Diésel,Térmica,Diésel,Región de Valparaíso,convencional,0.0,0.0,0.0,0.0,3,2024-10-01 02:00:00
TER LAS VEGAS,Las Vegas,Térmica,Diésel,Región de Valparaíso,convencional,0.0,0.0,1.765344780205136,0.0,3,2024-10-01 02:00:00
TER LAJA,Laja Energía Verde,Térmica,Biomasa,Región del Bío-Bío,ernc,0.3144,0.0,87.24892770372394,3.6020199510711723,3,2024-10-01 02:00:00
PMGD HP CENTRAL EL ATAJO,HP EL ATAJO,Hidráulica,Pasada,Región del Bío-Bío,ernc,1.0,0.0,16.882640194352057,0.6414512065459386,3,2024-10-01 02:00:00
PMGD PFV PITRA,PFV PITRA,Solar,(en blanco),Región de Valparaíso,ernc,1.0,0.0,20.175126660448434,0.0,3,2024-10-01 02:00:00
TER LA PORTADA,TECNET_1_6,Térmica,Diésel,Región de Antofagasta,convencional,0.0,0.0,0.0,0.0,3,2024-10-01 02:00:00
TER KELAR,KELAR TG2 (Gas Arg),Térmica,Gas Natural,Región de Antofagasta,convencional,0.0,0.0,0.0,0.0,3,2024-10-01 02:00:00
TER LOS PINOS,Los Pinos,Térmica,Diésel,Región del Bío-Bío,convencional,0.0,0.0,0.0,0.0,3,2024-10-01 02:00:00
TER KELAR,KELAR TG1 + 0.5 TV (Diesel),Térmica,Diésel,Región de Antofagasta,convencional,0.0,0.0,0.0,0.0,3,2024-10-01 02:00:00
TER MEJILLONES,CTM3-TG Gas Arg,Térmica,Gas Natural,Región de Antofagasta,convencional,0.0,0.0,0.0,0.0,3,2024-10-01 02:00:00
PMGD  PFV PLAYERO,PFV PLAYERO,Solar,(en blanco),Región del Maule,ernc,1.0,0.0,12.636988408075764,0.0,3,2024-10-01 02:00:00
TER GUACOLDA,Guacolda 5,Térmica,Carbón,Región de Atacama,convencional,0.0,0.0,1390.3196674476214,154.72676812045722,3,2024-10-01 02:00:00
TER GUACOLDA,Guacolda 4,Térmica,Carbón,Región de Atacama,convencional,0.0,0.0,2298.518970055341,135.8761970431848,3,2024-10-01 02:00:00
HP FLORIDA III,Florida U-3,Hidráulica,Pasada,Región Metropolitana,convencional,0.0,0.0,55.23097258309127,2.301290524295471,3,2024-10-01 02:00:00
PMGD PFV PANQUEHUE II,PANQUEHUE_II,Solar,(en blanco),Región de Valparaíso,ernc,1.0,0.0,38.257803767839775,0.0,3,2024-10-01 02:00:00
TER MEJILLONES,CTM3-TG + CTM3-TV Gas Arg,Térmica,Gas Natural,Región de Antofagasta,convencional,0.0,0.0,0.0,0.0,3,2024-10-01 02:00:00
PMGD HP LOS CORRALES,PMGD HP LOS CORRALES,Hidráulica,Pasada,Región de los Ríos,ernc,1.0,0.0,60.533356729468984,2.4498477706538333,3,2024-10-01 02:00:00
PMGD HP LOS CORRALES II,LOS CORRALES 2,Hidráulica,Pasada,Región de los Ríos,ernc,1.0,0.0,20.173266146003815,0.8761066621048047,3,2024-10-01 02:00:00
PMGD HP LAS FLORES,PMGD HP LAS FLORES,Hidráulica,Pasada,Región de los Ríos,ernc,1.0,0.0,75.11391874152046,3.0854595209327513,3,2024-10-01 02:00:00
PMGD PFV PARQUE SOLAR BICENTENARIO,PARQUE SOLAR BICENTENARIO,Solar,(en blanco),Región del Maule,ernc,1.0,0.0,19.499525852190988,0.0,3,2024-10-01 02:00:00
PMGD HP MUNILQUE II,Munilque 2,Hidráulica,Pasada,Región del Bío-Bío,ernc,1.0,0.0,0.0,0.0,3,2024-10-01 02:00:00
TER MEJILLONES,CTM3-TG GNL,Térmica,Gas Natural,Región de Antofagasta,convencional,0.0,0.0,0.0,0.0,3,2024-10-01 02:00:00
TER GUACOLDA,Guacolda 3,Térmica,Carbón,Región de Atacama,convencional,0.0,0.0,2536.152230716287,154.29652684852374,3,2024-10-01 02:00:00
TER GUACOLDA,Guacolda 2,Térmica,Carbón,Región de Atacama,convencional,0.0,0.0,0.0,0.0,3,2024-10-01 02:00:00
TER NEHUENCO,Nehuenco Diésel,Térmica,Diésel,Región de Valparaíso,convencional,0.0,0.0,0.0,0.0,3,2024-10-01 02:00:00
TER NEHUENCO,Nehuenco Gas Natural,Térmica,Gas Natural,Región de Valparaíso,convencional,0.0,0.0,2501.402743799425,310.1739402311287,3,2024-10-01 02:00:00
TER GUACOLDA,Guacolda 1,Térmica,Carbón,Región de Atacama,convencional,0.0,0.0,2356.7316147090423,139.2580935528016,3,2024-10-01 02:00:00
TER MEJILLONES,CTM2,Térmica,Carbón,Región de Antofagasta,convencional,0.0,0.0,0.0,0.0,3,2024-10-01 02:00:00
TER HORCONES,Horcones Diésel,Térmica,Diésel,Región del Bío-Bío,convencional,0.0,0.0,0.0,0.0,3,2024-10-01 02:00:00
TER HORCONES,Horcones TG,Térmica,Gas Natural,Región del Bío-Bío,convencional,0.0,0.0,0.0,0.0,3,2024-10-01 02:00:00
TER HORNITOS,TER HORNITOS,Térmica,Carbón,Región de Antofagasta,convencional,0.0,0.0,0.0,0.0,3,2024-10-01 02:00:00
TER MEJILLONES,CTM1,Térmica,Carbón,Región de Antofagasta,convencional,0.0,0.0,0.0,0.0,3,2024-10-01 02:00:00
TER KELAR,KELAR TG1 (GNL),Térmica,Gas Natural,Región de Antofagasta,convencional,0.0,0.0,0.0,0.0,3,2024-10-01 02:00:00
TER MEJILLONES,CTM3-TG + CTM3-TV GNL,Térmica,Gas Natural,Región de Antofagasta,convencional,0.0,0.0,3709.860426161853,234.35142026108053,3,2024-10-01 02:00:00
TER KELAR,KELAR TG1 + TG2 + TV (Diesel),Térmica,Diésel,Región de Antofagasta,convencional,0.0,0.0,0.0,0.0,3,2024-10-01 02:00:00
TER MEJILLONES,CTM3-TG + CTM3-TV Diesel,Térmica,Diésel,Región de Antofagasta,convencional,0.0,0.0,0.0,0.0,3,2024-10-01 02:00:00
PFV AZABACHE,PFV Azabache,Solar,(en blanco),Región de Antofagasta,ernc,1.0,0.0,277.69572700563697,0.0,3,2024-10-01 02:00:00
TER KELAR,KELAR TG2 (Diesel),Térmica,Diésel,Región de Antofagasta,convencional,0.0,0.0,0.0,0.0,3,2024-10-01 02:00:00
TER KELAR,KELAR TG1 (Diesel),Térmica,Diésel,Región de Antofagasta,convencional,0.0,0.0,0.0,0.0,3,2024-10-01 02:00:00
PMGD PFV EL ROMERAL,EL ROMERAL,Solar,(en blanco),Región de O'Higgins,ernc,1.0,0.0,45.64513801721146,0.0,3,2024-10-01 02:00:00
PMGD HP PEHUI,PEHUI,Hidráulica,Pasada,Región de los Ríos,ernc,1.0,0.0,19.882561024052393,0.9077091162195925,3,2024-10-01 02:00:00
TER IEM,TER IEM,Térmica,Carbón,Región de Antofagasta,convencional,0.0,0.0,0.0,0.0,3,2024-10-01 02:00:00
TER HUASCO,Huasco TG IFO,Térmica,Fuel Oil,Región de Atacama,convencional,0.0,0.0,0.0,0.0,3,2024-10-01 02:00:00
TER HUASCO,Huasco TG,Térmica,Diésel,Región de Atacama,convencional,0.0,0.0,0.0,0.0,3,2024-10-01 02:00:00
TER MEJILLONES,CTM3-TG Diesel,Térmica,Diésel,Región de Antofagasta,convencional,0.0,0.0,0.0,0.0,3,2024-10-01 02:00:00
PMGD HP LOS BAJOS,LOS BAJOS,Hidráulica,Pasada,Región Metropolitana,ernc,1.0,0.0,127.23089370480218,5.340790678202667,3,2024-10-01 02:00:00
PMGD HP LOS COLONOS,Los Colonos,Hidráulica,Pasada,Región de los Lagos,ernc,1.0,0.0,0.0,0.0,3,2024-10-01 02:00:00
HP FLORIDA II,Florida U-2,Hidráulica,Pasada,Región Metropolitana,ernc,0.845,0.0,151.98523071325306,9.205162097181883,3,2024-10-01 02:00:00
TER ESPERANZA,TER ESPERANZA-TG1,Térmica,Diésel,Región de O'Higgins,convencional,0.0,0.0,0.0,0.0,3,2024-10-01 02:00:00
TER UJINA,TER UJINA-UG5 (HFO),Térmica,Fuel Oil,Región de Tarapacá,convencional,0.0,0.0,0.0,0.0,3,2024-10-01 02:00:00
TER CAMPICHE,Campiche,Térmica,Carbón,Región de Valparaíso,convencional,0.0,0.0,2317.299501855787,268.15037413529836,3,2024-10-01 02:00:00
TER ATACAMA,Atacama TG2A + TG2B + TV2C Gas Arg,Térmica,Gas Natural,Región de Antofagasta,convencional,0.0,0.0,0.0,0.0,3,2024-10-01 02:00:00
PMGD PFV QUILLAY,Quillay,Solar,(en blanco),Región Metropolitana,ernc,1.0,0.0,16.837715035492725,0.0,3,2024-10-01 02:00:00
PMGD PFV VILLA ALEGRE,Villa Alegre,Solar,(en blanco),Región del Maule,ernc,1.0,0.0,49.48342980067793,0.0,3,2024-10-01 02:00:00
TER ACONCAGUA,Cogeneradora Aconcagua,Térmica,Cogeneracion,Región de Valparaíso,convencional,0.0,0.0,314.47635295046376,13.987844143326386,3,2024-10-01 02:00:00
PMGD TER ZOFRI,Zofri,Térmica,Diésel,Región de Tarapacá,convencional,0.0,0.0,0.0,0.0,3,2024-10-01 02:00:00
TER TOCOPILLA,U16-TG GNL,Térmica,Gas Natural,Región de Antofagasta,convencional,0.0,0.0,0.0,0.0,3,2024-10-01 02:00:00
PMGD TER ZAPALLAR,ZAPALLAR,Térmica,Diésel,Región del Maule,convencional,0.0,0.0,0.0,0.0,3,2024-10-01 02:00:00
TER TOCOPILLA,U16-TG Gas Arg,Térmica,Gas Natural,Región de Antofagasta,convencional,0.0,0.0,0.0,0.0,3,2024-10-01 02:00:00
TER AGUAS BLANCAS,AGB,Térmica,Diésel,Región de Antofagasta,convencional,0.0,0.0,0.0,0.0,3,2024-10-01 02:00:00
PMGD PFV SAN RAMIRO,San Ramiro,Solar,(en blanco),Región Metropolitana,ernc,1.0,0.0,51.301696205423355,0.0,3,2024-10-01 02:00:00
PMGD TER TRONGOL-CURANILAHUE,Trongol-Curanilahue,Térmica,Diésel,Región del Bío-Bío,convencional,0.0,0.0,0.0,0.0,3,2024-10-01 02:00:00
PMGD TER TREBAL MAPOCHO,Trebal Mapocho,Térmica,BioGas,Región Metropolitana,ernc,1.0,0.0,0.0,0.0,3,2024-10-01 02:00:00
TER TOCOPILLA,TER TOCOPILLA TG3 Gas Arg,Térmica,Gas Natural,Región de Antofagasta,convencional,0.0,0.0,0.0,0.0,3,2024-10-01 02:00:00
PFV ANDES SOLAR II,Solar Andes IIA,Solar,(en blanco),Región de Antofagasta,ernc,1.0,0.0,373.21929498584944,0.0,3,2024-10-01 02:00:00
PMGD TER TOMAVAL,PMGD TER TOMAVAL,Térmica,Gas Natural,Región de Valparaíso,convencional,0.0,0.0,0.0,0.0,3,2024-10-01 02:00:00
PMGD PFV PARQUE SOLAR SAN JAVIER,San Javier,Solar,(en blanco),Región del Maule,ernc,1.0,0.0,36.97190223399237,0.0,3,2024-10-01 02:00:00
TER TOCOPILLA,TER TOCOPILLA TG2,Térmica,Gas Natural,Región de Antofagasta,convencional,0.0,0.0,0.0,0.0,3,2024-10-01 02:00:00
PMGD TER YUMBEL,Yumbel,Térmica,Diésel,Región del Bío-Bío,convencional,0.0,0.0,0.0,0.0,3,2024-10-01 02:00:00
PMGD PFV FILOMENA SOLAR,Filomena,Solar,(en blanco),Región de Valparaíso,ernc,1.0,0.0,22.219536182679377,0.0,3,2024-10-01 02:00:00
TER TOCOPILLA,U16-TG + U16-TV GNL,Térmica,Gas Natural,Región de Antofagasta,convencional,0.0,0.0,0.0,0.0,3,2024-10-01 02:00:00
TER ANGAMOS,ANG1,Térmica,Carbón,Región de Antofagasta,convencional,0.0,0.0,4590.574315420706,266.47943710244033,3,2024-10-01 02:00:00
TER ANTILHUE,Antilhue TG2,Térmica,Diésel,Región de los Ríos,convencional,0.0,0.0,0.0,0.0,3,2024-10-01 02:00:00
TER ANTILHUE,Antilhue TG1,Térmica,Diésel,Región de los Ríos,convencional,0.0,0.0,0.0,0.0,3,2024-10-01 02:00:00
TER TALTAL,Taltal 1 Gas Arg,Térmica,Gas Natural,Región de Antofagasta,convencional,0.0,0.0,0.0,0.0,3,2024-10-01 02:00:00
TER TALTAL,Taltal 2 Gas Arg,Térmica,Gas Natural,Región de Antofagasta,convencional,0.0,0.0,0.0,0.0,3,2024-10-01 02:00:00
PFV CAMPOS DEL SOL,PFV Campos del Sol,Solar,(en blanco),Región de Atacama,ernc,1.0,0.0,1987.9748222181304,0.0,3,2024-10-01 02:00:00
PMGD HP MELO,MELO,Hidráulica,Pasada,Región del Bío-Bío,ernc,1.0,0.0,39.07474539430633,1.4473435362561962,3,2024-10-01 02:00:00
PMGD HP EYZAGUIRRE,EYZAGUIRRE,Hidráulica,Pasada,Región Metropolitana,ernc,1.0,0.0,0.0,0.0,3,2024-10-01 02:00:00
TER ANDINA,TER ANDINA,Térmica,Carbón,Región de Antofagasta,convencional,0.0,0.0,0.0,0.0,3,2024-10-01 02:00:00
TER TENO,TER TENO,Térmica,Diésel,Región del Maule,convencional,0.0,0.0,27.085188909860175,0.0,3,2024-10-01 02:00:00
TER ANGAMOS,ANG2,Térmica,Carbón,Región de Antofagasta,convencional,0.0,0.0,4655.240579153409,265.77904433417655,3,2024-10-01 02:00:00
TER TENO GAS,Teno Gas 50,Térmica,Diésel,Región del Maule,convencional,0.0,0.0,30.126894646320277,0.0200112219503954,3,2024-10-01 02:00:00
TER TOCOPILLA,U16-TG + U16-TV Gas Arg,Térmica,Gas Natural,Región de Antofagasta,convencional,0.0,0.0,0.0,0.0,3,2024-10-01 02:00:00
TER TOCOPILLA,U16-TG Diesel,Térmica,Gas Natural,Región de Antofagasta,convencional,0.0,0.0,0.0,0.0,3,2024-10-01 02:00:00
PMGD PFV GRANADA,Granada,Solar,(en blanco),Región del Maule,ernc,1.0,0.0,47.64129137171036,0.0,3,2024-10-01 02:00:00
PMGD PFV LIRIO DEL CAMPO,Lirio del campo,Solar,(en blanco),Región Metropolitana,ernc,1.0,0.0,16.768736649095516,0.0,3,2024-10-01 02:00:00
TER TOCOPILLA,U16-TG + U16-TV Diesel,Térmica,Gas Natural,Región de Antofagasta,convencional,0.0,0.0,0.0,0.0,3,2024-10-01 02:00:00
PMGD PFV VILLA SOLAR,PMGD PFV VILLA SOLAR,Solar,(en blanco),Región del Maule,ernc,1.0,0.0,13.848111834741921,0.0,3,2024-10-01 02:00:00
PMGD TER TAPIHUE,Tapihue,Térmica,Gas Natural,Región de Valparaíso,convencional,0.0,0.0,0.0,0.0,3,2024-10-01 02:00:00
PMGD PFV PARQUE SOLAR SANTA FE,Santa Fe,Solar,(en blanco),Región del Maule,ernc,1.0,0.0,50.651717398145024,0.0,3,2024-10-01 02:00:00
PMGD  TER AROMOS,Aromos,Térmica,Diésel,Región de la Araucanía,convencional,0.0,0.0,0.0,0.0,3,2024-10-01 02:00:00
PMGD HP MUNILQUE,PMGD HP Munilque,Hidráulica,Pasada,Región del Bío-Bío,ernc,1.0,0.0,7.822453370019167,0.34231818687388305,3,2024-10-01 02:00:00
TER UJINA,TER UJINA-UG3 (HFO),Térmica,Fuel Oil,Región de Tarapacá,convencional,0.0,0.0,0.0,0.0,3,2024-10-01 02:00:00
PMGD TER MONTE PATRIA,Monte Patria,Térmica,Diésel,Región de Coquimbo,convencional,0.0,0.0,0.0,0.0,3,2024-10-01 02:00:00
TER UJINA,TER UJINA-UG1 (Diésel),Térmica,Diésel,Región de Tarapacá,convencional,0.0,0.0,0.0,0.0,3,2024-10-01 02:00:00
PMGD PFV DON MARIANO,Don Mariano,Solar,(en blanco),Región de O'Higgins,ernc,1.0,0.0,16.644368985640778,0.0,3,2024-10-01 02:00:00
PMGD PFV GIRASOLES,Girasoles,Solar,(en blanco),Región Metropolitana,ernc,1.0,0.0,13.308459117444528,0.0,3,2024-10-01 02:00:00
TER UJINA,TER UJINA-UG2 (Diésel),Térmica,Diésel,Región de Tarapacá,convencional,0.0,0.0,0.0,0.0,3,2024-10-01 02:00:00
PMGD HP PUCLARO,PUCLARO,Hidráulica,Pasada,Región de Coquimbo,ernc,1.0,0.0,0.0,0.0,3,2024-10-01 02:00:00
PMGD PFV SANTA AMELIA,SANTA AMELIA,Solar,(en blanco),Región de O'Higgins,ernc,1.0,0.0,23.60649736524622,0.0,3,2024-10-01 02:00:00
TER UJINA,TER UJINA-UG5 (Diésel),Térmica,Diésel,Región de Tarapacá,convencional,0.0,0.0,0.0,0.0,3,2024-10-01 02:00:00
PMGD PFV SANTA RITA,Santa Rita,Solar,(en blanco),Región de Ñuble,ernc,1.0,0.0,18.379816969935025,0.0,3,2024-10-01 02:00:00
TER UJINA,TER UJINA-UG6 (Diésel),Térmica,Diésel,Región de Tarapacá,convencional,0.0,0.0,0.0,0.0,3,2024-10-01 02:00:00
PMGD TER MIMBRE,MIMBRE,Térmica,Diésel,Región de O'Higgins,convencional,0.0,0.0,0.0,0.0,3,2024-10-01 02:00:00
PMGD TER BOLDOS,Boldos,Térmica,Diésel,Región del Bío-Bío,convencional,0.0,0.0,0.0,0.0,3,2024-10-01 02:00:00
TER UJINA,TER UJINA-UG4 (Diésel),Térmica,Diésel,Región de Tarapacá,convencional,0.0,0.0,0.0,0.0,3,2024-10-01 02:00:00
PMGD TER LOUSIANA PACIFIC II,Louisiana Pacific II,Térmica,Diésel,Región de la Araucanía,convencional,0.0,0.0,0.0,0.0,3,2024-10-01 02:00:00
TER UJINA,TER UJINA-UG4 (HFO),Térmica,Fuel Oil,Región de Tarapacá,convencional,0.0,0.0,0.0,0.0,3,2024-10-01 02:00:00
TER UJINA,TER UJINA-UG3 (Diésel),Térmica,Diésel,Región de Tarapacá,convencional,0.0,0.0,0.0,0.0,3,2024-10-01 02:00:00
TER UJINA,TER UJINA-UG2 (HFO),Térmica,Fuel Oil,Región de Tarapacá,convencional,0.0,0.0,0.0,0.0,3,2024-10-01 02:00:00
PMGD TER MULTIEXPORT,PMGD TER MULTIEXPORT,Térmica,Diésel,Región de los Lagos,convencional,0.0,0.0,0.0,0.0,3,2024-10-01 02:00:00
TER TOCOPILLA,TER TOCOPILLA TG1,Térmica,Gas Natural,Región de Antofagasta,convencional,0.0,0.0,0.0,0.0,3,2024-10-01 02:00:00
PMGD PFV ANTONIA SOLAR,Solar Antonia,Solar,(en blanco),Región de O'Higgins,ernc,1.0,0.0,6.552625425765396,0.0,3,2024-10-01 02:00:00
PMGD TER TAMM,Tamm,Térmica,Biomasa,Región de O'Higgins,ernc,1.0,0.0,0.0,0.0,3,2024-10-01 02:00:00
TER TOCOPILLA,TER TOCOPILLA TG3 Diesel,Térmica,Gas Natural,Región de Antofagasta,convencional,0.0,0.0,0.0,0.0,3,2024-10-01 02:00:00
TER TOCOPILLA,TER TOCOPILLA TG3 GNL,Térmica,Gas Natural,Región de Antofagasta,convencional,0.0,0.0,0.0,0.0,3,2024-10-01 02:00:00
TER TRINCAO,TER TRINCAO,Térmica,Diésel,Región de los Lagos,convencional,0.0,0.0,0.0,0.0,3,2024-10-01 02:00:00
PMGD TER SEPULTURA,Sepultura,Térmica,Diésel,Región de Valparaíso,convencional,0.0,0.0,0.0,0.0,3,2024-10-01 02:00:00
PMGD TER SALMOFOOD,PMGD TER Salmofood I,Térmica,Diésel,Región de los Lagos,convencional,0.0,0.0,0.0,0.0,3,2024-10-01 02:00:00
PMGD TER REY,Rey,Térmica,Diésel,Región de los Ríos,convencional,0.0,0.0,0.0,0.0,3,2024-10-01 02:00:00
PMGD TER RASO POWER,Raso Power,Térmica,Diésel,Región del Maule,convencional,0.0,0.0,0.0,0.0,3,2024-10-01 02:00:00
TER UJINA,TER UJINA-UG1 (HFO),Térmica,Fuel Oil,Región de Tarapacá,convencional,0.0,0.0,0.0,0.0,3,2024-10-01 02:00:00
PMGD TER RAMADILLA,Ramadilla,Térmica,Diésel,Región de Coquimbo,convencional,0.0,0.0,0.0,0.0,3,2024-10-01 02:00:00
PMGD PFV MERCURIO SUR,Mercurio Sur,Solar,(en blanco),Región del Maule,ernc,1.0,0.0,16.795059975666035,0.0,3,2024-10-01 02:00:00
PMGD TER PUNITAQUI,Punitaqui,Térmica,Diésel,Región de Coquimbo,convencional,0.0,0.0,0.0,0.0,3,2024-10-01 02:00:00
PMGD TER ORAFTI,PMGD TER ORAFTI,Térmica,Diésel,Región de Ñuble,convencional,0.0,0.0,0.0,0.0,3,2024-10-01 02:00:00
PMGD PFV PRETTY FIELD,PMGD PFV PRETTY FIELD,Solar,(en blanco),Región de Coquimbo,ernc,1.0,0.0,17.57558590233209,0.0,3,2024-10-01 02:00:00
PMGD TER MULTIEXPORT II,Multiexport II,Térmica,Diésel,Región de los Lagos,convencional,0.0,0.0,0.0,0.0,3,2024-10-01 02:00:00
TER TALTAL,Taltal 2 GNL,Térmica,Gas Natural,Región de Antofagasta,convencional,0.0,0.0,227.1273691369878,0.0,3,2024-10-01 02:00:00
TER CALLE CALLE,Calle Calle,Térmica,Diésel,Región de los Ríos,convencional,0.0,0.0,0.0,0.0,3,2024-10-01 02:00:00
TER ARAUCO,TER ARAUCO,Térmica,Biomasa,Región del Bío-Bío,ernc,0.625,0.0,102.79764715918118,0.3201795512063264,3,2024-10-01 02:00:00
PMGD HP LOS PADRES,LOS PADRES,Hidráulica,Pasada,Región del Bío-Bío,ernc,1.0,0.0,44.39813437703634,1.9617663846754145,3,2024-10-01 02:00:00
TER ATACAMA,Atacama TG2A + 0.5TV2C Gas Arg,Térmica,Gas Natural,Región de Antofagasta,convencional,0.0,0.0,0.0,0.0,3,2024-10-01 02:00:00
TER ATACAMA,Atacama TG2A Gas Arg,Térmica,Gas Natural,Región de Antofagasta,convencional,0.0,0.0,0.0,0.0,3,2024-10-01 02:00:00
TER SAN ISIDRO,San Isidro Gas Arg,Térmica,Gas Natural,Región de Valparaíso,convencional,0.0,0.0,2764.990559330033,339.6504701640611,3,2024-10-01 02:00:00
TER SAN ISIDRO II,San Isidro II Diésel,Térmica,Diésel,Región de Valparaíso,convencional,0.0,0.0,0.0,0.0,3,2024-10-01 02:00:00
TER ATACAMA,Atacama TG2B Gas Arg,Térmica,Gas Natural,Región de Antofagasta,convencional,0.0,0.0,0.0,0.0,3,2024-10-01 02:00:00
HP MC1,HP MC1,Hidráulica,Pasada,Región de los Lagos,ernc,1.0,0.0,168.2224276857054,9.054403970707662,3,2024-10-01 02:00:00
HP MC2,HP MC2,Hidráulica,Pasada,Región de los Lagos,ernc,1.0,0.0,49.133267113742825,2.363593529153089,3,2024-10-01 02:00:00
PMGD PFV HOMERO SOLAR,Homero,Solar,(en blanco),Región de O'Higgins,ernc,1.0,0.0,13.791236300817006,0.0,3,2024-10-01 02:00:00
TER ATACAMA,Atacama TG1B Gas Arg,Térmica,Gas Natural,Región de Antofagasta,convencional,0.0,0.0,0.0,0.0,3,2024-10-01 02:00:00
TER ATACAMA,Atacama TG1A + TG1B + TV1C Gas Arg,Térmica,Gas Natural,Región de Antofagasta,convencional,0.0,0.0,0.0,0.0,3,2024-10-01 02:00:00
TER ATACAMA,Atacama TG1A + TG1B + TV1C Diésel,Térmica,Gas Natural,Región de Antofagasta,convencional,0.0,0.0,0.0,0.0,3,2024-10-01 02:00:00
TER ATACAMA,Atacama TG1A + 0.5TV1C GNL,Térmica,Gas Natural,Región de Antofagasta,convencional,0.0,0.0,882.995168561197,4.602581048590942,3,2024-10-01 02:00:00
PMGD PFV VENTURADA,Venturada,Solar,(en blanco),Región de Ñuble,ernc,1.0,0.0,62.87430176023224,0.0,3,2024-10-01 02:00:00
TER SAN ISIDRO II,San Isidro II GNL,Térmica,Gas Natural,Región de Valparaíso,convencional,0.0,0.0,0.0,0.0,3,2024-10-01 02:00:00
TER SAN ISIDRO II,San Isidro II Gas Arg,Térmica,Gas Natural,Región de Valparaíso,convencional,0.0,0.0,6459.112159427898,365.40491281422004,3,2024-10-01 02:00:00
TER ATACAMA,Atacama TG1B GNL,Térmica,Gas Natural,Región de Antofagasta,convencional,0.0,0.0,0.0,0.0,3,2024-10-01 02:00:00
PE CABO LEONES III,PE CABO LEONES III,Eólica,(en blanco),Región de Atacama,ernc,1.0,0.0,2609.763510660816,95.16336598510533,3,2024-10-01 02:00:00
TER ATACAMA,Atacama TG2A + 0.5TV2C Diésel,Térmica,Gas Natural,Región de Antofagasta,convencional,0.0,0.0,0.0,0.0,3,2024-10-01 02:00:00
TER SAN ISIDRO,San Isidro GNL,Térmica,Gas Natural,Región de Valparaíso,convencional,0.0,0.0,0.0,0.0,3,2024-10-01 02:00:00
TER SAN GREGORIO,San Gregorio,Térmica,Diésel,Región de Ñuble,convencional,0.0,0.0,0.0,0.0,3,2024-10-01 02:00:00
TER QUINTAY,Quintay,Térmica,Diésel,Región de Valparaíso,convencional,0.0,0.0,0.0,0.0,3,2024-10-01 02:00:00
PMGD PFV LAS TORCAZAS,Las Torcazas,Solar,(en blanco),Región de O'Higgins,ernc,1.0,0.0,17.84005479155373,0.0,3,2024-10-01 02:00:00
TER QUINTERO,Quintero TG 1A Diésel,Térmica,Diésel,Región de Valparaíso,convencional,0.0,0.0,0.0,0.0,3,2024-10-01 02:00:00
TER QUINTERO,Quintero TG 1A GNL,Térmica,Gas Natural,Región de Valparaíso,convencional,0.0,0.0,0.0,0.0,3,2024-10-01 02:00:00
TER QUINTERO,Quintero TG 1B Diésel,Térmica,Diésel,Región de Valparaíso,convencional,0.0,0.0,0.0,0.0,3,2024-10-01 02:00:00
TER QUINTERO,Quintero TG 1B GNL,Térmica,Gas Natural,Región de Valparaíso,convencional,0.0,0.0,0.0,0.0,3,2024-10-01 02:00:00
PE NEGRETE,NEGRETE,Eólica,(en blanco),Región del Bío-Bío,ernc,1.0,0.0,189.3761989275669,5.9533385302426325,3,2024-10-01 02:00:00
TER SAN ISIDRO,San Isidro Diésel,Térmica,Diésel,Región de Valparaíso,convencional,0.0,0.0,0.0,0.0,3,2024-10-01 02:00:00
TER ATACAMA,Atacama TG1A Gas Arg,Térmica,Gas Natural,Región de Antofagasta,convencional,0.0,0.0,0.0,0.0,3,2024-10-01 02:00:00
TER ATACAMA,Atacama TG1A + 0.5TV1C Gas Arg,Térmica,Gas Natural,Región de Antofagasta,convencional,0.0,0.0,0.0,0.0,3,2024-10-01 02:00:00
TER QUINTERO,Quintero TG 1A Gas Arg,Térmica,Gas Natural,Región de Valparaíso,convencional,0.0,0.0,66.03703243630483,0.0,3,2024-10-01 02:00:00
TER ATACAMA,Atacama TG2B + 0.5TV2C Gas Arg,Térmica,Gas Natural,Región de Antofagasta,convencional,0.0,0.0,0.0,0.0,3,2024-10-01 02:00:00
PMGD HP LA BIFURCADA,PMGD LA BIFURCADA,Hidráulica,Pasada,Región del Bío-Bío,ernc,1.0,0.0,2.485090466954067,0.10287346077415745,3,2024-10-01 02:00:00
TER QUINTERO,Quintero TG 1B Gas Arg,Térmica,Gas Natural,Región de Valparaíso,convencional,0.0,0.0,105.05891523957585,0.0,3,2024-10-01 02:00:00
PMGD HP LA ARENA,PMGD HP LA ARENA,Hidráulica,Pasada,Región de los Lagos,ernc,1.0,0.0,126.7005150628473,6.148661931459342,3,2024-10-01 02:00:00
TER ATACAMA,Atacama TG1B + 0.5TV1C Gas Arg,Térmica,Gas Natural,Región de Antofagasta,convencional,0.0,0.0,0.0,0.0,3,2024-10-01 02:00:00
PMGD PFV BERRUECO,PMGD PFV BERRUECO,Solar,(en blanco),Región de Ñuble,ernc,1.0,0.0,62.740161259938056,0.0,3,2024-10-01 02:00:00
TER PAJONALES,Pajonales,Térmica,Fuel Oil,Región de Atacama,convencional,0.0,0.0,0.0,0.0,3,2024-10-01 02:00:00
TER ATACAMA,Atacama TG1B + 0.5TV1C GNL,Térmica,Gas Natural,Región de Antofagasta,convencional,0.0,0.0,0.0,0.0,3,2024-10-01 02:00:00
PMGD TER ETERSOL,ETERSOL,Térmica,Diésel,Región Metropolitana,convencional,0.0,0.0,0.0,0.0,3,2024-10-01 02:00:00
PMGD HP LOS MORROS,LOS MORROS,Hidráulica,Pasada,Región Metropolitana,ernc,1.0,0.0,0.0,0.0,3,2024-10-01 02:00:00
CSP CERRO DOMINADOR,CSP CERRO DOMINADOR,Solar,(en blanco),Región de Antofagasta,ernc,1.0,0.0,0.0,0.0,3,2024-10-01 02:00:00
TER ATACAMA,Atacama TG2B Diésel,Térmica,Gas Natural,Región de Antofagasta,convencional,0.0,0.0,0.0,0.0,3,2024-10-01 02:00:00
TER ATACAMA,Atacama TG1B Diésel,Térmica,Gas Natural,Región de Antofagasta,convencional,0.0,0.0,0.0,0.0,3,2024-10-01 02:00:00
PMGD TER BLUEGATE,BLUEGATE,Térmica,Diésel,Región de los Lagos,convencional,0.0,0.0,0.0,0.0,3,2024-10-01 02:00:00
TER TALTAL,Taltal 2 Diésel,Térmica,Diésel,Región de Antofagasta,convencional,0.0,0.0,0.0,0.0,3,2024-10-01 02:00:00
PMGD TER EL FARO,El Faro,Térmica,Diésel,Región de Coquimbo,convencional,0.0,0.0,0.0,0.0,3,2024-10-01 02:00:00
PMGD PFV LOS TILOS,PMGD PFV Los Tilos,Solar,(en blanco),Región de Valparaíso,ernc,1.0,0.0,32.8863033446383,0.0,3,2024-10-01 02:00:00
TER ATACAMA,Atacama TG2B GNL,Térmica,Gas Natural,Región de Antofagasta,convencional,0.0,0.0,29.216384047577286,0.0,3,2024-10-01 02:00:00
TER ATACAMA,Atacama TG2B + 0.5TV2C GNL,Térmica,Gas Natural,Región de Antofagasta,convencional,0.0,0.0,502.3817270646765,0.0,3,2024-10-01 02:00:00
TER ATACAMA,Atacama TG2A + 0.5TV2C GNL,Térmica,Gas Natural,Región de Antofagasta,convencional,0.0,0.0,0.0,0.0,3,2024-10-01 02:00:00
TER ATACAMA,Atacama TG1B + 0.5TV1C Diésel,Térmica,Gas Natural,Región de Antofagasta,convencional,0.0,0.0,0.0,0.0,3,2024-10-01 02:00:00
PMGD PFV LOS PERALES,Los Perales,Solar,(en blanco),Región de Valparaíso,ernc,1.0,0.0,17.815256375927145,0.0,3,2024-10-01 02:00:00
TER ARICA,TER ARICA GMAR,Térmica,Diésel,Arica y Parinacota,convencional,0.0,0.0,0.0,0.0,3,2024-10-01 02:00:00
TER ARICA,TER ARICA M1AR,Térmica,Diésel,Arica y Parinacota,convencional,0.0,0.0,0.0,0.0,3,2024-10-01 02:00:00
TER ARICA,TER ARICA M2AR,Térmica,Diésel,Arica y Parinacota,convencional,0.0,0.0,0.0,0.0,3,2024-10-01 02:00:00
PFV LA HUELLA,LA HUELLA,Solar,(en blanco),Región de Coquimbo,ernc,1.0,0.0,423.37742280451545,0.0,3,2024-10-01 02:00:00
PMGD TER PRP CHIFIN,PRP CHIFIN,Térmica,Diésel,Región de los Lagos,convencional,0.0,0.0,0.0,0.0,3,2024-10-01 02:00:00
TER TALTAL,Taltal 1 Diésel,Térmica,Diésel,Región de Antofagasta,convencional,0.0,0.0,0.0,0.0,3,2024-10-01 02:00:00
TER ATACAMA,Atacama TG1A Diésel,Térmica,Gas Natural,Región de Antofagasta,convencional,0.0,0.0,0.0,0.0,3,2024-10-01 02:00:00
TER SAN LORENZO DE D. DE ALMAGRO,TER SAN LORENZO U1,Térmica,Diésel,Región de Atacama,convencional,0.0,0.0,0.0,0.0,3,2024-10-01 02:00:00
TER SAN LORENZO DE D. DE ALMAGRO,TER SAN LORENZO U2,Térmica,Diésel,Región de Atacama,convencional,0.0,0.0,0.0,0.0,3,2024-10-01 02:00:00
HP MOCHO,Mocho,Hidráulica,Pasada,Región de los Ríos,ernc,1.0,0.0,252.5316154030148,14.498130303061469,3,2024-10-01 02:00:00
TER ATACAMA,Atacama TG2A Diésel,Térmica,Gas Natural,Región de Antofagasta,convencional,0.0,0.0,0.0,0.0,3,2024-10-01 02:00:00
TER SAN LORENZO DE D. DE ALMAGRO,TER SAN LORENZO U3,Térmica,Diésel,Región de Atacama,convencional,0.0,0.0,0.0,0.0,3,2024-10-01 02:00:00
PMGD PFV FOTOVOLT SOLAR [NO_MOSTRAR],FOTOVOLT SOLAR I,Solar,(en blanco),Región Metropolitana,ernc,1.0,0.0,0.0,0.0,3,2024-10-01 02:00:00
TER ATACAMA,Atacama TG2A GNL,Térmica,Gas Natural,Región de Antofagasta,convencional,0.0,0.0,71.13989403365565,0.0,3,2024-10-01 02:00:00
TER ATACAMA,Atacama TG1A GNL,Térmica,Gas Natural,Región de Antofagasta,convencional,0.0,0.0,21.512063596675056,0.0,3,2024-10-01 02:00:00
TER SANTA LIDIA,Santa Lidia,Térmica,Diésel,Región del Bío-Bío,convencional,0.0,0.0,0.0,0.0,3,2024-10-01 02:00:00
TER ATACAMA,Atacama TG2A + TG2B + TV2C Diésel,Térmica,Gas Natural,Región de Antofagasta,convencional,0.0,0.0,0.0,0.0,3,2024-10-01 02:00:00
TER ATACAMA,Atacama TG2A + TG2B + TV2C GNL,Térmica,Gas Natural,Región de Antofagasta,convencional,0.0,0.0,0.0,0.0,3,2024-10-01 02:00:00
PMGD TER ELECTRICA PINARES LIMITADA,PINARES,Térmica,Gas Natural,Región del Maule,convencional,0.0,0.0,0.0,0.0,3,2024-10-01 02:00:00
TER SANTA MARTA,Santa Marta,Térmica,BioGas,Región Metropolitana,ernc,1.0,0.0,143.88068582334296,10.005610975197701,3,2024-10-01 02:00:00
TER ATACAMA,Atacama TG1A + 0.5TV1C Diésel,Térmica,Gas Natural,Región de Antofagasta,convencional,0.0,0.0,0.0,0.0,3,2024-10-01 02:00:00
TER ATACAMA,Atacama TG2B + 0.5TV2C Diésel,Térmica,Gas Natural,Región de Antofagasta,convencional,0.0,0.0,0.0,0.0,3,2024-10-01 02:00:00
TER ATACAMA,Atacama TG1A + TG1B + TV1C GNL,Térmica,Gas Natural,Región de Antofagasta,convencional,0.0,0.0,0.0,0.0,3,2024-10-01 02:00:00
PMGD TER PRP TAMBORES,PRP TAMBORES,Térmica,Diésel,Región de los Ríos,convencional,0.0,0.0,0.0,0.0,3,2024-10-01 02:00:00
PMGD HP MALLARAUCO,PMGD HP MALLARAUCO,Hidráulica,Pasada,Región Metropolitana,ernc,1.0,0.0,83.61718948795912,3.4829249663443234,3,2024-10-01 02:00:00
TER TALTAL,Taltal 1 GNL,Térmica,Gas Natural,Región de Antofagasta,convencional,0.0,0.0,0.0,0.0,3,2024-10-01 02:00:00
PMGD PFV LAS CODORNICES,Las Codornices,Solar,(en blanco),Región de Ñuble,ernc,1.0,0.0,5.960436707378749,0.0,3,2024-10-01 02:00:00
PMGD PFV OLIVILLO,Olivillo,Solar,(en blanco),Región de Valparaíso,ernc,1.0,0.0,0.0,0.0,3,2024-10-01 02:00:00
PMGD PFV ALICAHUE,Alicahue,Solar,(en blanco),Región de Valparaíso,ernc,1.0,0.0,19.543979571274974,0.0,3,2024-10-01 02:00:00
PMGD HP CONTRA,Contra,Hidráulica,Pasada,Región de los Ríos,ernc,1.0,0.0,0.0,0.0,3,2024-10-01 02:00:00
PFV ANDES SOLAR II-B,Solar Andes IIB,Solar,(en blanco),Región de Antofagasta,ernc,1.0,0.0,242.02572387905715,0.0,3,2024-10-01 02:00:00
PMGD HP COLLIL,COLLIL,Hidráulica,Pasada,Región de los Lagos,ernc,1.0,0.0,65.91110604564257,3.2132595825175483,3,2024-10-01 02:00:00
PMGD PFV LAS CACHAÑAS,PMGD PFV Las Cachañas,Solar,(en blanco),Región de O'Higgins,ernc,1.0,0.0,23.951844323503202,0.0,3,2024-10-01 02:00:00
PMGD PFV ALTO SOLAR,Alto Solar,Solar,(en blanco),Región Metropolitana,ernc,1.0,0.0,20.103545920896163,0.0,3,2024-10-01 02:00:00
PMGD PFV BULNES LOS BARONES,PMGD PFV Bulnes Barones,Solar,(en blanco),Región de Ñuble,ernc,1.0,0.0,18.774885237250196,0.0,3,2024-10-01 02:00:00
PMGD HP CAVANCHA,CAVANCHA,Hidráulica,Pasada,Región de Tarapacá,ernc,1.0,0.0,40.48328698999911,1.687747637957321,3,2024-10-01 02:00:00
PMGD PFV EL SAUCE,EL SAUCE SOLAR,Solar,(en blanco),Región de O'Higgins,ernc,1.0,0.0,21.274918319867094,0.0,3,2024-10-01 02:00:00
PFV LOMA LOS COLORADOS [EN_REVISION],Solar Loma Los Colorados,Solar,(en blanco),Región Metropolitana,ernc,1.0,0.0,5.403029926606759,0.0,3,2024-10-01 02:00:00
PMGD PFV SOFIA,PMGD PFV Sofia,Solar,(en blanco),Región de Coquimbo,ernc,1.0,0.0,19.877641534987216,0.0,3,2024-10-01 02:00:00
PFV DOÑA ANTONIA,PFV Doña Antonia,Solar,(en blanco),Región de Coquimbo,ernc,1.0,0.0,85.73808044646908,0.0,3,2024-10-01 02:00:00
PFV GUANCHOI,PFV GUANCHOI,Solar,(en blanco),Región de Atacama,ernc,1.0,0.0,1572.041573979162,0.0,3,2024-10-01 02:00:00
PMGD PFV EL ROBLE,EL ROBLE,Solar,(en blanco),Región Metropolitana,ernc,1.0,0.0,67.74933372652963,0.0,3,2024-10-01 02:00:00
PMGD PFV EL QUEULE,El Queule,Solar,(en blanco),Región de O'Higgins,ernc,1.0,0.0,25.604210761089583,0.0,3,2024-10-01 02:00:00
PE SAN GABRIEL,San Gabriel,Eólica,(en blanco),Región de la Araucanía,ernc,1.0,0.0,666.8239434420508,11.3163460129486,3,2024-10-01 02:00:00
PMGD TER DON PEDRO,Don Pedro,Térmica,Diésel,Región del Bío-Bío,convencional,0.0,0.0,0.0,0.0,3,2024-10-01 02:00:00
PE SAN JUAN,Parque Eólico San Juan,Eólica,(en blanco),Región de Atacama,ernc,1.0,0.0,3178.082214052045,144.68113470135876,3,2024-10-01 02:00:00
PMGD PFV EL QUEMADO,EL QUEMADO,Solar,(en blanco),Región de Valparaíso,ernc,1.0,0.0,19.325227462540514,0.0,3,2024-10-01 02:00:00
PMGD PFV ENCINO,PMGD PFV ENCINO,Solar,(en blanco),Región de O'Higgins,ernc,1.0,0.0,10.50628868137666,0.0,3,2024-10-01 02:00:00
PE MALLECO NORTE,MALLECO NORTE,Eólica,(en blanco),Región de la Araucanía,ernc,1.0,0.0,510.3361877899587,23.032916464905107,3,2024-10-01 02:00:00
PMGD PFV  LAS MOLLACAS,Las Mollacas,Solar,(en blanco),Región de Coquimbo,ernc,1.0,0.0,0.16710354430447627,0.0,3,2024-10-01 02:00:00
PMGD PFV PIDUCO,PMGD PFV Piduco,Solar,(en blanco),Región del Maule,ernc,1.0,0.0,19.811295648050603,0.0,3,2024-10-01 02:00:00
PMGD PFV NAHUEN,Nahuen,Solar,(en blanco),Región Metropolitana,ernc,1.0,0.0,65.4229423251924,0.0,3,2024-10-01 02:00:00
PMGD HP CUMPEO,PMGD HP Cumpeo,Hidráulica,Pasada,Región del Maule,ernc,1.0,0.0,111.36565922904471,4.83255474049697,3,2024-10-01 02:00:00
TER CMPC PACIFICO,CMPC Pacífico,Térmica,Biomasa,Región de la Araucanía,ernc,1.0,0.0,504.883129808476,21.01178304791517,3,2024-10-01 02:00:00
PMGD PFV MARAÑON,PMGD PFV Marañon,Solar,(en blanco),Región de Atacama,ernc,1.0,0.0,92.41763682033535,0.0,3,2024-10-01 02:00:00
PFV LLANO DE LLAMPOS,PFV LLANO DE LLAMPOS,Solar,(en blanco),Región de Atacama,ernc,1.0,0.0,515.3990269434088,0.0,3,2024-10-01 02:00:00
PFV LALACKAMA II,PFV Lalackama II,Solar,(en blanco),Región de Antofagasta,ernc,1.0,0.0,77.64354116753417,0.0,3,2024-10-01 02:00:00
PFV LALACKAMA,PFV Lalackama I,Solar,(en blanco),Región de Antofagasta,ernc,1.0,0.0,263.3176640342779,0.0,3,2024-10-01 02:00:00
PMGD PFV SDSI,PMGD PFV SDSI,Solar,(en blanco),Región del Bío-Bío,ernc,1.0,0.0,20.766606998887745,0.0,3,2024-10-01 02:00:00
PMGD PFV HUAQUELON,PMGD PFV Huaquelon,Solar,(en blanco),Región de Coquimbo,ernc,1.0,0.0,47.11787143167631,0.0,3,2024-10-01 02:00:00
PMGD PFV PARQUE SOLAR MECO CHILLAN,MECO CHILLAN,Solar,(en blanco),Región de Ñuble,ernc,1.0,0.0,40.952007510035635,0.0,3,2024-10-01 02:00:00
TER SAN JAVIER I,TER SAN JAVIER 1,Térmica,Diésel,Región del Maule,convencional,0.0,0.0,0.0,0.0,3,2024-10-01 02:00:00
BESS Don Humberto,BESS Don Humberto (retiro),Bess,(en blanco),Región Metropolitana,ernc,1.0,0.0,1.8410324194363767,0.07003927682638392,3,2024-10-01 02:00:00
PE SAN PEDRO,PE SAN PEDRO,Eólica,(en blanco),Región de los Lagos,ernc,1.0,0.0,185.24388159481023,3.441930175468009,3,2024-10-01 02:00:00
PFV LA SILLA,PFV La Silla,Solar,(en blanco),Región de Coquimbo,ernc,1.0,0.0,14.318029305507912,0.0,3,2024-10-01 02:00:00
PMGD PFV LA COLONIA,PMGD PFV Parque La Colonia,Solar,(en blanco),Región Metropolitana,ernc,1.0,0.0,55.98911169131316,0.0,3,2024-10-01 02:00:00
PMGD PFV LITORAL SUNLIGHT,PMGD PFV Litoral Sunlight,Solar,(en blanco),Región de Valparaíso,ernc,1.0,0.0,68.2326598330288,0.0,3,2024-10-01 02:00:00
PE TCHAMMA,PE TCHAMMA,Eólica,(en blanco),Región de Antofagasta,ernc,1.0,0.0,961.9594503774573,24.693847886787925,3,2024-10-01 02:00:00
PMGD PFV SGT TUCAPEL [EN_REVISION],PMGD PFV SGT TUCAPEL [EN_REVISION],Solar,(en blanco),Región de Ñuble,ernc,1.0,0.0,0.0,0.0,3,2024-10-01 02:00:00
PMGD PFV TABOLANGO,PMGD PFV Tabolango,Solar,(en blanco),Región de Valparaíso,ernc,1.0,0.0,71.54506403024752,0.0,3,2024-10-01 02:00:00
PMGD PFV PARQUE SOLAR OVALLE NORTE,OVALLE NORTE,Solar,(en blanco),Región de Coquimbo,ernc,1.0,0.0,40.85416519424136,0.0,3,2024-10-01 02:00:00
PMGD PE UCUQUER,UCUQUER,Eólica,(en blanco),Región de O'Higgins,ernc,1.0,0.0,41.728499267308614,0.9328349617632645,3,2024-10-01 02:00:00
PMGD HP DONGO,DONGO,Hidráulica,Pasada,Región de los Lagos,ernc,1.0,0.0,62.373945708131394,3.0402395821658943,3,2024-10-01 02:00:00
PMGD HP DON WALTERIO,PMGD HP DON WALTERIO,Hidráulica,Pasada,Región de los Ríos,ernc,1.0,0.0,76.83065202483107,3.214356083616577,3,2024-10-01 02:00:00
PMGD PFV MACAO,PMGD PFV MACAO,Solar,(en blanco),Región Metropolitana,ernc,1.0,0.0,52.25137552431347,0.0,3,2024-10-01 02:00:00
PMGD HP DONGUIL,PMGD HP DONGUIL,Hidráulica,Pasada,Región de la Araucanía,ernc,1.0,0.0,4.800229812731338,0.19283375046322604,3,2024-10-01 02:00:00
PMGD PFV ICB,PMGD PFV ICB,Solar,(en blanco),Región Metropolitana,ernc,1.0,0.0,0.0,0.0,3,2024-10-01 02:00:00
PE SAN PEDRO II,PE SAN PEDRO II,Eólica,(en blanco),Región de los Lagos,ernc,1.0,0.0,364.66449760205535,5.933327308292236,3,2024-10-01 02:00:00
PMGD PFV RINCONADA NORTE (SLK 808),SLK 808,Solar,(en blanco),Región de Valparaíso,ernc,1.0,0.0,27.89675973177156,0.0,3,2024-10-01 02:00:00
PMGD PFV ALTOS DE TILTIL,Altos de Til Til,Solar,(en blanco),Región Metropolitana,ernc,1.0,0.0,11.378649821757058,0.0,3,2024-10-01 02:00:00
PMGD PFV ALTURAS DE OVALLE,Alturas de Ovalle,Solar,(en blanco),Región de Coquimbo,ernc,1.0,0.0,30.787394351237722,0.0,3,2024-10-01 02:00:00
PMGD PFV LOCKMA,PMGD PFV Lockma,Solar,(en blanco),Región de Antofagasta,ernc,1.0,0.0,70.90576228838454,0.0,3,2024-10-01 02:00:00
PE TALINAY ORIENTE,PE Talinay Oriente,Eólica,(en blanco),Región de Coquimbo,ernc,1.0,0.0,787.0113424761255,13.797737534797628,3,2024-10-01 02:00:00
PE TALINAY PONIENTE,PE Talinay Poniente,Eólica,(en blanco),Región de Coquimbo,ernc,1.0,0.0,787.8217969651166,30.347018087774625,3,2024-10-01 02:00:00
PMGD PFV SAN EUGENIO SOLAR,PMGD PFV San Eugenio,Solar,(en blanco),Región del Bío-Bío,ernc,1.0,0.0,64.26203200347514,0.0,3,2024-10-01 02:00:00
PMGD PFV SOLARPARK VILLA ALEMANA,PMGD PFV SolarPark Villa Alemana,Solar,(en blanco),Región de Valparaíso,ernc,1.0,0.0,18.14160219286964,0.0,3,2024-10-01 02:00:00
PFV CAPRICORNIO,PFV Capricornio,Solar,(en blanco),Región de Antofagasta,ernc,1.0,0.0,439.0862320355758,0.0,3,2024-10-01 02:00:00
PMGD PFV LINARES SOLAR,Linares Solar,Solar,(en blanco),Región del Maule,ernc,1.0,0.0,54.687904733246086,0.0,3,2024-10-01 02:00:00
PMGD PFV REN,PMGD PFV REN,Solar,(en blanco),Región de la Araucanía,ernc,1.0,0.0,38.07010946899295,0.0,3,2024-10-01 02:00:00
PMGD PFV SANTA FRANCISCA,PMGD PFV Santa Francisca,Solar,(en blanco),Región de Coquimbo,ernc,1.0,0.0,38.777488848228515,0.0,3,2024-10-01 02:00:00
PMGD PFV PARQUE SOLAR MEMBRILLO,Membrillo,Solar,(en blanco),Región de O'Higgins,ernc,1.0,0.0,14.58000084715982,0.0,3,2024-10-01 02:00:00
PMGD PFV AXEL SOLAR,PMGD PFV Axel Solar,Solar,(en blanco),Región Metropolitana,ernc,1.0,0.0,22.641498087685772,0.0,3,2024-10-01 02:00:00
PMGD HP BUREO,Bureo,Hidráulica,Pasada,Región del Bío-Bío,ernc,1.0,0.0,35.76501850677702,1.4784867638446164,3,2024-10-01 02:00:00
PMGD HP BOQUIAMARGO,Boquiamargo,Hidráulica,Pasada,Región del Bío-Bío,ernc,1.0,0.0,0.0,0.0,3,2024-10-01 02:00:00
PMGD PFV LIQUIDAMBAR,PMGD PFV Liquidambar,Solar,(en blanco),Región de Valparaíso,ernc,1.0,0.0,68.98486349085178,0.0,3,2024-10-01 02:00:00
PMGD PFV AMPARO DEL SOL,Amparo del sol,Solar,(en blanco),Región de Coquimbo,ernc,1.0,0.0,17.56677728511048,0.0,3,2024-10-01 02:00:00
PMGD PFV VIÑAS DEL SOL,PMGD PFV Viñas del Sol,Solar,(en blanco),Región de Valparaíso,ernc,1.0,0.0,49.27006871543708,0.0,3,2024-10-01 02:00:00
PE TALTAL,PE Taltal,Eólica,(en blanco),Región de Antofagasta,ernc,1.0,0.0,257.0541515638041,36.230317341190876,3,2024-10-01 02:00:00
PMGD PFV HUAPE,Huape,Solar,(en blanco),Región de Ñuble,ernc,1.0,0.0,18.095848285062097,0.0,3,2024-10-01 02:00:00
PMGD PFV LLAY LLAY,LLAY LLAY,Solar,(en blanco),Región de Valparaíso,ernc,1.0,0.0,59.95133596339578,0.0,3,2024-10-01 02:00:00
PMGD PFV EL CARDENAL,PMGD PFV El Cardenal,Solar,(en blanco),Región de O'Higgins,ernc,1.0,0.0,20.51429039275825,0.0,3,2024-10-01 02:00:00
PMGD PFV COLCHAGUA,PMGD PFV Colchagua,Solar,(en blanco),Región de O'Higgins,ernc,1.0,0.0,10.21608483953454,0.0,3,2024-10-01 02:00:00
PMGD PFV NAZARINO DEL VERANO SOLAR,PMGD PFV Nazarino del Verano Solar,Solar,(en blanco),Región Metropolitana,ernc,1.0,0.0,17.62591891042062,0.0,3,2024-10-01 02:00:00
PE SIERRA GORDA ESTE,PE Sierra Gorda Este,Eólica,(en blanco),Región de Antofagasta,ernc,1.0,0.0,746.4686068046244,18.180195141934224,3,2024-10-01 02:00:00
PMGD PFV CARACOLES,PMGD PFV CARACOLES,Solar,(en blanco),Región del Maule,ernc,1.0,0.0,18.308798162904882,0.0,3,2024-10-01 02:00:00
PFV RIO ESCONDIDO,PFV RÍO ESCONDIDO,Solar,(en blanco),Región de Atacama,ernc,1.0,0.0,814.8269409871751,0.0,3,2024-10-01 02:00:00
PMGD PFV EL GAVIOTIN,PMGD PFV El Gaviotin,Solar,(en blanco),Región de Coquimbo,ernc,1.0,0.0,90.83114952304206,0.0,3,2024-10-01 02:00:00
PMGD PFV MALINKE,Malinke,Solar,(en blanco),Región Metropolitana,ernc,1.0,0.0,11.667426432732565,0.0,3,2024-10-01 02:00:00
PFV PUERTO SECO SOLAR,PFV PUERTO SECO SOLAR,Solar,(en blanco),Región de Antofagasta,ernc,1.0,0.0,93.72255800467686,0.0,3,2024-10-01 02:00:00
PFV LA HUAYCA II,PFV LA HUAYCA II,Solar,(en blanco),Región de Tarapacá,ernc,1.0,0.0,94.41294516196551,0.0,3,2024-10-01 02:00:00
PMGD PFV MANDINGA,PMGD PFV Mandinga,Solar,(en blanco),Región Metropolitana,ernc,1.0,0.0,36.839956721809905,0.0,3,2024-10-01 02:00:00
PMGD PFV PARQUE FOTOVOLTAICO EL SHARON,PMGD PFV El Sharon,Solar,(en blanco),Región de O'Higgins,ernc,1.0,0.0,9.482176443781064,0.0,3,2024-10-01 02:00:00
PFV  DON OSCAR,PFV Don Oscar,Solar,(en blanco),Región de Coquimbo,ernc,1.0,0.0,83.8958713694833,0.0,3,2024-10-01 02:00:00
PMGD PFV CAIMI,Caimi,Solar,(en blanco),Región de Valparaíso,ernc,1.0,0.0,0.1310717596970408,0.0,3,2024-10-01 02:00:00
PMGD PFV EL PILPEN,El Pilpen,Solar,(en blanco),Región Metropolitana,ernc,1.0,0.0,20.364972833529457,0.0,3,2024-10-01 02:00:00
PFV SALVADOR,EL SALVADOR (SOLAR),Solar,(en blanco),Región de Atacama,ernc,1.0,0.0,102.68758543845402,0.0,3,2024-10-01 02:00:00
PMGD PFV RINCONADA ALCONES,PMGD PFV Rinconada Alcones,Solar,(en blanco),Región de O'Higgins,ernc,1.0,0.0,74.01843072721226,0.0,3,2024-10-01 02:00:00
BESS Tamaya,BESS Tamaya (retiro),Bess,(en blanco),Región de Antofagasta,ernc,1.0,0.0,438.50590659901445,0.0,3,2024-10-01 02:00:00
PE KALLPA [EN_REVISION],PE KALLPA,Eólica,(en blanco),Región de Antofagasta,ernc,1.0,0.0,567.8584452863704,39.50215213008052,3,2024-10-01 02:00:00
PMGD PFV PAMA,PAMA,Solar,(en blanco),Región de Coquimbo,ernc,1.0,0.0,8.39300275233692,0.0,3,2024-10-01 02:00:00
PE SARCO,Parque Eólico Sarco,Eólica,(en blanco),Región de Atacama,ernc,1.0,0.0,2517.661861634122,99.98607047515063,3,2024-10-01 02:00:00
PMGD PFV AROMO DEL VERANO SOLAR,PMGD PFV Aromo del Verano,Solar,(en blanco),Región de O'Higgins,ernc,1.0,0.0,11.395781536729281,0.0,3,2024-10-01 02:00:00
PMGD PFV UTFSM VITACURA [EN_REVISION],UTSFM Vitacura,Solar,(en blanco),Región Metropolitana,ernc,1.0,0.0,0.0,0.0,3,2024-10-01 02:00:00
PMGD PFV REXNER,PMGD PFV Rexner,Solar,(en blanco),Región de Valparaíso,ernc,1.0,0.0,22.728938585518733,0.0,3,2024-10-01 02:00:00
PMGD PFV TAMARAMA [En_Revision],PMGD PFV TAMARAMA,Solar,(en blanco),Región de Atacama,ernc,1.0,0.0,15.585676704949513,0.0,3,2024-10-01 02:00:00
BESS Tamaya,BESS Tamaya (inyección),Bess,(en blanco),Región de Antofagasta,ernc,1.0,0.0,337.8394545775504,0.0,3,2024-10-01 02:00:00
PMGD HP CALIBORO,Caliboro,Hidráulica,Pasada,Región del Bío-Bío,ernc,1.0,0.0,18.299037665685276,0.6906709468329553,3,2024-10-01 02:00:00
PE TOTORAL,Eólica Totoral,Eólica,(en blanco),Región de Coquimbo,ernc,1.0,0.0,426.2390275434221,7.504208231398276,3,2024-10-01 02:00:00
PMGD PFV MARIA DOLORES,PMGD PFV MARIA DOLORES,Solar,(en blanco),Región del Bío-Bío,ernc,1.0,0.0,52.40026816755667,0.0,3,2024-10-01 02:00:00
PMGD PFV POMUYETO,PMGD PFV Pomuyeto,Solar,(en blanco),Región de Ñuble,ernc,1.0,0.0,20.109519602034197,0.0,3,2024-10-01 02:00:00
PE LA FLOR,Eólica La Flor,Eólica,(en blanco),Región de la Araucanía,ernc,1.0,0.0,204.1644919489091,12.547036162897916,3,2024-10-01 02:00:00
PMGD PFV LA ACACIA,LA ACACIA,Solar,(en blanco),Región de O'Higgins,ernc,1.0,0.0,34.020715495635436,0.0,3,2024-10-01 02:00:00
PMGD PFV ALTO BELLAVISTA SUNLIGHT,PMGD PFV Alto Bellavista Sunlight,Solar,(en blanco),Región de O'Higgins,ernc,1.0,0.0,4.6734828633138,0.0,3,2024-10-01 02:00:00
PE RENAICO II,PE Renaico II,Eólica,(en blanco),Región de la Araucanía,ernc,1.0,0.0,392.6501914996835,7.3241072338447175,3,2024-10-01 02:00:00
PMGD PFV JAURURO SOLAR,PMGD PFV JAURURO SOLAR,Solar,(en blanco),Región de Valparaíso,ernc,1.0,0.0,21.382720658871715,0.0,3,2024-10-01 02:00:00
PMGD PFV ILLAPEL 5X,PMGD PFV ILLAPEL 5X,Solar,(en blanco),Región de Coquimbo,ernc,1.0,0.0,19.551956375830287,0.0,3,2024-10-01 02:00:00
PMGD TER RIO AZUL,Río Azul,Térmica,Diésel,Región de los Lagos,convencional,0.0,0.0,0.0,0.0,3,2024-10-01 02:00:00
PE LEBU,LEBU (EOLICA),Eólica,(en blanco),Región del Bío-Bío,ernc,1.0,0.0,0.0,0.0,3,2024-10-01 02:00:00
PMGD PFV LOS CISNES,PMGD PFV Los Cisnes,Solar,(en blanco),Región Metropolitana,ernc,1.0,0.0,44.876598192145806,0.0,3,2024-10-01 02:00:00
PE LOS BUENOS AIRES,PE Los Buenos Aires,Eólica,(en blanco),Región del Bío-Bío,ernc,1.0,0.0,115.8249526488886,1.971105362113947,3,2024-10-01 02:00:00
PMGD PFV POBLACION,Población,Solar,(en blanco),Región de O'Higgins,ernc,1.0,0.0,9.813038106432462,0.0,3,2024-10-01 02:00:00
BESS Punta Sierra,BESS Punta Sierra (Inyección),Bess,(en blanco),Región de Coquimbo,ernc,1.0,0.0,0.0,0.0,3,2024-10-01 02:00:00
PE LOS CURUROS,LOS CURUROS,Eólica,(en blanco),Región de Coquimbo,ernc,1.0,0.0,1046.4068070081257,4.692631547367722,3,2024-10-01 02:00:00
PMGD PVF DOÑA RUBENA [EN_REVISION],PMGD PFV Dona Rubena,Solar,(en blanco),Región Metropolitana,ernc,1.0,0.0,0.0,0.0,3,2024-10-01 02:00:00
PE MONTE REDONDO,MONTE REDONDO,Eólica,(en blanco),Región de Coquimbo,ernc,1.0,0.0,390.41894025221427,5.242940151003595,3,2024-10-01 02:00:00
PMGD PFV VIOLETA,PMGD PFV Violeta,Solar,(en blanco),Región Metropolitana,ernc,1.0,0.0,37.55708109597165,0.0,3,2024-10-01 02:00:00
PMGD PFV LLUTA SOLAR,PMGD PFV Lluta Solar,Solar,(en blanco),Región Metropolitana,ernc,1.0,0.0,0.03791408977192009,0.0031255943797739143,3,2024-10-01 02:00:00
PMGD PFV PICUNCHE,PMGD PFV Picunche,Solar,(en blanco),Región de O'Higgins,ernc,1.0,0.0,21.994983863486276,0.0,3,2024-10-01 02:00:00
PMGD PFV INDEPENDENCIA,PMGD PFV Independencia,Solar,(en blanco),Región Metropolitana,ernc,1.0,0.0,19.210330058845184,0.0,3,2024-10-01 02:00:00
TER ARAUCO MAPA [EN_REVISION],TER ARAUCO MAPA,Térmica,Cogeneracion,Región del Bío-Bío,ernc,1.0,0.0,1001.7817820587443,43.12418330310209,3,2024-10-01 02:00:00
TER CHOLGUAN,CHOLGUAN,Térmica,Biomasa,Región de Ñuble,ernc,1.0,0.0,170.73574568077356,7.103983792390367,3,2024-10-01 02:00:00
PE LA ESPERANZA,Parque Eólico La Esperanza,Eólica,(en blanco),Región del Bío-Bío,ernc,1.0,0.0,51.06863841740906,2.571442020625809,3,2024-10-01 02:00:00
PFV QUILMO,PFV QUILMO,Solar,(en blanco),Región Metropolitana,ernc,1.0,0.0,63.55564091445579,0.0,3,2024-10-01 02:00:00
PMGD PFV PARQUE SOLAR EL PALQUI,PMGD PFV El Palqui,Solar,(en blanco),Región de Coquimbo,ernc,1.0,0.0,22.546763648435427,0.0,3,2024-10-01 02:00:00
PMGD PFV EL FLAMENCO,PFV PMGD El Flamenco,Solar,(en blanco),Región del Maule,ernc,1.0,0.0,51.74198504906291,0.0,3,2024-10-01 02:00:00
PMGD PFV CALLE LARGA,CALLE LARGA,Solar,(en blanco),Región de Valparaíso,ernc,1.0,0.0,21.92704236665897,0.0,3,2024-10-01 02:00:00
PE CANELA,PE Canela I,Eólica,(en blanco),Región de Coquimbo,ernc,1.0,0.0,159.36937161294898,0.8204600999662114,3,2024-10-01 02:00:00
PFV ANDES SOLAR IV,PFV Andes Solar IV,Solar,(en blanco),Región de Antofagasta,ernc,1.0,0.0,91.77146386451332,0.0,3,2024-10-01 02:00:00
PMGD PFV ENAMI SOLAR,PMGD PFV Enami Solar,Solar,(en blanco),Región Metropolitana,ernc,1.0,0.0,45.770260210393545,0.0,3,2024-10-01 02:00:00
PE CANELA II,PE Canela II,Eólica,(en blanco),Región de Coquimbo,ernc,1.0,0.0,493.696856738205,2.9116327937825313,3,2024-10-01 02:00:00
BESS Andes Solar IIA,BESS Andes Solar IIA (retiro),Bess,(en blanco),Región de Antofagasta,ernc,0.95,0.0,259.66229265503995,0.0,3,2024-10-01 02:00:00
PE CUEL,CUEL,Eólica,(en blanco),Región del Bío-Bío,ernc,1.0,0.0,89.53020700606902,0.5202917707102804,3,2024-10-01 02:00:00
PMGD PE EL NOGAL,El Nogal Eólico,Eólica,(en blanco),Región del Bío-Bío,ernc,1.0,0.0,45.93673998709984,1.1872309033484587,3,2024-10-01 02:00:00
PMGD PFV FV CHICAUMA DEL VERANO,PMGD PFV FV CHICAUMA DEL VERANO,Solar,(en blanco),Región Metropolitana,ernc,1.0,0.0,56.11548456525558,0.0,3,2024-10-01 02:00:00
PMGD PFV LOS NOGALES,PMGD PFV Los Nogales,Solar,(en blanco),Región de Coquimbo,ernc,1.0,0.0,38.02064961695538,0.0,3,2024-10-01 02:00:00
PE PUNTA COLORADA,PE PUNTA COLORADA,Eólica,(en blanco),Región de Coquimbo,ernc,1.0,0.0,0.0,0.0,3,2024-10-01 02:00:00
PMGD PE HUAJACHE,Eólica Huajache,Eólica,(en blanco),Región del Bío-Bío,ernc,1.0,0.0,73.66606626776083,0.8819379757055577,3,2024-10-01 02:00:00
PMGD TER AGGREKO 01,PMGD TER AGGREKO,Térmica,Diésel,Región Metropolitana,convencional,0.0,0.0,0.0,0.0,3,2024-10-01 02:00:00
PMGD PFV TUCUQUERE,Tucúquere,Solar,(en blanco),Región de Valparaíso,ernc,1.0,0.0,24.60980485289452,0.0,3,2024-10-01 02:00:00
PMGD PE LEBU III,Eólica Lebu III,Eólica,(en blanco),Región del Bío-Bío,ernc,1.0,0.0,0.0,0.0,3,2024-10-01 02:00:00
PMGD PFV MELI,PMGD PFV Meli,Solar,(en blanco),Región de O'Higgins,ernc,1.0,0.0,0.0,0.0,3,2024-10-01 02:00:00
PMGD PFV OLIVIER,PMGD PFV Olivier,Solar,(en blanco),Región de Coquimbo,ernc,1.0,0.0,23.028658277086336,0.0,3,2024-10-01 02:00:00
PMGD PFV JOSE SOLER MALLAFRE,José Soler Mallafré,Solar,(en blanco),Región del Maule,ernc,1.0,0.0,8.576774503586256,0.0,3,2024-10-01 02:00:00
PMGD PFV AVELLANO SOLAR,PMGD PFV Avellano,Solar,(en blanco),Región del Bío-Bío,ernc,1.0,0.0,36.99785663417528,0.0,3,2024-10-01 02:00:00
PFV LOS LOROS,Parque Solar Los Loros,Solar,(en blanco),Región de Atacama,ernc,1.0,0.0,218.61259419709458,0.0,3,2024-10-01 02:00:00
PMGD PFV CATAN SOLAR,Catán Solar,Solar,(en blanco),Región de Valparaíso,ernc,1.0,0.0,0.0,0.0,3,2024-10-01 02:00:00
PMGD PFV RIMINI,PMGD PFV Rimini,Solar,(en blanco),Región de Valparaíso,ernc,1.0,0.0,71.22748493012959,0.0,3,2024-10-01 02:00:00
PMGD PE LAS PEÑAS,Eólica Las Peñas,Eólica,(en blanco),Región del Bío-Bío,ernc,1.0,0.0,138.88856072552366,4.699325731051233,3,2024-10-01 02:00:00
PFV SOL DEL DESIERTO,Sol del Desierto,Solar,(en blanco),Región de Antofagasta,ernc,1.0,0.0,1182.1629367196083,0.0,3,2024-10-01 02:00:00
PMGD PFV ROSARIO,PMGD PFV Rosario,Solar,(en blanco),Región de O'Higgins,ernc,1.0,0.0,0.0,0.0,3,2024-10-01 02:00:00
PMGD PFV LAS TORTOLAS DEL VERANO,PMGD PFV Las Tórtolas del Verano,Solar,(en blanco),Región de Valparaíso,ernc,1.0,0.0,22.124775864216417,0.0,3,2024-10-01 02:00:00
PMGD PFV ENCON SOLAR,Encon Solar I,Solar,(en blanco),Región de Valparaíso,ernc,1.0,0.0,68.94963430232646,0.0,3,2024-10-01 02:00:00
PFV TAMAYA SOLAR,TAMAYA SOLAR,Solar,(en blanco),Región de Antofagasta,ernc,1.0,0.0,304.6308317508692,0.0,3,2024-10-01 02:00:00
PMGD PFV RENGO SOLAR,PMGD PFV Rengo,Solar,(en blanco),Región de O'Higgins,ernc,1.0,0.0,30.92853187994556,0.0,3,2024-10-01 02:00:00
PMGD PFV ARIZTIA,Ariztia,Solar,(en blanco),Región de Valparaíso,ernc,1.0,0.0,13.324214425751473,0.0,3,2024-10-01 02:00:00
PMGD PFV LAS PALMAS DEL VERANO SOLAR,PMGD PFV Palmas Verano Solar,Solar,(en blanco),Región de Valparaíso,ernc,1.0,0.0,20.252436334088785,0.0,3,2024-10-01 02:00:00
BESS Andes Solar IIB,BESS Andes Solar IIB (retiro),Bess,(en blanco),Región de Antofagasta,ernc,1.0,0.0,0.0,0.0,3,2024-10-01 02:00:00
PMGD TER EL JARDIN,PMGD TER El Jardin,Térmica,Diésel,Región de los Lagos,convencional,0.0,0.0,0.0,0.0,3,2024-10-01 02:00:00
PMGD TER CHUFKEN,Chufkén (Traiguén),Térmica,Diésel,Región de la Araucanía,convencional,0.0,0.0,0.0,0.0,3,2024-10-01 02:00:00
PMGD PFV COINCO,PMGD PFV Coinco,Solar,(en blanco),Región de O'Higgins,ernc,1.0,0.0,11.800105694088996,0.0,3,2024-10-01 02:00:00
PMGD PFV OLIVIA,PMGD PFV Olivia,Solar,(en blanco),Región de Coquimbo,ernc,1.0,0.0,24.542477737001516,0.0,3,2024-10-01 02:00:00
BESS La Cabaña,BESS La Cabaña (Inyección),Bess,(en blanco),Región de la Araucanía,ernc,1.0,0.0,112.99336474290764,0.0,3,2024-10-01 02:00:00
BESS Don Humberto,BESS Don Humberto (inyección),Bess,(en blanco),Región Metropolitana,ernc,1.0,0.0,0.060033665851186205,0.0,3,2024-10-01 02:00:00
PE PUNTA PALMERAS,PUNTA PALMERAS,Eólica,(en blanco),Región de Coquimbo,ernc,1.0,0.0,470.97411421353104,4.082289277880662,3,2024-10-01 02:00:00
TER CHILOE,Chiloé,Térmica,Diésel,Región de los Lagos,convencional,0.0,0.0,0.0,0.0,3,2024-10-01 02:00:00
PE PUNTA SIERRA,PARQUE EÓLICO PUNTA SIERRA,Eólica,(en blanco),Región de Coquimbo,ernc,1.0,0.0,1000.9313051258524,15.978960727390728,3,2024-10-01 02:00:00
PFV WILLKA,PFV WILLKA,Solar,(en blanco),Arica y Parinacota,ernc,1.0,0.0,468.18254875145084,0.0,3,2024-10-01 02:00:00
PMGD PFV SOLAR DEL BUENO,PMGD PFV Solar Del Bueno,Solar,(en blanco),Región de los Ríos,ernc,1.0,0.0,11.80195462173594,0.0,3,2024-10-01 02:00:00
PMGD PFV TALLADO,PMGD PFV Tallado,Solar,(en blanco),Región de Antofagasta,ernc,1.0,0.0,79.84919762428314,0.0,3,2024-10-01 02:00:00
PMGD HP EL BRINCO,PMGD HP El Brinco,Hidráulica,Pasada,Región del Bío-Bío,ernc,1.0,0.0,1.6449496426748718,0.05886626319177721,3,2024-10-01 02:00:00
PMGD PFV RECOLETA,PMGD PFV Recoleta,Solar,(en blanco),Región de Coquimbo,ernc,1.0,0.0,45.27746959335904,0.0,3,2024-10-01 02:00:00
PMGD PFV PARQUE SOLAR EL RECONQUISTADOR,PMGD PFV El Reconquistador,Solar,(en blanco),Región de Ñuble,ernc,1.0,0.0,16.708109244585863,0.0,3,2024-10-01 02:00:00
PMGD PFV FRANCISCO,PMGD PFV Francisco,Solar,(en blanco),Región de O'Higgins,ernc,1.0,0.0,13.24240594515727,0.0,3,2024-10-01 02:00:00
PMGD PFV GR SANTA ROSA,GR Santa Rosa,Solar,(en blanco),Región Metropolitana,ernc,1.0,0.0,52.02745834269465,0.0,3,2024-10-01 02:00:00
PMGD PFV HORMIGA SOLAR,Hormiga Solar,Solar,(en blanco),Región de Valparaíso,ernc,1.0,0.0,12.36920298770028,0.0,3,2024-10-01 02:00:00
PMGD PE RAKI,RAKI,Eólica,(en blanco),Región del Bío-Bío,ernc,1.0,0.0,89.94210389078451,1.0951589463725573,3,2024-10-01 02:00:00
PMGD PFV LOMA TENDIDA DEL VERANO SOLAR,PMGD PFV Loma Tendida del Verano,Solar,(en blanco),Región Metropolitana,ernc,1.0,0.0,10.409132924192708,0.0,3,2024-10-01 02:00:00
PMGD PFV SALERNO SOLAR,PMGD PFV Salerno Solar,Solar,(en blanco),Región Metropolitana,ernc,1.0,0.0,22.599923043013064,0.0,3,2024-10-01 02:00:00
PMGD PFV HORNITOS,Solar Hornitos,Solar,(en blanco),Región de Atacama,ernc,1.0,0.0,0.3131000318331632,0.0,3,2024-10-01 02:00:00
BESS Punta Sierra,BESS Punta Sierra (Retiro),Bess,(en blanco),Región de Coquimbo,ernc,1.0,0.0,0.0,0.0,3,2024-10-01 02:00:00
PMGD PFV NAN,PMGD PFV Nan,Solar,(en blanco),Región de O'Higgins,ernc,1.0,0.0,26.65242214357271,0.0,3,2024-10-01 02:00:00
HE COLBUN,COLBÚN,Hidráulica,Embalse,Región del Maule,convencional,0.0,0.0,6344.557919372862,269.15093523281814,3,2024-10-01 02:00:00
PMGD PFV MARIN,MARIN,Solar,(en blanco),Región de Valparaíso,ernc,1.0,0.0,20.05428286832036,0.0,3,2024-10-01 02:00:00
BESS La Cabaña,BESS La Cabaña (Retiro),Bess,(en blanco),Región de la Araucanía,ernc,1.0,0.0,134.22527123227712,0.4202356609583034,3,2024-10-01 02:00:00
PMGD PFV EL MONTE,PMGD PFV El Monte,Solar,(en blanco),Región Metropolitana,ernc,1.0,0.0,16.125534045195952,0.0,3,2024-10-01 02:00:00
PMGD HP CHANLEUFU II,PMGD HP Chanleufu,Hidráulica,Pasada,Región de los Lagos,ernc,1.0,0.0,78.71073997624059,3.2737897425941895,3,2024-10-01 02:00:00
TER CMPC SANTA FE,CMPC Santa Fe,Térmica,Biomasa,Región del Bío-Bío,ernc,1.0,0.0,242.03572949003237,8.904993767925953,3,2024-10-01 02:00:00
PMGD PFV TIERRA,PMGD PFV Tierra,Solar,(en blanco),Región de Atacama,ernc,1.0,0.0,39.76306657763218,0.0,3,2024-10-01 02:00:00
BESS Andes Solar IIB,BESS Andes Solar IIB (inyección),Bess,(en blanco),Región de Antofagasta,ernc,1.0,0.0,506.3439490108548,0.0,3,2024-10-01 02:00:00
PFV PEUMO YUNGAY [EN_REVISION],PFV PEUMO YUNGAY [EN_REVISION],Solar,(en blanco),Región de Ñuble,ernc,1.0,0.0,0.0,0.0,3,2024-10-01 02:00:00
PMGD PFV CONDOR PELVIN,PMGD PFV Condor Pelvin,Solar,(en blanco),Región Metropolitana,ernc,1.0,0.0,14.499950894017681,0.0,3,2024-10-01 02:00:00
PFV SOL DE LOS ANDES,PFV SOL DE LOS ANDES,Solar,(en blanco),Región de Atacama,ernc,1.0,0.0,402.2555780358731,0.0,3,2024-10-01 02:00:00
HE LOS CONDORES [EN_REVISION],HE Los Cóndores,Hidráulica,Embalse,Región del Maule,convencional,0.0,0.0,0.0,0.0,3,2024-10-01 02:00:00
PMGD PFV EL CHINCOL,El Chinchol,Solar,(en blanco),Región de Ñuble,ernc,1.0,0.0,22.933573651457476,0.0,3,2024-10-01 02:00:00
PMGD TER BERLIOZ,PMGD TER Berlioz,Térmica,Diésel,Región Metropolitana,convencional,0.0,0.0,0.0,0.0,3,2024-10-01 02:00:00
HP AILLIN,AILLIN,Hidráulica,Pasada,Región del Bío-Bío,ernc,1.0,0.0,59.9436153524094,2.531419576725018,3,2024-10-01 02:00:00
PMGD TER LAS DALIAS,PMGD TER Las Dalias,Térmica,Diésel,Región de los Lagos,convencional,0.0,0.0,0.0,0.0,3,2024-10-01 02:00:00
TER CONCON,Concón,Térmica,Diésel,Región de Valparaíso,convencional,0.0,0.0,0.0,0.0,3,2024-10-01 02:00:00
PMGD PFV PILPILEN,Pilpilen,Solar,(en blanco),Región de O'Higgins,ernc,1.0,0.0,22.26479766964575,0.0,3,2024-10-01 02:00:00
HP LA CONFIANZA  [EN_REVISION],La Confianza,Hidráulica,Pasada,Región del Bío-Bío,ernc,1.0,0.0,36.060221954612494,1.500841646279655,3,2024-10-01 02:00:00
PMGD PFV TRINIDAD,Trinidad Solar,Solar,(en blanco),Región de O'Higgins,ernc,1.0,0.0,19.769174364956758,0.0,3,2024-10-01 02:00:00
PMGD PFV DON MARTIN,PMGD PFV Don Martín,Solar,(en blanco),Región del Bío-Bío,ernc,1.0,0.0,15.695368729857606,0.0,3,2024-10-01 02:00:00
PMGD PFV EL LAUREL,El Laurel,Solar,(en blanco),Región Metropolitana,ernc,1.0,0.0,40.107851475595375,0.0,3,2024-10-01 02:00:00
PMGD PFV LAS CHILCAS,PMGD PFV Las Chilcas,Solar,(en blanco),Arica y Parinacota,ernc,1.0,0.0,36.28495025609347,0.0,3,2024-10-01 02:00:00
PMGD PFV DADINCO,Dadinco,Solar,(en blanco),Región de Ñuble,ernc,1.0,0.0,19.55139148294804,0.0,3,2024-10-01 02:00:00
PMGD PFV ASTILLAS,PMGD PFV ASTILLAS,Solar,(en blanco),Región de Atacama,ernc,1.0,0.0,89.25393925274656,0.0,3,2024-10-01 02:00:00
PMGD TER CENTRAL DE RESPALDO TIGRE,PMGD TER Central Tigre,Térmica,Diésel,Región Metropolitana,convencional,0.0,0.0,0.0,0.0,3,2024-10-01 02:00:00
PFV EL ROMERO,El Romero,Solar,(en blanco),Región de Atacama,ernc,1.0,0.0,890.0091018548106,0.0,3,2024-10-01 02:00:00
PFV ESPERANZA,PMG PFV ESPERANZA,Solar,(en blanco),Región de Atacama,ernc,1.0,0.0,0.0,0.0,3,2024-10-01 02:00:00
PMGD PFV PARQUE SANTA CRUZ,PMGD PFV Santa Cruz,Solar,(en blanco),Región de O'Higgins,ernc,1.0,0.0,26.515196821563368,0.0,3,2024-10-01 02:00:00
PMGD PFV PESARO SOLAR,PMGD PFV Pesaro,Solar,(en blanco),Región de Valparaíso,ernc,1.0,0.0,21.189989218282108,0.0,3,2024-10-01 02:00:00
PFV TENO SOLAR,PFV TENO SOLAR,Solar,(en blanco),Región del Maule,ernc,1.0,0.0,50.59837470157477,0.0,3,2024-10-01 02:00:00
HP MC3,HP MC3,Hidráulica,Pasada,Región de los Lagos,ernc,1.0,0.0,55.34103430381845,2.311296135270669,3,2024-10-01 02:00:00
PMGD PFV SAN CAMILO,PFV PMGD San Camilo,Solar,(en blanco),Región del Maule,ernc,1.0,0.0,19.850732817539534,0.0,3,2024-10-01 02:00:00
PFV JAVIERA,JAVIERA (SOLAR),Solar,(en blanco),Región de Atacama,ernc,1.0,0.0,343.182450838306,0.0,3,2024-10-01 02:00:00
PMGD PFV DOÑA REGINA SOLAR,PMGD PFV Doña Regina,Solar,(en blanco),Región Metropolitana,ernc,1.0,0.0,20.617259329873903,0.0,3,2024-10-01 02:00:00
PMGD PFV SANTA LUISA,PMGD PFV SANTA LUISA,Solar,(en blanco),Región de Ñuble,ernc,1.0,0.0,19.092643169454075,0.0,3,2024-10-01 02:00:00
PMGD TER DIESEL CEREZO,PMGD Diesel Cerezo,Térmica,Diésel,Región del Maule,convencional,0.0,0.0,0.0,0.0,3,2024-10-01 02:00:00
PMGD TER LOMAS COLORADAS,PMGD TER LOMAS COLORADAS,Térmica,Biomasa,Región del Bío-Bío,ernc,1.0,0.0,2.0176616520836617,0.0,3,2024-10-01 02:00:00
PMGD PFV LONCURA,PMGD PFV Loncura,Solar,(en blanco),Región Metropolitana,ernc,1.0,0.0,80.75036206496084,0.0,3,2024-10-01 02:00:00
PFV MACHICURA,PFV Machicura,Solar,(en blanco),Región del Maule,ernc,1.0,0.0,52.229289290531995,0.0,3,2024-10-01 02:00:00
PMGD PFV JILGUERO,PMGD PFV Jilguero,Solar,(en blanco),Región del Maule,ernc,1.0,0.0,12.37908658155036,0.0,3,2024-10-01 02:00:00
PMGD PFV TALAGANTE,PMGD PFV Talagante,Solar,(en blanco),Región Metropolitana,ernc,1.0,0.0,24.507581185313256,0.0,3,2024-10-01 02:00:00
PMGD PFV TARANTO,PMGD PFV Taranto,Solar,(en blanco),Región de Valparaíso,ernc,1.0,0.0,0.0,0.0,3,2024-10-01 02:00:00
PE PUELCHE SUR,puelche sur,Eólica,(en blanco),Región de los Lagos,ernc,1.0,0.0,602.9581285873638,78.81419765163228,3,2024-10-01 02:00:00
PFV DOMEYKO,PFV Domeyko,Solar,(en blanco),Región de Antofagasta,ernc,1.0,0.0,1026.5056467784577,0.0,3,2024-10-01 02:00:00
PE LOS OLMOS,LOS OLMOS,Eólica,(en blanco),Región del Bío-Bío,ernc,1.0,0.0,511.5568723289329,11.09622257149425,3,2024-10-01 02:00:00
PMGD PFV ESFENA,PFV PMGD Esfena,Solar,(en blanco),Región de Valparaíso,ernc,1.0,0.0,28.622969791430062,0.0,3,2024-10-01 02:00:00
TER DEGAÑ 2,Degañ 2,Térmica,Diésel,Región de los Lagos,convencional,0.0,0.0,0.0,0.0,3,2024-10-01 02:00:00
PMGD PFV CONCON,PMGD PFV Abastible Concon,Solar,(en blanco),Región de Valparaíso,ernc,1.0,0.0,0.0,0.0,3,2024-10-01 02:00:00
PMGD PFV SAMO BAJO,PMGD PFV SAMO BAJO,Solar,(en blanco),Región de Coquimbo,ernc,1.0,0.0,14.177064790923435,0.0,3,2024-10-01 02:00:00
PMGD HP ALTO HOSPICIO,Minihidro Alto Hospicio,Hidráulica,Pasada,Región de Tarapacá,ernc,1.0,0.0,22.87947958213025,0.9622594672217631,3,2024-10-01 02:00:00
PMGD PFV IDAHUE DEL VERANO SOLAR,PMGD PFV Idahue del Verano,Solar,(en blanco),Región de O'Higgins,ernc,1.0,0.0,14.820605024760082,0.0,3,2024-10-01 02:00:00
BESS Nueva Imperial,BESS Nueva Imperial (Inyección),Bess,(en blanco),Región de la Araucanía,convencional,0.0,0.0,0.0,0.0,3,2024-10-01 02:00:00
PMGD PFV VERONA SOLAR,PMGD PFV Verona,Solar,(en blanco),Región Metropolitana,ernc,1.0,0.0,0.04401719108656617,0.0038044226550395686,3,2024-10-01 02:00:00
PMGD PFV CARANCA SOLAR [EN_REVISION],PMGD PFV CARANCA SOLAR,Solar,(en blanco),Región de Atacama,ernc,1.0,0.0,0.0,0.0,3,2024-10-01 02:00:00
PMGD PFV CAÑONES SUNLIGHT,PMGD PFV CAÑONES SUNLIGHT,Solar,(en blanco),Región de Valparaíso,ernc,1.0,0.0,66.46318237158683,0.0,3,2024-10-01 02:00:00
PMGD PFV BELLAVISTA 1,Bellavista 1,Solar,(en blanco),Región de Tarapacá,ernc,1.0,0.0,94.04638930892374,0.0,3,2024-10-01 02:00:00
PMGD PFV EL CASTAÑO,PMGD PFV El Castaño,Solar,(en blanco),Región de O'Higgins,ernc,1.0,0.0,40.29812328356514,0.0,3,2024-10-01 02:00:00
PMGD PFV ALBOR SOLAR,PMGD PFV Albor Solar,Solar,(en blanco),Región del Bío-Bío,ernc,1.0,0.0,30.213817327770695,0.0,3,2024-10-01 02:00:00
PFV URIBE SOLAR,PFV URIBE SOLAR,Solar,(en blanco),Región de Antofagasta,ernc,1.0,0.0,264.93857301225995,0.0,3,2024-10-01 02:00:00
HP EL PINAR,El Pinar,Hidráulica,Pasada,Región de Ñuble,ernc,1.0,0.0,209.0572357157808,8.754909603297989,3,2024-10-01 02:00:00
PFV MESETA DE LOS ANDES,PFV Meseta de Los Andes,Solar,(en blanco),Región de Valparaíso,ernc,1.0,0.0,715.6113025571148,0.0,3,2024-10-01 02:00:00
HP CORRALES,PMG CH Corrales,Hidráulica,Pasada,Región de O'Higgins,ernc,1.0,0.0,34.529363475407266,1.540864090180446,3,2024-10-01 02:00:00
PMGD PFV LA FORESTA,PMGD PFV La Foresta,Solar,(en blanco),Región del Maule,ernc,1.0,0.0,18.71183756479575,0.0,3,2024-10-01 02:00:00
TER COMBARBALA,COMBARBALA,Térmica,Diésel,Región de Coquimbo,convencional,0.0,0.0,0.0,0.0,3,2024-10-01 02:00:00
PMGD PFV JAVIERA CARRERA,PMGD PFV Javiera Carrera,Solar,(en blanco),Región Metropolitana,ernc,1.0,0.0,44.52475528647282,0.0,3,2024-10-01 02:00:00
PMGD PFV MUTUPIN,Mutupin,Solar,(en blanco),Región de Ñuble,ernc,1.0,0.0,28.300956131987263,0.0,3,2024-10-01 02:00:00
PFV LEYDA [EN_REVISION],PFV LEYDA,Solar,(en blanco),Región de Valparaíso,ernc,0.3,0.0,0.0,0.0,3,2024-10-01 02:00:00
PMGD PFV EL DIVISADERO,PMGD PFV EL DIVISADERO,Solar,(en blanco),Región de Coquimbo,ernc,1.0,0.0,24.323305140064477,0.0,3,2024-10-01 02:00:00
PMGD PFV LAS GOLONDRINAS,PMGD PFV Golondrinas,Solar,(en blanco),Región del Maule,ernc,1.0,0.0,27.81346066818396,0.0,3,2024-10-01 02:00:00
PMGD PFV VILLA MOSCOSO,PMGD PFV Villa Moscoso,Solar,(en blanco),Región de Valparaíso,ernc,1.0,0.0,15.92335946245403,0.0,3,2024-10-01 02:00:00
PMGD PFV PARQUE SOLAR ALCALDESA,PFV Alcaldesa,Solar,(en blanco),Región de Ñuble,ernc,1.0,0.0,35.06176908595137,0.0,3,2024-10-01 02:00:00
PMGD PFV GABRIELA,PMGD PFV Gabriela,Solar,(en blanco),Región de Coquimbo,ernc,1.0,0.0,89.86171110338678,0.0,3,2024-10-01 02:00:00
BESS Diego de Almagro Sur,BESS Diego de Almagro Sur (retiro),Bess,(en blanco),Región de Atacama,ernc,1.0,0.0,35.34982357537347,0.0,3,2024-10-01 02:00:00
PMGD PFV CAUQUENES,PMGD PFV Cauquenes,Solar,(en blanco),Región del Maule,ernc,1.0,0.0,11.861267155988882,0.0,3,2024-10-01 02:00:00
PE SAN MATIAS,PE SAN MATIAS,Eólica,(en blanco),Región del Bío-Bío,ernc,1.0,0.0,410.4301622026097,1.7910043645603884,3,2024-10-01 02:00:00
PMGD TER DAGOBERTO,Dagoberto,Térmica,Diésel,Región de la Araucanía,convencional,0.0,0.0,3.3039127776761326e-05,3.3601843338006438e-06,3,2024-10-01 02:00:00
PFV HUATACONDO,Huatacondo,Solar,(en blanco),Región de Tarapacá,ernc,1.0,0.0,508.27503192906806,0.0,3,2024-10-01 02:00:00
PMGD PFV PLAYERON,PMGD PFV Playeron,Solar,(en blanco),Región del Maule,ernc,1.0,0.0,12.790407758518786,0.0,3,2024-10-01 02:00:00
PE MALLECO SUR,MALLECO SUR,Eólica,(en blanco),Región de la Araucanía,ernc,1.0,0.0,580.6055936687721,30.797270581658523,3,2024-10-01 02:00:00
PMGD PFV PATAGUA,PMGD PFV Patagua,Solar,(en blanco),Región Metropolitana,ernc,1.0,0.0,0.04652444891379606,0.0,3,2024-10-01 02:00:00
PMGD PFV SOLAR TORINO,PMGD PFV Torino,Solar,(en blanco),Región del Maule,ernc,1.0,0.0,31.168423997034484,0.0,3,2024-10-01 02:00:00
PE ALENA,Alena,Eólica,(en blanco),Región del Bío-Bío,ernc,1.0,0.0,408.97934861120604,6.9138771838616115,3,2024-10-01 02:00:00
PMGD PFV FUSTER DEL VERANO,PMGD PFV Fuster del Verano,Solar,(en blanco),Región Metropolitana,ernc,1.0,0.0,58.42444340621165,0.0,3,2024-10-01 02:00:00
PMGD PFV LA HUERTA,PMGD PFV LA HUERTA [EN_REVISION],Solar,(en blanco),Región del Maule,ernc,1.0,0.0,13.549054546838944,0.0,3,2024-10-01 02:00:00
PE CALAMA,CALAMA,Eólica,(en blanco),Región de Antofagasta,ernc,1.0,0.0,497.1387869136729,10.986160850767076,3,2024-10-01 02:00:00
PMGD PFV PARQUE PENCAHUE ESTE,PENCAHUE ESTE,Solar,(en blanco),Región del Maule,ernc,1.0,0.0,17.355402334760043,0.0,3,2024-10-01 02:00:00
PMGD PFV PARQUE SOLAR LA MURALLA,PMGD PFV La Muralla,Solar,(en blanco),Región de O'Higgins,ernc,1.0,0.0,17.948382244133043,0.0,3,2024-10-01 02:00:00
PFV EMILIA SOLAR,PMG Emilia Solar,Solar,(en blanco),Región de Coquimbo,ernc,1.0,0.0,0.0,0.0,3,2024-10-01 02:00:00
PMGD PFV ESCORIAL DEL VERANO SOLAR,PMGD PFV Escorial del Verano,Solar,(en blanco),Región de Valparaíso,ernc,1.0,0.0,22.000639121858278,0.0,3,2024-10-01 02:00:00
PMGD PFV PARQUE SOLAR EL OLIVAR,PMGD PFV Parque Solar El Olivar,Solar,(en blanco),Región del Bío-Bío,ernc,1.0,0.0,67.16746253743665,0.0,3,2024-10-01 02:00:00
PMGD PFV RATULEMUS,PMGD PFV Ratulemus,Solar,(en blanco),Región del Maule,ernc,1.0,0.0,16.517392160512884,0.0,3,2024-10-01 02:00:00
PMGD PFV GR PEUMO,PMGD PFV GR PEUMO,Solar,(en blanco),Región de O'Higgins,ernc,1.0,0.0,62.19714995069984,6.536968248988932,3,2024-10-01 02:00:00
PMGD PFV PSF PUANGUE,PMGD PFV Puangue,Solar,(en blanco),Región Metropolitana,ernc,1.0,0.0,29.084384818171124,0.0,3,2024-10-01 02:00:00
PMGD PFV PARQUE SOLAR FOTOVOLTAICO LA VICTORIA,PMGD PFV Parque Solar Fotovoltaico La Victoria,Solar,(en blanco),Región de Ñuble,ernc,1.0,0.0,61.30210143752952,0.0,3,2024-10-01 02:00:00
PMGD PFV EL LORO CHOROY,PMGD PFV EL LORO CHOROY,Solar,(en blanco),Región Metropolitana,ernc,1.0,0.0,47.67333470626335,0.0,3,2024-10-01 02:00:00
PFV JAMA,PFV JAMA-1,Solar,(en blanco),Región de Antofagasta,ernc,1.0,0.0,159.03918645076743,0.0,3,2024-10-01 02:00:00
PMGD PFV LOS MOLINOS,Los Molinos,Solar,(en blanco),Región Metropolitana,ernc,1.0,0.0,68.04844696881086,0.0,3,2024-10-01 02:00:00
PMGD PFV PARQUE SOLAR MARAMBIO,PMGD PFV Marambio,Solar,(en blanco),Región Metropolitana,ernc,1.0,0.0,14.70597005233171,0.0,3,2024-10-01 02:00:00
PMGD PFV FLORENCIA SOLAR,PMGD PFV Florencia Solar,Solar,(en blanco),Región de Coquimbo,ernc,1.0,0.0,78.49666577299537,0.0,3,2024-10-01 02:00:00
PMGD PFV CABILSOL,Cabilsol,Solar,(en blanco),Región de Valparaíso,ernc,1.0,0.0,20.322029698054877,0.0,3,2024-10-01 02:00:00
PMGD PFV PARQUE FAROL SOLAR,PMGD PFV Parque Farol Solar,Solar,(en blanco),Región de Antofagasta,ernc,1.0,0.0,10.602494367276913,0.0,3,2024-10-01 02:00:00
PFV FINIS TERRAE,PFV Finis Terrae,Solar,(en blanco),Región de Antofagasta,ernc,1.0,0.0,1366.2361618303205,0.0,3,2024-10-01 02:00:00
PMGD PFV CORTIJO,PMGD PFV CORTIJO,Solar,(en blanco),Región del Bío-Bío,ernc,1.0,0.0,58.167608103874734,0.0,3,2024-10-01 02:00:00
PMGD PFV CACHIYUYO SOLAR II,CACHIYUYO SOLAR 2,Solar,(en blanco),Región de Atacama,ernc,1.0,0.0,89.380770821217,0.0,3,2024-10-01 02:00:00
PMGD PFV GRANATE,PMGD PFV Granate,Solar,(en blanco),Región de Coquimbo,ernc,1.0,0.0,82.88780515662347,0.0,3,2024-10-01 02:00:00
PMGD PFV DON ENRIQUE,PMGD PFV Don Enrique,Solar,(en blanco),Región de Coquimbo,ernc,1.0,0.0,84.28175503493114,0.0,3,2024-10-01 02:00:00
PMGD PFV LOS MAGNOLIOS SOLAR,PMGD PFV LOS MAGNOLIOS SOLAR,Solar,(en blanco),Región de Valparaíso,ernc,1.0,0.0,24.57618489569857,0.0,3,2024-10-01 02:00:00
PE CARDONAL,Pe Cardonal,Eólica,(en blanco),Región de O'Higgins,ernc,1.0,0.0,194.81925129807445,3.111745013286485,3,2024-10-01 02:00:00
PMGD PFV QUETENA,PMGD PFV QUETENA,Solar,(en blanco),Región de Antofagasta,ernc,1.0,0.0,82.08019935002474,0.0,3,2024-10-01 02:00:00
PMGD PFV SANTA MARGARITA,PMGD PFV SANTA MARGARITA,Solar,(en blanco),Región de O'Higgins,ernc,1.0,0.0,19.825877247661825,0.0,3,2024-10-01 02:00:00
PMGD PFV PARQUE SOLAR RIO PEUCO,PMGD PFV Parque Solar Río Peuco,Solar,(en blanco),Región de O'Higgins,ernc,1.0,0.0,12.968265084759917,0.0,3,2024-10-01 02:00:00
PMGD PFV PACHIRA,Pachira,Solar,(en blanco),Región del Maule,ernc,1.0,0.0,57.06238163290689,0.0,3,2024-10-01 02:00:00
PFV JAMA,PFV JAMA-2,Solar,(en blanco),Región de Antofagasta,ernc,1.0,0.0,49.55779116015421,0.0,3,2024-10-01 02:00:00
PMGD PFV LA PALMA SOLAR,PMGD PFV La Palma Solar,Solar,(en blanco),Región de Ñuble,ernc,1.0,0.0,65.00836988427085,0.0,3,2024-10-01 02:00:00
PMGD PFV SUNHUNTER,PMGD PFV Sunhunter,Solar,(en blanco),Región de Coquimbo,ernc,1.0,0.0,88.60009840740346,0.0,3,2024-10-01 02:00:00
PFV CEME 1,PFV CEME 1,Solar,(en blanco),Región de Antofagasta,ernc,1.0,0.0,1999.1210728445008,0.0,3,2024-10-01 02:00:00
PMGD PFV CALAMA SOLAR,Solar Calama 1,Solar,(en blanco),Región de Antofagasta,ernc,1.0,0.0,0.0,0.0,3,2024-10-01 02:00:00
PMGD PFV AHE BUENAS YERBAS,PMGD PFV AHE BUENAS YERBAS,Solar,(en blanco),Región Metropolitana,ernc,1.0,0.0,69.91411278713528,0.0,3,2024-10-01 02:00:00
PMGD PFV PSF HORIZONTE,PMGD PFV PSF Horizonte,Solar,(en blanco),Región Metropolitana,ernc,1.0,0.0,32.25233105624151,0.0,3,2024-10-01 02:00:00
PMGD PFV PLAZA SUNLIGHT,PMGD PFV Plaza Sunlight,Solar,(en blanco),Región Metropolitana,ernc,1.0,0.0,0.0,0.0,3,2024-10-01 02:00:00
PMGD PFV CURACAVI,PMGD PFV CURACAVI,Solar,(en blanco),Región Metropolitana,ernc,1.0,0.0,17.094425609584167,0.0,3,2024-10-01 02:00:00
PMGD PFV COLINA,PMGD PFV Colina,Solar,(en blanco),Región Metropolitana,ernc,1.0,0.0,74.94680590280385,0.0,3,2024-10-01 02:00:00
PMGD PFV LENGA SOLAR [EN_REVISION],PMGD PFV LENGA SOLAR,Solar,(en blanco),Región del Bío-Bío,ernc,1.0,0.0,9.288918075599499,0.0,3,2024-10-01 02:00:00
PMGD PFV ARMAZONES,PMGD PFV Armazones,Solar,(en blanco),Región de Antofagasta,ernc,1.0,0.0,44.85274417272042,0.0,3,2024-10-01 02:00:00
PMGD PFV RDCL SAN,PMGD PFV RDCL SAN,Solar,(en blanco),Región de Valparaíso,ernc,1.0,0.0,71.11168345664743,0.0,3,2024-10-01 02:00:00
PMGD HP AUXILIAR DEL MAIPO,AUXILIAR DEL MAIPO,Hidráulica,Pasada,Región Metropolitana,ernc,1.0,0.0,89.86051064368954,3.8060294360948537,3,2024-10-01 02:00:00
PMGD PFV AYLA SOLAR,PMGD PFV Ayla,Solar,(en blanco),Región de O'Higgins,ernc,1.0,0.0,40.82721958770691,0.0,3,2024-10-01 02:00:00
PMGD PFV LOS LAGOS,Los Lagos Solar,Solar,(en blanco),Región de O'Higgins,ernc,1.0,0.0,2.798568932206207,0.0,3,2024-10-01 02:00:00
PMGD PFV HIJUELA 4 [EN_REVISION],PMGD PFV HIJUELA 4 [EN_REVISION],Solar,(en blanco),Región del Maule,ernc,1.0,0.0,19.59922285216035,0.0,3,2024-10-01 02:00:00
PMGD TER BELLET,PMGD TER BELLET,Térmica,Diésel,Región Metropolitana,ernc,1.0,0.0,0.0,0.0,3,2024-10-01 02:00:00
PMGD PFV LINGUE,Lingue Solar,Solar,(en blanco),Región de Valparaíso,ernc,1.0,0.0,22.999883911915376,0.0,3,2024-10-01 02:00:00
PMGD PFV PARANAL,PMGD PFV Paranal,Solar,(en blanco),Región de Antofagasta,ernc,1.0,0.0,18.482838190570376,0.0,3,2024-10-01 02:00:00
PMGD PFV PAINE,PMGD PFV Paine,Solar,(en blanco),Región de Antofagasta,ernc,1.0,0.0,91.1844717061685,0.0,3,2024-10-01 02:00:00
PFV LAS SALINAS,PFV LAS SALINAS,Solar,(en blanco),Región de Antofagasta,ernc,1.0,0.0,1021.8730488969412,0.0,3,2024-10-01 02:00:00
PMGD PFV TAMARUGO,Tamarugo,Solar,(en blanco),Región de Tarapacá,ernc,1.0,0.0,24.44989734130189,0.0,3,2024-10-01 02:00:00
PMGD PFV NEWENTUN,PMGD PFV Newentun,Solar,(en blanco),Región de O'Higgins,ernc,1.0,0.0,41.95895620000779,0.0,3,2024-10-01 02:00:00
PFV SDGX01,SDGx01 (Andacollo),Solar,(en blanco),Región de Coquimbo,ernc,1.0,0.0,1.2006733170237243,0.0,3,2024-10-01 02:00:00
HP ANCOA,ANCOA,Hidráulica,Pasada,Región del Maule,ernc,0.4,0.0,281.2577245128074,18.11015586510784,3,2024-10-01 02:00:00
PMGD PFV SAN ANTONIO,PMGD PFV San Antonio,Solar,(en blanco),Región del Maule,ernc,1.0,0.0,54.635179587988034,0.0,3,2024-10-01 02:00:00
HP SAUZAL,SAUZAL,Hidráulica,Pasada,Región de O'Higgins,convencional,0.0,0.0,931.0873678425372,33.38648256737628,3,2024-10-01 02:00:00
PMGD PFV MALLOCO,PMGD PFV Malloco,Solar,(en blanco),Región Metropolitana,ernc,1.0,0.0,15.31823987655844,0.0,3,2024-10-01 02:00:00
PMGD PFV QUILMO SOLAR,PMGD PFV Quilmo Solar,Solar,(en blanco),Región de Ñuble,ernc,1.0,0.0,36.545873720701735,0.0,3,2024-10-01 02:00:00
PMGD PFV EL TURPIAL,PMGD PFV El Turpial,Solar,(en blanco),Región Metropolitana,ernc,1.0,0.0,22.115693963342018,0.0,3,2024-10-01 02:00:00
PMGD PFV QUEMADOS,PMGD PFV Quemados,Solar,(en blanco),Región de O'Higgins,ernc,1.0,0.0,22.158336049893517,0.0,3,2024-10-01 02:00:00
PMGD PFV LO CHACON,PMGD PFV Lo Chacón,Solar,(en blanco),Región Metropolitana,ernc,1.0,0.0,17.084809045679904,0.0,3,2024-10-01 02:00:00
PMGD PFV ORION SOLAR,Orion,Solar,(en blanco),Región de Ñuble,ernc,1.0,0.0,19.312907885232644,0.0,3,2024-10-01 02:00:00
PMGD PFV EL PICURIO,El Picurio,Solar,(en blanco),Región de O'Higgins,ernc,1.0,0.0,19.120353901657897,0.0,3,2024-10-01 02:00:00
PMGD PFV PSF COYUNCHE,PMGD PFV Coyunche,Solar,(en blanco),Región del Bío-Bío,ernc,1.0,0.0,15.552770438679207,0.0,3,2024-10-01 02:00:00
PMGD TER CENTRAL LA GLORIA 21 [EN_REVISION],PMGD TER La Gloria-21,Térmica,Biomasa,Región del Maule,ernc,1.0,0.0,0.0,0.0,3,2024-10-01 02:00:00
PFV TAMANGO,PFV TAMANGO,Solar,(en blanco),Región del Maule,ernc,1.0,0.0,138.47765589673617,0.0,3,2024-10-01 02:00:00
PFV SANTIAGO SOLAR,Santiago Solar,Solar,(en blanco),Región Metropolitana,ernc,1.0,0.0,367.28596767755715,0.0,3,2024-10-01 02:00:00
PE UCUQUER II,UCUQUER_2,Eólica,(en blanco),Región de O'Higgins,ernc,1.0,0.0,46.916309862702015,0.1300729426775701,3,2024-10-01 02:00:00
HP CIPRESILLOS,Cipresillos,Hidráulica,Pasada,Región de O'Higgins,ernc,1.0,0.0,34.41930175468009,2.00112219503954,3,2024-10-01 02:00:00
PMGD PFV SATURNO NORTE,Saturno Norte,Solar,(en blanco),Región del Maule,ernc,1.0,0.0,27.107467391951214,0.0,3,2024-10-01 02:00:00
PMGD PFV EL INTERLOCUTOR,PMGD PFV El Interlocutor,Solar,(en blanco),Región Metropolitana,ernc,1.0,0.0,0.9999806806319242,0.0,3,2024-10-01 02:00:00
PE VALLE DE LOS VIENTOS,PE Valle de los Vientos,Eólica,(en blanco),Región de Antofagasta,ernc,1.0,0.0,373.8396428663117,3.22180673401366,3,2024-10-01 02:00:00
PFV ANDES SOLAR,ANDES SOLAR,Solar,(en blanco),Región de Antofagasta,ernc,1.0,0.0,101.66701311898383,0.0,3,2024-10-01 02:00:00
PFV CARRERA PINTO,PFV Carrera Pinto,Solar,(en blanco),Región de Atacama,ernc,1.0,0.0,371.8085038383466,0.0,3,2024-10-01 02:00:00
PMGD PFV PSF CHAMPA,PMGD PFV Champa,Solar,(en blanco),Región Metropolitana,ernc,1.0,0.0,46.3825874435142,0.0,3,2024-10-01 02:00:00
PFV BOLERO,PFV BOLERO,Solar,(en blanco),Región de Antofagasta,ernc,1.0,0.0,675.4888025465721,0.0,3,2024-10-01 02:00:00
PMGD PFV ITAHUE SOLAR,PMGD PFV Itahue Solar,Solar,(en blanco),Región del Maule,ernc,1.0,0.0,22.263869179364313,0.0,3,2024-10-01 02:00:00
PMGD PFV GR PITAO,GR Pitao,Solar,(en blanco),Región del Maule,ernc,1.0,0.0,0.0,0.0,3,2024-10-01 02:00:00
PMGD PFV LAS CABRAS,Las Cabras,Solar,(en blanco),Región de O'Higgins,ernc,1.0,0.0,19.5388200763186,0.0,3,2024-10-01 02:00:00
PMGD PFV ALBATROS,PMGD PFV Albatros,Solar,(en blanco),Región del Maule,ernc,1.0,0.0,8.235964119262208,0.0,3,2024-10-01 02:00:00
PMGD PFV PARQUE SOLAR NANCAGUA,PMGD PFV NANCAGUA,Solar,(en blanco),Región de O'Higgins,ernc,1.0,0.0,38.16662038696212,0.0,3,2024-10-01 02:00:00
PMGD PFV CABRERO SOLAR,PMGD PFV Cabrero,Solar,(en blanco),Región del Bío-Bío,ernc,1.0,0.0,45.80953345685725,0.0,3,2024-10-01 02:00:00
PMGD PFV LOS ROBLES,PMGD PFV Los Robles,Solar,(en blanco),Región del Maule,ernc,1.0,0.0,12.395936326098402,0.0,3,2024-10-01 02:00:00
PMGD TER PRP LAS QUEMAS,PRP Las Quemas,Térmica,Diésel,Región de los Lagos,convencional,0.0,0.0,0.0,0.0,3,2024-10-01 02:00:00
PFV GRAN TENO,PFV GRAN TENO,Solar,(en blanco),Región del Maule,ernc,1.0,0.0,759.5959684040839,0.0,3,2024-10-01 02:00:00
PFV ANTAY,PMG Antay,Solar,(en blanco),Región de Atacama,ernc,1.0,0.0,75.87254802492416,0.0,3,2024-10-01 02:00:00
PFV PATAGUILLA [EN_REVISION],PFV PATAGUILLA,Solar,(en blanco),Región Metropolitana,ernc,1.0,0.0,0.0,0.0,3,2024-10-01 02:00:00
PFV CERRO DOMINADOR,PFV CERRO DOMINADOR,Solar,(en blanco),Región de Antofagasta,ernc,1.0,0.0,508.9354022534311,0.0,3,2024-10-01 02:00:00
PMGD PFV LOS JOTES,PMGD PFV Los Jotes,Solar,(en blanco),Región de Valparaíso,ernc,1.0,0.0,22.867903995139404,0.0,3,2024-10-01 02:00:00
PE LOS CERRILLOS,PE Los Cerrillos,Eólica,(en blanco),Región de O'Higgins,ernc,1.0,0.0,213.34964282414057,2.3913410230722505,3,2024-10-01 02:00:00
PFV CHAÑARES,PFV Chañares,Solar,(en blanco),Región de Atacama,ernc,1.0,0.0,152.89574131199606,0.0,3,2024-10-01 02:00:00
PMGD TER CAMPING DIESEL,PMGD Camping,Térmica,Diésel,Región Metropolitana,convencional,0.0,0.0,0.0,0.0,3,2024-10-01 02:00:00
PFV CONEJO SOLAR,PFV CONEJO SOLAR,Solar,(en blanco),Región de Antofagasta,ernc,1.0,0.0,511.45681621918084,0.0,3,2024-10-01 02:00:00
PFV DIEGO DE ALMAGRO,PFV Diego de Almagro,Solar,(en blanco),Región de Atacama,ernc,1.0,0.0,144.47101687087962,0.0,3,2024-10-01 02:00:00
PFV DOÑA CARMEN SOLAR,PFV DOÑA CARMEN SOLAR,Solar,(en blanco),Región de Valparaíso,ernc,1.0,0.0,148.24313220852912,0.0,3,2024-10-01 02:00:00
HP PILMAIQUEN,HE Pilmaiquén,Hidráulica,Pasada,Región de los Ríos,convencional,0.0,0.0,610.7224827041172,24.813915218490298,3,2024-10-01 02:00:00
PMGD PFV PARQUE ROMERIA,PMGD PFV Romeria,Solar,(en blanco),Región del Maule,ernc,1.0,0.0,57.50650643928863,0.0,3,2024-10-01 02:00:00
PMGD PFV PELUMPEN SOLAR,PMGD PFV Pelumpen,Solar,(en blanco),Región de Valparaíso,ernc,1.0,0.0,22.45157233307679,0.0,3,2024-10-01 02:00:00
PE LLANOS DEL  VIENTO,llanos del viento,Eólica,(en blanco),Región de Antofagasta,ernc,1.0,0.0,825.6430064513638,0.0,3,2024-10-01 02:00:00
PMGD PFV GUADALUPE,PMGD PFV Guadalupe,Solar,(en blanco),Región de Valparaíso,ernc,1.0,0.0,49.848854782246356,0.0,3,2024-10-01 02:00:00
PMGD PFV VICENTE SOLAR,PMGD PFV Vicente,Solar,(en blanco),Región Metropolitana,ernc,1.0,0.0,11.64418541486796,0.0,3,2024-10-01 02:00:00
PFV CASTILLA,PFV CASTILLA,Solar,(en blanco),Región de Atacama,ernc,1.0,0.0,25.40424626602696,0.0,3,2024-10-01 02:00:00
PFV RUCASOL [EN_REVISION],PFV RUCASOL,Solar,(en blanco),Región Metropolitana,ernc,1.0,0.0,0.0,0.0,3,2024-10-01 02:00:00
PMGD PFV MITCHI,PMGD PFV MITCHI,Solar,(en blanco),Región de Antofagasta,ernc,1.0,0.0,0.0,0.0,3,2024-10-01 02:00:00
PMGD PFV KAUFMANN,PMGD PFV Kaufmann,Solar,(en blanco),Región Metropolitana,ernc,1.0,0.0,4.410773486196402e-06,0.0,3,2024-10-01 02:00:00
PMGD PFV PEGASUS SOLAR,PFV PMGD Pegasus Solar,Solar,(en blanco),Región de Ñuble,ernc,1.0,0.0,16.074080022261505,0.0,3,2024-10-01 02:00:00
PMGD PFV BERGAMO,PMGD PFV Bérgamo,Solar,(en blanco),Región del Maule,ernc,1.0,0.0,12.215115948228686,0.0,3,2024-10-01 02:00:00
PMGD PFV COLTAUCO ALMENDRO,PMGD PFV Coltauco Almendro,Solar,(en blanco),Región de O'Higgins,ernc,1.0,0.0,13.736935334965755,0.0,3,2024-10-01 02:00:00
TER LLANOS BLANCOS,LLANOS BLANCOS,Térmica,Diésel,Región de Coquimbo,convencional,0.0,0.0,0.0,0.0,3,2024-10-01 02:00:00
BESS Nueva Imperial,BESS Nueva Imperial (Retiro),Bess,(en blanco),Región de la Araucanía,convencional,0.0,0.0,0.0,0.0,3,2024-10-01 02:00:00
PFV MALGARIDA,PFV Malgarida,Solar,(en blanco),Región de Atacama,ernc,1.0,0.0,1155.2778600292522,0.0,3,2024-10-01 02:00:00
PMGD PFV SANTA ESTER,Santa Ester,Solar,(en blanco),Región de Ñuble,ernc,1.0,0.0,11.877939813529556,0.0,3,2024-10-01 02:00:00
PMGD PFV MAIKONO,PMGD PFV Maikono,Solar,(en blanco),Región de Valparaíso,ernc,1.0,0.0,22.351980947234015,0.0,3,2024-10-01 02:00:00
PMGD PFV PSF LA GAMBOINA,PMGD PFV La Gamboina,Solar,(en blanco),Región de O'Higgins,ernc,1.0,0.0,22.548577362435157,0.0,3,2024-10-01 02:00:00
PMGD PFV SAN CLEMENTE FLOR DEL LLANO,PMGD PFV SAN CLEMENTE FLOR DEL LLANO,Solar,(en blanco),Región del Maule,ernc,1.0,0.0,0.06499858279153693,0.005833454201164995,3,2024-10-01 02:00:00
PMGD PFV PATRICIA DEL VERANO SOLAR,PMGD PFV Patricia Del Verano,Solar,(en blanco),Región Metropolitana,ernc,1.0,0.0,47.5314215882183,0.0,3,2024-10-01 02:00:00
PE CAMPO LINDO,PE CAMPO LINDO,Eólica,(en blanco),Región del Bío-Bío,ernc,1.0,0.0,304.87096641427394,0.6403591024126528,3,2024-10-01 02:00:00
HP SAUZAL,SAUZAL 60 Hz,Hidráulica,Pasada,Región de O'Higgins,convencional,0.0,0.0,0.0,0.0,3,2024-10-01 02:00:00
PMGD PFV SANTA ELIZABETH,PMGD PFV Santa Elizabeth,Solar,(en blanco),Región de O'Higgins,ernc,1.0,0.0,50.76449538340682,0.0,3,2024-10-01 02:00:00
PMGD PFV EL PIUQUEN,El Piuquen,Solar,(en blanco),Región de Ñuble,ernc,1.0,0.0,17.848130016401463,0.0,3,2024-10-01 02:00:00
PMGD PFV MOYA,Moya,Solar,(en blanco),Región del Bío-Bío,ernc,1.0,0.0,53.62161061417411,0.0,3,2024-10-01 02:00:00
PMGD PFV LO MIGUEL,PMGD PFV Lo Miguel,Solar,(en blanco),Región de O'Higgins,ernc,1.0,0.0,29.486412159115545,0.0,3,2024-10-01 02:00:00
PMGD PFV LAS MAJADAS,PFV Las Majadas,Solar,(en blanco),Región de Coquimbo,ernc,1.0,0.0,80.0568251420376,0.0,3,2024-10-01 02:00:00
PFV VALLE DEL SOL,PFV VALLE DEL SOL,Solar,(en blanco),Región de Antofagasta,ernc,1.0,0.0,706.1660057965281,0.0,3,2024-10-01 02:00:00
PMGD PFV LLOICA,PMGD PFV Lloica,Solar,(en blanco),Región de Atacama,ernc,1.0,0.0,22.581953334908654,0.0,3,2024-10-01 02:00:00
PMGD PFV LOS TAURETES,PMGD PFV Los Tauretes,Solar,(en blanco),Región Metropolitana,ernc,1.0,0.0,21.170997156259137,0.0,3,2024-10-01 02:00:00
PMGD PFV SANTA BLANCA DE ISLA DE MAIPO SUNLIGHT,PMGD PFV SANTA BLANCA DE ISLA DE MAIPO SUNLIGHT [EN_REVISION],Solar,(en blanco),Región Metropolitana,ernc,1.0,0.0,11.78815384109462,0.0,3,2024-10-01 02:00:00
PMGD PFV ANCAHUAL SOLAR,PMGD PFV ANCAHUAL SOLAR [EN_REVISION],Solar,(en blanco),Región de la Araucanía,ernc,1.0,0.0,47.41437900454279,0.0,3,2024-10-01 02:00:00
PMGD PFV BELLAVISTA,Bellavista,Solar,(en blanco),Región de Coquimbo,ernc,1.0,0.0,19.708024498759542,0.0,3,2024-10-01 02:00:00
PFV COYA,PFV COYA,Solar,(en blanco),Región de Antofagasta,ernc,1.0,0.0,698.7418424529313,0.0,3,2024-10-01 02:00:00
PMGD PFV SAN RAFAEL,PMGD PFV San Rafael,Solar,(en blanco),Región del Maule,ernc,1.0,0.0,7.595384246945574,0.0,3,2024-10-01 02:00:00
PE MANANTIALES,PE Manantiales,Eólica,(en blanco),Región de O'Higgins,ernc,1.0,0.0,120.41752808650432,1.2406957609245148,3,2024-10-01 02:00:00
PMGD PFV PEQUEN,PMGD PFV Pequen,Solar,(en blanco),Región del Maule,ernc,1.0,0.0,11.207752385502982,0.0,3,2024-10-01 02:00:00
PE LA ESTRELLA,PE LA ESTRELLA,Eólica,(en blanco),Región de O'Higgins,ernc,1.0,0.0,237.83337288044936,0.4202356609583034,3,2024-10-01 02:00:00
PFV SANTA ISABEL,PFV SANTA ISABEL,Solar,(en blanco),Región de Antofagasta,ernc,1.0,0.0,585.6083991563711,0.0,3,2024-10-01 02:00:00
PMGD PFV LAS TENCAS,PMGD PFV Las Tencas,Solar,(en blanco),Región de O'Higgins,ernc,1.0,0.0,58.78561896577704,0.0,3,2024-10-01 02:00:00
PE LA CABAÑA,PE LA CABAÑA,Eólica,(en blanco),Región de la Araucanía,ernc,1.0,0.0,507.6746952705561,10.906115962965494,3,2024-10-01 02:00:00
PMGD PFV SLK CB NUEVE,PMGD PFV SLK CB Nueve,Solar,(en blanco),Región de Valparaíso,ernc,1.0,0.0,23.385421848184183,0.0,3,2024-10-01 02:00:00
PMGD PFV PUELCHE SOLAR,PMGD PFV Puelche,Solar,(en blanco),Región del Bío-Bío,ernc,1.0,0.0,18.957305226554595,0.0,3,2024-10-01 02:00:00
PFV LUZ DEL NORTE,Luz del Norte,Solar,(en blanco),Región de Atacama,ernc,1.0,0.0,717.7224864728814,0.0,3,2024-10-01 02:00:00
PMGD PFV DIEGO DE ALMAGRO SOLAR,PMGD PFV Diego de Almagro,Solar,(en blanco),Región de Atacama,ernc,1.0,0.0,72.86611229367867,0.0,3,2024-10-01 02:00:00
PFV POZO ALMONTE SOLAR III,PFV POZO ALMONTE SOLAR III,Solar,(en blanco),Región de Tarapacá,ernc,1.0,0.0,86.44847882570814,0.0,3,2024-10-01 02:00:00
PMGD PFV FARDELA NEGRA,PMGD PFV FARDELA NEGRA,Solar,(en blanco),Región de Valparaíso,ernc,1.0,0.0,18.176352578490484,0.0,3,2024-10-01 02:00:00
BESS Uribe Solar,BESS Uribe Solar (inyección),Bess,(en blanco),Región de Antofagasta,ernc,1.0,0.0,2.7015004663737496,0.0,3,2024-10-01 02:00:00
BESS PFV COYA,BESS COYA (Inyección),Bess,(en blanco),Región de Antofagasta,ernc,1.0,0.0,515.058836170252,0.0,3,2024-10-01 02:00:00
BESS PFV COYA,BESS COYA (retiro),Bess,(en blanco),Región de Antofagasta,ernc,1.0,0.0,581.3660201028872,0.0,3,2024-10-01 02:00:00
PMGD PFV CINTAC,PMGD PFV Cintac,Solar,(en blanco),Región Metropolitana,ernc,1.0,0.0,0.11481959836343114,0.0,3,2024-10-01 02:00:00
HP RIO HUASCO,RIO HUASCO,Hidráulica,Pasada,Región de Atacama,ernc,1.0,0.0,26.18468392209239,1.0906115962965495,3,2024-10-01 02:00:00
PFV POZO ALMONTE SOLAR II,PFV POZO ALMONTE SOLAR II,Solar,(en blanco),Región de Tarapacá,ernc,1.0,0.0,46.0858441517606,0.0,3,2024-10-01 02:00:00
PMGD PFV AVILES,Aviles,Solar,(en blanco),Región Metropolitana,ernc,1.0,0.0,54.613563580301296,0.0,3,2024-10-01 02:00:00
BESS Andes IV,BESS Andes IV (inyección),Bess,(en blanco),Región de Antofagasta,ernc,1.0,0.0,598.8758393094831,0.0,3,2024-10-01 02:00:00
PMGD HP ROBLERIA,ROBLERIA,Hidráulica,Pasada,Región del Maule,ernc,1.0,0.0,0.0,0.0,3,2024-10-01 02:00:00
TER SANTA FE,TER SANTA FE,Térmica,Biomasa,Región del Bío-Bío,ernc,1.0,0.0,712.9998380925881,28.215822950057515,3,2024-10-01 02:00:00
PMGD PFV SANTA PAMELA,PMGD PFV Santa Pamela,Solar,(en blanco),Región del Bío-Bío,ernc,1.0,0.0,57.10176242918269,0.0,3,2024-10-01 02:00:00
PFV DIEGO DE ALMAGRO SUR,PFV Diego de Almagro Sur,Solar,(en blanco),Región de Atacama,ernc,1.0,0.0,1089.5109790892775,0.0,3,2024-10-01 02:00:00
PMGD PFV FARAMALLA,PMGD PFV FARAMALLA,Solar,(en blanco),Región Metropolitana,ernc,1.0,0.0,18.318881044312015,0.0,3,2024-10-01 02:00:00
HP RUCUE,RUCÚE,Hidráulica,Pasada,Región del Bío-Bío,convencional,0.0,0.0,3895.1843526444654,172.09650877340044,3,2024-10-01 02:00:00
BESS Uribe Solar,BESS Uribe Solar (retiro),Bess,(en blanco),Región de Antofagasta,ernc,1.0,0.0,3.0326576502483844,0.0028388750925102957,3,2024-10-01 02:00:00
PMGD PFV RCU (RTN),PMGD PFV Rcu,Solar,(en blanco),Región del Maule,ernc,1.0,0.0,23.86685689911178,0.0,3,2024-10-01 02:00:00
TER MAITENCILLO,TER MAITENCILLO,Térmica,Diésel,Región de Atacama,convencional,0.0,0.0,0.0,0.0,3,2024-10-01 02:00:00
PMGD PFV CUZ CUZ,CUZ CUZ,Solar,(en blanco),Región de Coquimbo,ernc,1.0,0.0,19.726245556316417,0.0,3,2024-10-01 02:00:00
PMGD TER TIRUA,PMGD TER Tirúa,Térmica,Diésel,Región del Bío-Bío,convencional,0.0,0.0,0.0,0.0,3,2024-10-01 02:00:00
TER EL PEÑON,TER EL PEÑON,Térmica,Diésel,Región de Coquimbo,convencional,0.0,0.0,0.0,0.0,3,2024-10-01 02:00:00
TER SANTA MARIA,Santa María,Térmica,Carbón,Región del Bío-Bío,convencional,0.0,0.0,0.0,0.0,3,2024-10-01 02:00:00
HP RIO PICOIQUEN,PICOIQUÉN,Hidráulica,Pasada,Región de la Araucanía,ernc,1.0,0.0,351.11885773871256,19.003988165747018,3,2024-10-01 02:00:00
BESS Andes IV,BESS Andes IV (retiro),Bess,(en blanco),Región de Antofagasta,ernc,1.0,0.0,0.0,0.0,3,2024-10-01 02:00:00
HP MAITENES,MAITENES,Hidráulica,Pasada,Región Metropolitana,ernc,0.3725,0.0,0.0,0.0,3,2024-10-01 02:00:00
PMGD PFV VENTISQUERO SOLAR,PMGD PFV VENTISQUERO,Solar,(en blanco),Región de O'Higgins,ernc,1.0,0.0,38.3113701703605,0.0,3,2024-10-01 02:00:00
PE LOMAS DE DUQUECO,Lomas de Duqueco,Eólica,(en blanco),Región del Bío-Bío,ernc,1.0,0.0,316.29737414794977,3.642042394971963,3,2024-10-01 02:00:00
PMGD PFV LOS LIBERTADORES,Los Libertadores,Solar,(en blanco),Región de O'Higgins,ernc,1.0,0.0,10.379840822984246,0.0,3,2024-10-01 02:00:00
HP SAN ANDRES,SAN ANDRES,Hidráulica,Pasada,Región de O'Higgins,convencional,0.0,0.0,29.316440157329264,0.0,3,2024-10-01 02:00:00
PMGD PFV EL CUERVO,PMGD PFV El Cuervo,Solar,(en blanco),Región del Maule,ernc,1.0,0.0,17.600431561652137,0.0,3,2024-10-01 02:00:00
PMGD PFV ORQUIDEA SOLAR,PMGD PFV Orquidea Solar,Solar,(en blanco),Región de Coquimbo,ernc,1.0,0.0,26.250321768071757,0.0,3,2024-10-01 02:00:00
PFV SAN ANDRES,SAN ANDRES (SOLAR),Solar,(en blanco),Región de Atacama,ernc,1.0,0.0,30.907332302385697,0.0,3,2024-10-01 02:00:00
PMGD TER CHILLAN,Chillan,Térmica,Diésel,Región de Ñuble,convencional,0.0,0.0,0.0,0.0,3,2024-10-01 02:00:00
PMGD HP PURISIMA,PURISIMA,Hidráulica,Pasada,Región del Maule,ernc,1.0,0.0,9.78639530580637,0.4108089186027092,3,2024-10-01 02:00:00
PMGD PFV DON ANDRONICO,DON ANDRÓNICO,Solar,(en blanco),Región Metropolitana,ernc,1.0,0.0,15.67886641244075,0.0,3,2024-10-01 02:00:00
PMGD PFV LOS GORRIONES,PFV LOS GORRIONES,Solar,(en blanco),Región del Maule,ernc,1.0,0.0,19.38380006525253,0.0,3,2024-10-01 02:00:00
PMGD HP EL DIUTO,EL DIUTO,Hidráulica,Pasada,Región del Bío-Bío,ernc,1.0,0.0,46.75110931076306,1.5763162830627726,3,2024-10-01 02:00:00
PMGD PFV LOMAS COLORADAS,LOMAS COLORADAS,Solar,(en blanco),Región de Coquimbo,ernc,1.0,0.0,7.818566582775479,0.0,3,2024-10-01 02:00:00
BESS ALFALFAL VR2,BESS ALFALFAL VR2 (retiro),Bess,(en blanco),Región Metropolitana,ernc,1.0,0.0,199.73597739822767,0.07739744336010042,3,2024-10-01 02:00:00
PMGD PFV SAN EDUARDO,PMGD PFV San Eduardo,Solar,(en blanco),Región de Ñuble,ernc,1.0,0.0,1.8755201144448217,0.0,3,2024-10-01 02:00:00
PMGD PFV LO SIERRA,Lo Sierra,Solar,(en blanco),Región Metropolitana,ernc,1.0,0.0,16.226624788552726,0.0,3,2024-10-01 02:00:00
PMGD PFV FOTOVOLT LIN,PMGD PFV Fotovolt Lin,Solar,(en blanco),Región del Maule,ernc,1.0,0.0,27.21609153731075,0.0,3,2024-10-01 02:00:00
PMGD PFV LIPANGUE,PMGD PFV LIPANGUE,Solar,(en blanco),Región Metropolitana,ernc,1.0,0.0,13.984741217658836,0.0,3,2024-10-01 02:00:00
PMGD PFV LAS CATITAS,PMGD PFV Las Catitas,Solar,(en blanco),Región del Maule,ernc,1.0,0.0,46.81492050098519,0.0,3,2024-10-01 02:00:00
PMGD PFV LAS TURCAS,PMGD LAS TURCAS,Solar,(en blanco),Región Metropolitana,ernc,1.0,0.0,9.452816889946325,0.0,3,2024-10-01 02:00:00
PMGD PFV LAS TERRAZAS,SOLAR_LAS_TERRAZAS,Solar,(en blanco),Región de Atacama,ernc,1.0,0.0,6.24937739696673,0.0,3,2024-10-01 02:00:00
HP PEUCHEN,PEUCHÉN,Hidráulica,Pasada,Región del Bío-Bío,convencional,0.0,0.0,1221.9752627899202,71.69020263729153,3,2024-10-01 02:00:00
PMGD PFV PARQUE PUEBLO SECO,PMGD PFV Pueblo Seco,Solar,(en blanco),Región de Ñuble,ernc,1.0,0.0,65.17043429211394,0.0,3,2024-10-01 02:00:00
PMGD PFV LAS PERDICES,Las Perdices,Solar,(en blanco),Región del Maule,ernc,1.0,0.0,16.12365895427709,0.0,3,2024-10-01 02:00:00
PMGD PFV LAS PALOMAS,Las Palomas,Solar,(en blanco),Región de Ñuble,ernc,1.0,0.0,21.83721132144799,0.0,3,2024-10-01 02:00:00
HP OJOS DE AGUA,OJOS DE AGUA,Hidráulica,Pasada,Región del Maule,ernc,1.0,0.0,125.04192837094891,5.208023570383448,3,2024-10-01 02:00:00
PMGD LAJA ANDINO,PMGD PFV Laja Andino,Solar,(en blanco),Región Metropolitana,ernc,1.0,0.0,55.14348481014726,0.0,3,2024-10-01 02:00:00
HP CARILAFQUEN,Carilafquen,Hidráulica,Pasada,Región de la Araucanía,ernc,0.95,0.0,302.17945706194575,17.009538657836092,3,2024-10-01 02:00:00
PMGD PFV PAILLIHUE,PMGD PFV Paillihue,Solar,(en blanco),Región Metropolitana,ernc,1.0,0.0,51.03426582084585,0.0,3,2024-10-01 02:00:00
PMGD PFV CANTERA,PMGD PFV Cantera,Solar,(en blanco),Región Metropolitana,ernc,1.0,0.0,21.636359667381807,0.0,3,2024-10-01 02:00:00
PMGD PFV SOLARPARK MALLOA,PMGD PFV SOLARPARK MALLOA,Solar,(en blanco),Región de O'Higgins,ernc,1.0,0.0,15.33645403094414,0.0,3,2024-10-01 02:00:00
PMGD PFV JARDIN SOLAR PETORCA,PMGD PFV Jardin Solar Petorca,Solar,(en blanco),Región Metropolitana,ernc,1.0,0.0,59.657925558568074,0.0,3,2024-10-01 02:00:00
PMGD PFV AVEL SOLAR,PMGD PFV Avel Solar,Solar,(en blanco),Región Metropolitana,ernc,1.0,0.0,55.80295214482917,0.0,3,2024-10-01 02:00:00
BESS ALFALFAL VR1,BESS ALFALFAL VR1 (Inyección),Bess,(en blanco),Región Metropolitana,ernc,1.0,0.0,0.0,0.0,3,2024-10-01 02:00:00
PMGD TER SANTA IRENE [No_Mostrar],PMGD TER Santa Irene,Térmica,BioGas,Región de O'Higgins,ernc,1.0,0.0,0.0,0.0,3,2024-10-01 02:00:00
HP NALCAS,NALCAS,Hidráulica,Pasada,Región de los Lagos,ernc,1.0,0.0,131.3064578982707,6.436553112100689,3,2024-10-01 02:00:00
BESS ALFALFAL VR1,BESS ALFALFAL VR1 (retiro),Bess,(en blanco),Región Metropolitana,ernc,1.0,0.0,0.0,0.0,3,2024-10-01 02:00:00
TER NORGENER [No_Mostrar],NTO2 (Carbon),Térmica,Carbón,Región de Antofagasta,convencional,0.0,0.0,0.0,0.0,3,2024-10-01 02:00:00
PMGD PFV PARQUE CURICURA,PMGD PFV Curicura,Solar,(en blanco),Región del Maule,ernc,1.0,0.0,57.12710854424974,0.0,3,2024-10-01 02:00:00
PMGD PFV CRUZ SOLAR,Cruz Solar,Solar,(en blanco),Región de Valparaíso,ernc,1.0,0.0,27.70371422595957,0.0,3,2024-10-01 02:00:00
PMGD PFV CRUCERO,Crucero,Solar,(en blanco),Región de O'Higgins,ernc,1.0,0.0,10.501537046141035,0.0,3,2024-10-01 02:00:00
PMGD HP CURILEUFU,Curileufu,Hidráulica,Pasada,Región de los Ríos,ernc,1.0,0.0,0.0,0.0,3,2024-10-01 02:00:00
TER NORGENER [No_Mostrar],NTO1 (Carbon),Térmica,Carbón,Región de Antofagasta,convencional,0.0,0.0,0.0,0.0,3,2024-10-01 02:00:00
PMGD PFV PALTO SUNLIGHT,PMGD PFV Palto Sunlight,Solar,(en blanco),Región de Valparaíso,ernc,1.0,0.0,73.78245259491894,0.0,3,2024-10-01 02:00:00
HP PALACIOS,PMG Palacios,Hidráulica,Pasada,Región de O'Higgins,ernc,1.0,0.0,0.0,0.0,3,2024-10-01 02:00:00
HP PALMAR,Palmar,Hidráulica,Pasada,Región de los Lagos,ernc,1.0,0.0,89.02992645730913,3.8321490035007195,3,2024-10-01 02:00:00
PMGD PFV CORDILLERILLA SOLAR,Solar Cordillerilla,Solar,(en blanco),Región del Maule,ernc,1.0,0.0,8.314631024314673,0.0,3,2024-10-01 02:00:00
PMGD PFV GR ALCON SOLAR,PMGD PFV Alcon Solar,Solar,(en blanco),Región de O'Higgins,ernc,1.0,0.0,74.6562337047939,0.0,3,2024-10-01 02:00:00
PFV QUILAPILUN,Quilapilun,Solar,(en blanco),Región Metropolitana,ernc,1.0,0.0,490.0348031212825,0.0,3,2024-10-01 02:00:00
HP PULELFU,Pulelfu,Hidráulica,Pasada,Región de los Lagos,ernc,1.0,0.0,225.8966789870385,9.395268705710642,3,2024-10-01 02:00:00
PMGD PFV EA SF PICHILEMU [En_Revision],PMGD PFV EA SF Pichilemu,Solar,(en blanco),Región de O'Higgins,ernc,1.0,0.0,23.319135768186275,0.0,3,2024-10-01 02:00:00
PMGD PFV LAS LECHUZAS,Las Lechuzas,Solar,(en blanco),Región de Ñuble,ernc,1.0,0.0,20.60088624582891,0.0,3,2024-10-01 02:00:00
PMGD PFV CABIMAS [EN_REVISION],PMGD PFV Cabimas,Solar,(en blanco),Región del Maule,ernc,1.0,0.0,0.411148950786932,0.0,3,2024-10-01 02:00:00
PMGD PFV PEÑAFLOR SOLAR,PMGD PFV PENAFLOR,Solar,(en blanco),Región Metropolitana,ernc,1.0,0.0,50.953451656747305,0.0,3,2024-10-01 02:00:00
PMGD PFV PARQUE VALPARAISO,PMG PFV PARQUE VALPARAISO,Solar,(en blanco),Región de Valparaíso,ernc,1.0,0.0,53.96057695258881,0.0,3,2024-10-01 02:00:00
PMGD PFV EL PICHON,PMGD PFV Pichon,Solar,(en blanco),Región del Maule,ernc,1.0,0.0,12.477910612773814,0.0,3,2024-10-01 02:00:00
PMG PFV SOLAR PALERMO [EN_REVISION],PMG SOLAR PALERMO,Solar,(en blanco),Región Metropolitana,ernc,1.0,0.0,65.16654428146263,0.0,3,2024-10-01 02:00:00
PMGD PFV ALDEBARAN,PMGD PFV Aldebaran,Solar,(en blanco),Región de O'Higgins,ernc,1.0,0.0,31.519829745557235,0.0,3,2024-10-01 02:00:00
PMGD PFV SAN JOSE II,PMGD PFV San José II,Solar,(en blanco),Región de Ñuble,ernc,1.0,0.0,22.373467242380187,0.0,3,2024-10-01 02:00:00
PMGD PFV DON RODRIGO,PMGD PFV Don Rodrigo,Solar,(en blanco),Región del Maule,ernc,1.0,0.0,34.030322769630075,0.0,3,2024-10-01 02:00:00
PMGD PFV CONDOR CHEPICA,PMGD PFV Condor Chepica,Solar,(en blanco),Región Metropolitana,ernc,1.0,0.0,16.70139604743993,0.0,3,2024-10-01 02:00:00
TER TRAPEN,TER TRAPÉN,Térmica,Diésel,Región de los Lagos,convencional,0.0,0.0,0.0,0.0,3,2024-10-01 02:00:00
PMGD HP EL COLORADO,El Colorado,Hidráulica,Pasada,Región de los Lagos,ernc,1.0,0.0,35.60350963066659,1.7912845509841342,3,2024-10-01 02:00:00
TER TERMOPACIFICO,Termopacífico,Térmica,Diésel,Región de Atacama,convencional,0.0,0.0,0.0,0.0,3,2024-10-01 02:00:00
PMGD HP RIO TRUENO,TRUENO,Hidráulica,Pasada,Región de la Araucanía,ernc,1.0,0.0,109.81158045279474,4.532541771764559,3,2024-10-01 02:00:00
PFV TAMARICO [EN_REVISION],PFV Tamarico Etapa 2,Solar,(en blanco),Región Metropolitana,ernc,0.33,0.0,0.0,0.0,3,2024-10-01 02:00:00
PMGD HP TRAILELFU,Trailelfú,Hidráulica,Pasada,Región de la Araucanía,ernc,1.0,0.0,61.56388878068607,2.567478982722056,3,2024-10-01 02:00:00
PMGD HP EL CANELO,EL CANELO,Hidráulica,Pasada,Región de la Araucanía,ernc,1.0,0.0,124.89142368930217,5.202549580863917,3,2024-10-01 02:00:00
HP VOLCAN,VOLCÁN,Hidráulica,Pasada,Región Metropolitana,ernc,1.0,0.0,132.06405926163447,4.192350998607837,3,2024-10-01 02:00:00
PMGD TER CENTRAL DE RESPALDO EGIDO,PMGD TER Egido,Térmica,Diésel,Región de Valparaíso,convencional,0.0,0.0,0.0,0.0,3,2024-10-01 02:00:00
HP MALALCAHUELLO,Malalcahuello,Hidráulica,Pasada,Región de la Araucanía,ernc,1.0,0.0,142.8801247258232,8.304657109414093,3,2024-10-01 02:00:00
HP MAMPIL,MAMPIL,Hidráulica,Pasada,Región del Bío-Bío,convencional,0.0,0.0,741.1756385987449,46.50607981271891,3,2024-10-01 02:00:00
HP MARIPOSAS,MARIPOSAS,Hidráulica,Pasada,Región del Maule,ernc,1.0,0.0,46.9263154736772,2.1011783047915173,3,2024-10-01 02:00:00
PMGD PFV CARA DE GALLO,PMGD PFV Cara De Gallo,Solar,(en blanco),Región de O'Higgins,ernc,1.0,0.0,5.092241393522488,0.0,3,2024-10-01 02:00:00
PMGD PFV LA PAZ,PMGD PFV La Paz,Solar,(en blanco),Región Metropolitana,ernc,1.0,0.0,62.06278565730632,0.0,3,2024-10-01 02:00:00
PMGD PFV TREBO,PMGD PFV TREBO,Solar,(en blanco),Región Metropolitana,ernc,1.0,0.0,17.895553766527968,0.0,3,2024-10-01 02:00:00
HP LOS QUILOS,LOS QUILOS,Hidráulica,Pasada,Región de Valparaíso,convencional,0.0,0.0,515.3890213324335,22.11240025518692,3,2024-10-01 02:00:00
HP LOS MOLLES,MOLLES,Hidráulica,Pasada,Región de Coquimbo,ernc,1.0,0.0,98.22046105163805,0.15462441072018096,3,2024-10-01 02:00:00
PMGD PFV MALAQUITA SOLAR II,MALAQUITA SOLAR 2,Solar,(en blanco),Región de Atacama,ernc,1.0,0.0,90.91594389297185,0.0,3,2024-10-01 02:00:00
PMGD PFV SANTA INES SOLAR,PFV SANTA INES,Solar,(en blanco),Región Metropolitana,ernc,1.0,0.0,20.82112515473543,0.0,3,2024-10-01 02:00:00
HP DOS VALLES,Dos Valles,Hidráulica,Pasada,Región de O'Higgins,ernc,1.0,0.0,0.0,0.0,3,2024-10-01 02:00:00
PMGD HP MARIA ELENA,PMGD HP MARIA ELENA,Hidráulica,Pasada,Región de los Lagos,ernc,1.0,0.0,4.243785665187566,0.2146432181390129,3,2024-10-01 02:00:00
PMGD PFV PELLIN,PMGD PFV Pellin,Solar,(en blanco),Región de Ñuble,ernc,1.0,0.0,50.729427148241406,0.0,3,2024-10-01 02:00:00
HP EL PASO,El Paso,Hidráulica,Pasada,Región de O'Higgins,convencional,0.0,0.0,135.3759164944249,0.0,3,2024-10-01 02:00:00
PMGD PFV LUNA DEL NORTE,Luna del Norte,Solar,(en blanco),Región de Coquimbo,ernc,1.0,0.0,21.014185189595068,0.0,3,2024-10-01 02:00:00
HP FLORIDA,Florida U-1,Hidráulica,Pasada,Región Metropolitana,ernc,1.0,0.0,0.0,0.0,3,2024-10-01 02:00:00
PMGD PFV LUNA,Luna,Solar,(en blanco),Región de O'Higgins,ernc,1.0,0.0,15.945924610902646,0.0,3,2024-10-01 02:00:00
HP HORNITOS,HORNITOS,Hidráulica,Pasada,Región de Valparaíso,convencional,0.0,0.0,250.2403304896944,10.605947633709562,3,2024-10-01 02:00:00
PFV CHERCAN SOLAR,PFV CHERCÁN SOLAR,Solar,(en blanco),Región de Coquimbo,ernc,1.0,0.0,74.57181859814845,0.0,3,2024-10-01 02:00:00
BESS Arica,BESS Arica (Inyección),Bess,(en blanco),Arica y Parinacota,convencional,0.0,0.0,0.0,0.0,3,2024-10-01 02:00:00
PMGD PFV MAITENLAHUE,PMGD PFV Maitenlahue,Solar,(en blanco),Región Metropolitana,ernc,1.0,0.0,22.199667372391,0.0,3,2024-10-01 02:00:00
HP ISLA,ISLA,Hidráulica,Pasada,Región del Maule,convencional,0.0,0.0,1150.409079700666,57.532853438434316,3,2024-10-01 02:00:00
PMGD PFV HUINGAN,PMGD PFV Huigan,Solar,(en blanco),Región Metropolitana,ernc,1.0,0.0,66.75409614744778,0.0,3,2024-10-01 02:00:00
TER NEWEN,Newen Butano,Térmica,Gas Natural,Región del Bío-Bío,convencional,0.0,0.0,0.0,0.0,3,2024-10-01 02:00:00
BESS Arica,BESS Arica (Retiro),Bess,(en blanco),Arica y Parinacota,convencional,0.0,0.0,0.0,0.0,3,2024-10-01 02:00:00
PMGD PFV LUDERS,Luders,Solar,(en blanco),Región de O'Higgins,ernc,1.0,0.0,13.91843545792487,0.0,3,2024-10-01 02:00:00
PFV MANZANO,PFV El Manzano,Solar,(en blanco),Región Metropolitana,ernc,1.0,0.0,359.9818716656628,0.0,3,2024-10-01 02:00:00
HP ITATA,itata,Hidráulica,Pasada,Región de Ñuble,ernc,1.0,0.0,364.00412727769236,20.011221950395402,3,2024-10-01 02:00:00
PMGD PFV LUCE SOLAR,Solar Luce,Solar,(en blanco),Región Metropolitana,ernc,1.0,0.0,17.772640576416958,0.0,3,2024-10-01 02:00:00
HP JUNCAL,JUNCAL,Hidráulica,Pasada,Región de Valparaíso,ernc,0.467,0.0,205.71536165006484,9.405274316685839,3,2024-10-01 02:00:00
HP LICAN,LICAN,Hidráulica,Pasada,Región de los Ríos,ernc,1.0,0.0,298.98766716085765,15.87890461763875,3,2024-10-01 02:00:00
PMGD PFV LOS PUQUIOS,Solar Los Puquios,Solar,(en blanco),Región de Tarapacá,ernc,1.0,0.0,0.0,0.0,3,2024-10-01 02:00:00
PMGD PFV MARCHIGUE II,PFV MARCHIGUE II,Solar,(en blanco),Región de O'Higgins,ernc,1.0,0.0,76.78149805712816,0.0,3,2024-10-01 02:00:00
PMGD PFV SAN EMILIO SOLAR I,PMGD PFV San Emilio Solar 1,Solar,(en blanco),Región del Maule,ernc,1.0,0.0,14.930898419806246,0.0,3,2024-10-01 02:00:00
HP BLANCO,BLANCO,Hidráulica,Pasada,Región de Valparaíso,convencional,0.0,0.0,304.17057364601004,13.107350377508988,3,2024-10-01 02:00:00
HP CALLAO,CALLAO,Hidráulica,Pasada,Región de los Lagos,ernc,1.0,0.0,64.40453135577032,2.7575886447631692,3,2024-10-01 02:00:00
PMGD PFV OCOA,Ocoa,Solar,(en blanco),Región de Valparaíso,ernc,1.0,0.0,27.625371068359126,0.0,3,2024-10-01 02:00:00
PMGD TER LOS ALAMOS,PMGD TER Los Álamos,Térmica,Diésel,Región del Bío-Bío,convencional,0.0,0.0,0.0,0.0,3,2024-10-01 02:00:00
PMGD PFV POCILLAS,PMGD PFV Pocillas,Solar,(en blanco),Región del Maule,ernc,1.0,0.0,17.116126893692467,0.0,3,2024-10-01 02:00:00
HP CAPULLO,CAPULLO,Hidráulica,Pasada,Región de los Lagos,ernc,1.0,0.0,276.25491902520855,11.506452621477356,3,2024-10-01 02:00:00
PMGD PFV EL BOCO,EL BOCO,Solar,(en blanco),Región de Valparaíso,ernc,1.0,0.0,55.94604511531525,0.0,3,2024-10-01 02:00:00
HP CARENA,CARENA,Hidráulica,Pasada,Región Metropolitana,ernc,1.0,0.0,110.46194516618255,4.602581048590942,3,2024-10-01 02:00:00
HP CHACABUQUITO,CHACABUQUITO,Hidráulica,Pasada,Región de Valparaíso,ernc,0.65075,0.0,0.0,0.0,3,2024-10-01 02:00:00
PMGD PFV ÑILHUE,Ñilhue,Solar,(en blanco),Región de Valparaíso,ernc,1.0,0.0,6.760450201338646,0.0,3,2024-10-01 02:00:00
PMGD PFV MARCHIHUE VII,PFV MARCHIHUE VII,Solar,(en blanco),Región de O'Higgins,ernc,1.0,0.0,15.624412602377088,0.0,3,2024-10-01 02:00:00
HP CHACAYES,CHACAYES,Hidráulica,Pasada,Región de O'Higgins,convencional,0.0,0.0,827.4640276488499,33.31868454740834,3,2024-10-01 02:00:00
PMGD PFV ROMA,PMGD PFV Roma,Solar,(en blanco),Región de O'Higgins,ernc,1.0,0.0,17.35970324773835,0.0,3,2024-10-01 02:00:00
PMGD HP QUILLAILEO,Quillaileo,Hidráulica,Pasada,Región del Bío-Bío,ernc,1.0,0.0,6.5005825491118765,0.20719281978327092,3,2024-10-01 02:00:00
HP CHIBURGO,CHIBURGO,Hidráulica,Pasada,Región del Maule,ernc,1.0,0.0,31.017394023112875,0.0,3,2024-10-01 02:00:00
PMGD PFV NORTE CHICO,Norte Chico I,Solar,(en blanco),Región de Coquimbo,ernc,1.0,0.0,18.16439107048174,0.0,3,2024-10-01 02:00:00
PMGD PFV MOSTAZAL,Mostazal,Solar,(en blanco),Región de O'Higgins,ernc,1.0,0.0,45.671777214216704,0.0,3,2024-10-01 02:00:00
HP CORRENTOSO,Correntoso,Hidráulica,Pasada,Región de los Lagos,ernc,1.0,0.0,143.11025377825274,7.204039902142345,3,2024-10-01 02:00:00
PMGD PFV MONTT SOLAR,Montt Solar,Solar,(en blanco),Región de Valparaíso,ernc,1.0,0.0,15.567385309348266,0.0,3,2024-10-01 02:00:00
HP COYA,COYA,Hidráulica,Pasada,Región de O'Higgins,ernc,1.0,0.0,0.0,0.0,3,2024-10-01 02:00:00
HP CUMBRES,Cumbres,Hidráulica,Pasada,Región de los Ríos,ernc,1.0,0.0,267.1798298707043,13.637647759194467,3,2024-10-01 02:00:00
HP CURILLINQUE,CURILLINQUE,Hidráulica,Pasada,Región del Maule,convencional,0.0,0.0,1488.780412546436,73.04096011894322,3,2024-10-01 02:00:00
HP CHAPIQUIÑA,CHAP,Hidráulica,Pasada,Arica y Parinacota,ernc,1.0,0.0,165.2326596444148,8.00448878015816,3,2024-10-01 02:00:00
TER NEWEN,Newen Diésel,Térmica,Diésel,Región del Bío-Bío,convencional,0.0,0.0,0.0,0.0,3,2024-10-01 02:00:00
HP JUNCALITO,Juncalito,Hidráulica,Pasada,Región de Valparaíso,ernc,1.0,0.0,0.0,0.0,3,2024-10-01 02:00:00
PMGD PFV CENTRAL LLIU LLIU (FOSTER),PMGD PFV Foster,Solar,(en blanco),Región de Valparaíso,ernc,1.0,0.0,12.385422770976827,0.0,3,2024-10-01 02:00:00
PMGD HP SANTA ISABEL,SANTA ISABEL,Hidráulica,Pasada,Región del Bío-Bío,ernc,1.0,0.0,7.0808920272241185,0.0,3,2024-10-01 02:00:00
TER NEWEN,Newen Propano+Butano,Térmica,Gas Natural,Región del Bío-Bío,convencional,0.0,0.0,0.0,0.0,3,2024-10-01 02:00:00
PMGD PFV EL ZORZAL,PMGD PFV El Zorzal,Solar,(en blanco),Región del Maule,ernc,1.0,0.0,18.58011887791302,0.0,3,2024-10-01 02:00:00
TER NEWEN,Newen Gas Arg,Térmica,Gas Natural,Región del Bío-Bío,convencional,0.0,0.0,0.0,0.0,3,2024-10-01 02:00:00
PMGD PFV LAS BANDURRIAS,PMGD PFV Las Bandurrias,Solar,(en blanco),Región del Maule,ernc,1.0,0.0,3.155391014816308,0.0,3,2024-10-01 02:00:00
PMGD PFV DON EUGENIO,Don Eugenio,Solar,(en blanco),Región de O'Higgins,ernc,1.0,0.0,18.993428509172542,0.0,3,2024-10-01 02:00:00
PMGD HP EL LLANO,EL LLANO,Hidráulica,Pasada,Región Metropolitana,ernc,1.0,0.0,12.5540836560113,0.531292446500777,3,2024-10-01 02:00:00
PFV DE LOS ANDES,PFV de los Andes,Solar,(en blanco),Región de Antofagasta,ernc,1.0,0.0,0.0,0.0,3,2024-10-01 02:00:00
PMGD PFV LOS PATOS,Los Patos,Solar,(en blanco),Región del Maule,ernc,1.0,0.0,19.863094455534316,0.0,3,2024-10-01 02:00:00
PMGD PFV SANTA TERESITA,PMGD PFV Santa Teresita,Solar,(en blanco),Región Metropolitana,ernc,1.0,0.0,73.14099804139606,0.0,3,2024-10-01 02:00:00
PMGD HP SANTA ELENA,PMGD HP SANTA ELENA,Hidráulica,Pasada,Región de la Araucanía,ernc,1.0,0.0,64.75502011035856,2.7066802134871804,3,2024-10-01 02:00:00
PMGD PFV TRANQUE DEL SOL,PMGD PFV Tranque del Sol,Solar,(en blanco),Región de Valparaíso,ernc,1.0,0.0,78.80383181704985,0.0,3,2024-10-01 02:00:00
PMGD PFV MALVILLA,PMGD-PFV-Malvilla,Solar,(en blanco),Región de Valparaíso,ernc,1.0,0.0,19.066604497713108,0.0,3,2024-10-01 02:00:00
PFV SOL DEL NORTE,PFV Sol del Norte (Andes),Solar,(en blanco),Región de Antofagasta,ernc,1.0,0.0,72.25051685190259,0.0,3,2024-10-01 02:00:00
PMGD PFV HELIOS,PMGD PFV Helios,Solar,(en blanco),Región de Valparaíso,ernc,1.0,0.0,23.215390348432464,0.0,3,2024-10-01 02:00:00
PMGD PFV CHILENER,PMGD PFV Chilener,Solar,(en blanco),Región Metropolitana,ernc,1.0,0.0,11.335784308911919,0.0,3,2024-10-01 02:00:00
BESS ALFALFAL VR2,BESS ALFALFAL VR2 (Inyección),Bess,(en blanco),Región Metropolitana,ernc,1.0,0.0,170.7089788296821,0.0,3,2024-10-01 02:00:00
TER TARAPACA,Tarapacá TGTAR,Térmica,Diésel,Región de Tarapacá,convencional,0.0,0.0,0.0,0.0,3,2024-10-01 02:00:00
PMGD PFV CABILDO SUNLIGHT,PMGD PFV Cabildo Sunlight,Solar,(en blanco),Región de Valparaíso,ernc,1.0,0.0,88.02044396712523,0.0,3,2024-10-01 02:00:00
PFV DEL DESIERTO,PFV Del Desierto,Solar,(en blanco),Región de Antofagasta,ernc,1.0,0.0,0.0,0.0,3,2024-10-01 02:00:00
HP LOS HIERROS II,LOS HIERROS 2,Hidráulica,Pasada,Región del Maule,ernc,1.0,0.0,0.0,0.0,3,2024-10-01 02:00:00
PMGD HP MAISAN,MAISAN,Hidráulica,Pasada,Región de la Araucanía,ernc,1.0,0.0,8.843545822470997,0.39499347057043627,3,2024-10-01 02:00:00
PMGD PFV GR RAULI,RAULI,Solar,(en blanco),Región del Maule,ernc,1.0,0.0,56.14609060119613,0.0,3,2024-10-01 02:00:00
PMGD PFV PUEBLO HUNDIDO,PMGD PFV Pueblo Hundido,Solar,(en blanco),Región de O'Higgins,ernc,1.0,0.0,15.030784962668013,0.0,3,2024-10-01 02:00:00
PFV ELENA,PFV ELENA,Solar,(en blanco),Región de Antofagasta,ernc,1.0,0.0,340.8111210371841,0.0,3,2024-10-01 02:00:00
PMGD PFV PLOMO DE VERANO,PMGD PFV Plomo Verano,Solar,(en blanco),Región Metropolitana,ernc,1.0,0.0,17.667992707084885,0.0,3,2024-10-01 02:00:00
HP LA CONFLUENCIA,LA CONFLUENCIA,Hidráulica,Pasada,Región de O'Higgins,convencional,0.0,0.0,737.743714034252,33.62885848763947,3,2024-10-01 02:00:00
PMGD PFV ARICA,PMGD PFV Arica,Solar,(en blanco),Arica y Parinacota,ernc,1.0,0.0,48.67952099919633,0.0,3,2024-10-01 02:00:00
HP LA HIGUERA,LA HIGUERA,Hidráulica,Pasada,Región de O'Higgins,convencional,0.0,0.0,1172.7476567919475,59.873576075583046,3,2024-10-01 02:00:00
PMGD PFV PVP MAYOS,PMGD PFV Parque PVP Mayos,Solar,(en blanco),Región de O'Higgins,ernc,1.0,0.0,14.47030183543364,0.0,3,2024-10-01 02:00:00
PE MESAMAVIDA,Parque Eólico Mesamávida,Eólica,(en blanco),Región del Bío-Bío,ernc,1.0,0.0,262.4471758794357,0.5102861597350827,3,2024-10-01 02:00:00
HP LA MINA,LA MINA,Hidráulica,Pasada,Región del Maule,convencional,0.0,0.0,180.30110977306256,8.904993767925953,3,2024-10-01 02:00:00
HP LAJA I,LAJA I,Hidráulica,Pasada,Región del Bío-Bío,ernc,0.194,0.0,760.0962489528437,26.66495324890187,3,2024-10-01 02:00:00
PMGD PFV DON MATIAS,PMGD PFV Don Matías,Solar,(en blanco),Región de O'Higgins,ernc,1.0,0.0,17.027379629147113,0.0,3,2024-10-01 02:00:00
TER NEWEN,Newen GNL,Térmica,Gas Natural,Región del Bío-Bío,convencional,0.0,0.0,0.0,0.0,3,2024-10-01 02:00:00
PMGD HP RECA,RECA,Hidráulica,Pasada,Región de los Ríos,ernc,1.0,0.0,40.77438095520714,1.7007829630442812,3,2024-10-01 02:00:00
PMGD PFV MAIMALICAN,PMGD PFV Maimalicán,Solar,(en blanco),Región de Coquimbo,ernc,1.0,0.0,71.95565079076778,0.0,3,2024-10-01 02:00:00
HP LIRCAY,LIRCAY,Hidráulica,Pasada,Región del Maule,ernc,1.0,0.0,117.96615339758091,5.603142146110712,3,2024-10-01 02:00:00
PMGD PFV EL TRILE,PMGD PFV El Trile,Solar,(en blanco),Región del Maule,ernc,1.0,0.0,1.2974829443039564,0.0,3,2024-10-01 02:00:00
HP LLAUQUEREO,LLAUQUEREO,Hidráulica,Pasada,Región del Bío-Bío,ernc,1.0,0.0,43.588619104741966,1.8162027911062428,3,2024-10-01 02:00:00
HP LOMA ALTA,LOMA ALTA,Hidráulica,Pasada,Región del Maule,convencional,0.0,0.0,621.3337633284767,31.71795688676329,3,2024-10-01 02:00:00
PMGD PFV PARQUE SAN FRANCISCO PARRAL,PMGD PFV Parque San Francisco Parral,Solar,(en blanco),Región Metropolitana,ernc,1.0,0.0,6.295918218361933,0.0,3,2024-10-01 02:00:00
HP LOS HIERROS,LOS HIERROS,Hidráulica,Pasada,Región del Maule,ernc,0.665,0.0,414.2923280390361,21.93229925763336,3,2024-10-01 02:00:00
PMGD PFV DON SIMON,PMGD PFV Don Simon,Solar,(en blanco),Región de O'Higgins,ernc,1.0,0.0,28.99429785104352,0.0,3,2024-10-01 02:00:00
PMGD PFV DOÑIHUE,Doñihue,Solar,(en blanco),Región de O'Higgins,ernc,1.0,0.0,0.18613714932404746,0.0,3,2024-10-01 02:00:00
PMGD TER GENERADORA LAGUNITAS,PMGD TER Lagunitas,Térmica,Diésel,Región de los Lagos,convencional,0.0,0.0,0.0,0.0,3,2024-10-01 02:00:00
TER NEWEN,Newen Propano,Térmica,Gas Natural,Región del Bío-Bío,convencional,0.0,0.0,0.0,0.0,3,2024-10-01 02:00:00
PMGD PFV FULGOR,PMGD PFV Fulgor,Solar,(en blanco),Región del Bío-Bío,ernc,1.0,0.0,17.602790518114492,0.0,3,2024-10-01 02:00:00
PFV PAMPA TIGRE,pampa tigre,Solar,(en blanco),Región de Antofagasta,ernc,1.0,0.0,532.1784365488153,0.0,3,2024-10-01 02:00:00
PMGD PFV PARQUE PVP UNIHUE,PMGD PFV PVP Unihue,Solar,(en blanco),Región del Maule,ernc,1.0,0.0,19.307867473856305,0.0,3,2024-10-01 02:00:00
PMGD PFV LAS ARBOLEDAS,PMGD PFV Las Arboledas,Solar,(en blanco),Región Metropolitana,ernc,1.0,0.0,11.8363091231517,0.0,3,2024-10-01 02:00:00
BESS Diego de Almagro Sur,BESS Diego de Almagro Sur (inyección),Bess,(en blanco),Región de Atacama,ernc,1.0,0.0,33.73892020836664,0.0,3,2024-10-01 02:00:00
PFV ALTO DEL SOL [EN_REVISION],PFV Alto del Sol,Solar,(en blanco),Región de Ñuble,ernc,1.0,0.0,0.0,0.0,3,2024-10-01 02:00:00
PMGD PFV PVP LA ROSA,PMGD PFV PVP LA ROSA [EN_REVISION],Solar,(en blanco),Región de O'Higgins,ernc,1.0,0.0,0.0,0.0,3,2024-10-01 02:00:00
PMGD PFV PARQUE ALHUE,PMGD PFV ALHUE,Solar,(en blanco),Región Metropolitana,ernc,1.0,0.0,13.153266398026563,0.0,3,2024-10-01 02:00:00
PMGD PFV CHANCON,Chancon,Solar,(en blanco),Región de O'Higgins,ernc,1.0,0.0,6.632062434178633,0.0,3,2024-10-01 02:00:00
PMGD PFV PARQUE PANGUILEMO AEROPUERTO,PMGD PFV Panguilemo Aeropuerto,Solar,(en blanco),Región del Maule,ernc,1.0,0.0,30.361845628405355,0.0,3,2024-10-01 02:00:00
PMGD HP PANGUIPULLI [En_Revision],Panguipulli,Hidráulica,Pasada,Región de los Ríos,ernc,1.0,0.0,0.0,0.0,3,2024-10-01 02:00:00
PMGD PFV BELENOS TIL TIL [EN_REVISION],PMGD PFV BELENOS TIL TIL [EN_REVISION],Solar,(en blanco),Región Metropolitana,ernc,1.0,0.0,0.0,0.0,3,2024-10-01 02:00:00
PFV SOL DE LILA,PFV Sol de Lila,Solar,(en blanco),Región de Antofagasta,ernc,1.0,0.0,649.3841635122814,0.0,3,2024-10-01 02:00:00
GEO CERRO PABELLON,GEO Cerro Pabellón G2A,Geotérmica,(en blanco),Región de Antofagasta,ernc,1.0,0.0,195.0793971834296,8.92500498987635,3,2024-10-01 02:00:00
PFV PILAR LOS AMARILLOS,PMG PFV Pilar Los Amarillos,Solar,(en blanco),Región de Atacama,ernc,1.0,0.0,15.644206487348626,0.04617248864050532,3,2024-10-01 02:00:00
PMGD PFV PSF EL PERAL,PMGD PFV PSF El Peral,Solar,(en blanco),Región Metropolitana,ernc,1.0,0.0,48.96481509273572,0.0,3,2024-10-01 02:00:00
HP PALMUCHO,PALMUCHO,Hidráulica,Pasada,Región del Bío-Bío,ernc,0.3,0.0,688.169343576712,28.506225803001655,3,2024-10-01 02:00:00
PMGD PFV DOÑA IGNA,PMGD PFV Doña Igna,Solar,(en blanco),Región Metropolitana,ernc,1.0,0.0,15.665202832839425,0.0,3,2024-10-01 02:00:00
PMGD PFV YAHUTELA,PMGD PFV Yahutela,Solar,(en blanco),Región de Valparaíso,ernc,1.0,0.0,46.15253803374688,0.0,3,2024-10-01 02:00:00
PMGD PFV PARQUE SOLAR CANTILLANA,PMGD PFV CANTILLANA,Solar,(en blanco),Región Metropolitana,ernc,1.0,0.0,0.0,0.0,3,2024-10-01 02:00:00
PMGD HP TRANQUIL,PMGD HP TRANQUIL,Hidráulica,Pasada,Región de los Ríos,ernc,1.0,0.0,59.99584443978673,2.901008855159783,3,2024-10-01 02:00:00
PMGD PFV EL CERNICALO,Cernicalo 1,Solar,(en blanco),Región de Ñuble,ernc,1.0,0.0,9.879198146349253,0.0,3,2024-10-01 02:00:00
HP SAN CLEMENTE,SAN CLEMENTE,Hidráulica,Pasada,Región del Maule,ernc,1.0,0.0,0.0,0.0,3,2024-10-01 02:00:00
PMGD PFV CHALINGA SOLAR,Chalinga,Solar,(en blanco),Región de Coquimbo,ernc,1.0,0.0,5.764766838568948,0.0,3,2024-10-01 02:00:00
PMGD PFV CASUTO,Casuto,Solar,(en blanco),Región de Valparaíso,ernc,1.0,0.0,20.878687652898112,0.0,3,2024-10-01 02:00:00
PMGD PFV LA ESPERANZA II,LA ESPERANZA II,Solar,(en blanco),Región de O'Higgins,ernc,1.0,0.0,58.57717668941993,0.0,3,2024-10-01 02:00:00
GEO CERRO PABELLON,GEO Cerro Pabellón G3A,Geotérmica,(en blanco),Región de Antofagasta,ernc,1.0,0.0,183.01263034734112,8.09453927893494,3,2024-10-01 02:00:00
PMGD PFV SIETE COLORES,PMGD PFV Siete Colores,Solar,(en blanco),Región de Coquimbo,ernc,1.0,0.0,48.289423247060896,0.0,3,2024-10-01 02:00:00
PMGD PFV EL CERNICALO II,Cernicalo 2,Solar,(en blanco),Región de Ñuble,ernc,1.0,0.0,9.492762303549844,0.0,3,2024-10-01 02:00:00
BESS San Andrés,BESS San Andrés (Inyección),Bess,(en blanco),Región de Atacama,ernc,1.0,0.0,220.4867475527845,17.229327303442666,3,2024-10-01 02:00:00
BESS PFV El Manzano,BESS El Manzano (Retiro),Bess,(en blanco),Región Metropolitana,ernc,1.0,0.0,126.86114155453163,0.07003927682638392,3,2024-10-01 02:00:00
PMGD PFV LA CHAPEANA,La Chapeana,Solar,(en blanco),Región de Coquimbo,ernc,1.0,0.0,1.8607343741550078,0.0,3,2024-10-01 02:00:00
PMGD HP SANTA ROSA,Minihidro Santa Rosa,Hidráulica,Pasada,Región de Tarapacá,ernc,1.0,0.0,11.93469600052676,0.49716103979270626,3,2024-10-01 02:00:00
PMGD PFV ERINOME,PMGD PFV Erinome,Solar,(en blanco),Región del Maule,ernc,1.0,0.0,15.908497435884179,0.0,3,2024-10-01 02:00:00
PMGD PFV SAN ANTONIO DEL MONTE SUNLIGHT,PMGD PFV San Antonio Del Monte Sunlight,Solar,(en blanco),Región Metropolitana,ernc,1.0,0.0,2.9949684454881256,0.0,3,2024-10-01 02:00:00
PMGD PFV PARQUE LA TRAVESIA,PMGD PFV Parque La Travesía,Solar,(en blanco),Región de Atacama,ernc,1.0,0.0,1.7209944144799412,0.0,3,2024-10-01 02:00:00
PMGD HP SAUCE ANDES,SAUCE ANDES,Hidráulica,Pasada,Región de Valparaíso,ernc,1.0,0.0,12.255050660731213,0.5531445140658519,3,2024-10-01 02:00:00
PMGD PFV LOICA,PMGD PFV Loica,Solar,(en blanco),Región del Maule,ernc,1.0,0.0,16.875653467415308,0.0,3,2024-10-01 02:00:00
HP LOS LAGOS [En_Revision],HP Los Lagos,Hidráulica,Pasada,Región de los Ríos,ernc,1.0,0.0,0.0,0.0,3,2024-10-01 02:00:00
HP RUCATAYO,RUCATAYO,Hidráulica,Pasada,Región de los Lagos,convencional,0.0,0.0,677.2097676343059,27.8556209549504,3,2024-10-01 02:00:00
PMGD TER LOS PINOS,PMGD TER Los Pinos,Térmica,Diésel,Región del Bío-Bío,convencional,0.0,0.0,27.850021592924115,1.1615851127284966,3,2024-10-01 02:00:00
HP PIEDRAS NEGRAS,HP PIEDRAS NEGRAS,Hidráulica,Pasada,Región Metropolitana,ernc,1.0,0.0,32.378874291519644,1.620326955994069,3,2024-10-01 02:00:00
PFV EL AGUILA,SOLAR EL AGUILA I,Solar,(en blanco),Arica y Parinacota,ernc,1.0,0.0,14.14793391892955,0.0,3,2024-10-01 02:00:00
HP RIO COLORADO,HP Rio Colorado,Hidráulica,Pasada,Región del Maule,ernc,1.0,0.0,155.98747510333217,8.204600999662114,3,2024-10-01 02:00:00
PMGD PFV PARQUE EL TRIGAL,PMGD PFV El Trigal,Solar,(en blanco),Región de Ñuble,ernc,1.0,0.0,26.229987263129807,0.0,3,2024-10-01 02:00:00
PMGD HP EL AGRIO,El Agrio,Hidráulica,Pasada,Región de la Araucanía,ernc,1.0,0.0,26.860713212335195,1.157195108289226,3,2024-10-01 02:00:00
PMGD PFV LO BOZA,PMGD PFV LO BOZA,Solar,(en blanco),Región Metropolitana,ernc,1.0,0.0,1.9503410427394197,0.0,3,2024-10-01 02:00:00
PMGD PFV CE CALDERA,PMGD PFV Ce Caldera,Solar,(en blanco),Región de Atacama,ernc,1.0,0.0,7.942584083464937,0.0,3,2024-10-01 02:00:00
PFV PMG LLANCAY [En_Revision],PFV PMG LLANCAY,Solar,(en blanco),Región Metropolitana,ernc,1.0,0.0,0.0,0.0,3,2024-10-01 02:00:00
PMGD PFV EL HUASO,PMGD PFV El Huaso,Solar,(en blanco),Región de Valparaíso,ernc,1.0,0.0,16.928872036977264,0.0,3,2024-10-01 02:00:00
PMGD PFV CANESA SOLAR,Canesa Solar I,Solar,(en blanco),Región de Coquimbo,ernc,1.0,0.0,19.39834533399001,0.0,3,2024-10-01 02:00:00
PMGD TER LAS PAMPAS [No_Mostrar],Las Pampas,Térmica,BioGas,Región de O'Higgins,ernc,1.0,0.0,0.0,0.0,3,2024-10-01 02:00:00
PE CERRO TIGRE,PE CERRO TIGRE,Eólica,(en blanco),Región de Antofagasta,ernc,1.0,0.0,751.5514571800248,0.670375935338246,3,2024-10-01 02:00:00
PMGD PFV EL PITIO,EL PITIO SOLAR,Solar,(en blanco),Región del Maule,ernc,1.0,0.0,19.233336101939965,0.0,3,2024-10-01 02:00:00
PE CABO LEONES,PE CABO LEONES,Eólica,(en blanco),Región de Atacama,ernc,1.0,0.0,2477.939586062587,95.32345576070848,3,2024-10-01 02:00:00
PE AURORA,Aurora,Eólica,(en blanco),Región de los Lagos,ernc,1.0,0.0,549.9984296956424,29.936788037791523,3,2024-10-01 02:00:00
PMGD PFV PARQUE PVP ITIHUE,PMGD PFV Parque PVP Itihue,Solar,(en blanco),Región de Ñuble,ernc,1.0,0.0,58.12455052102003,0.0,3,2024-10-01 02:00:00
PMGD TER CONCHALI,PMGD CONCHALI,Térmica,Diésel,Región de Coquimbo,convencional,0.0,0.0,0.0,0.0,3,2024-10-01 02:00:00
HP SAUZALITO,SAUZALITO,Hidráulica,Pasada,Región de O'Higgins,ernc,1.0,0.0,0.0,0.0,3,2024-10-01 02:00:00
PMGD PFV LA VENDIMIA,PMGD PFV La Vendimia,Solar,(en blanco),Región del Maule,ernc,1.0,0.0,57.08564662821764,0.0,3,2024-10-01 02:00:00
HP PUNTA DEL VIENTO,PMG Punta del Viento,Hidráulica,Pasada,Región de O'Higgins,ernc,1.0,0.0,52.38937906613517,2.981672070608915,3,2024-10-01 02:00:00
PMGD PFV EL TIUQUE,PMGD PFV El Tiuque,Solar,(en blanco),Región del Maule,ernc,1.0,0.0,5.728483080459091,0.0,3,2024-10-01 02:00:00
BESS Salvador,BESS Salvador (retiro),Bess,(en blanco),Región de Atacama,ernc,1.0,0.0,278.51439926871495,0.0,3,2024-10-01 02:00:00
PMGD PFV LA FRONTERA,La Frontera,Solar,(en blanco),Región de O'Higgins,ernc,1.0,0.0,30.603048711461536,0.0,3,2024-10-01 02:00:00
HP SAN IGNACIO,SAN IGNACIO,Hidráulica,Pasada,Región del Maule,ernc,0.0575,0.0,668.3748131432063,26.014588535514022,3,2024-10-01 02:00:00
PMGD TER LIPIGAS CONCON,Lipigas Concón,Térmica,Gas Natural,Región de Valparaíso,convencional,0.0,0.0,0.0,0.0,3,2024-10-01 02:00:00
PMGD PFV PARQUE EL INGENIO,PMGD PFV El Ingenio,Solar,(en blanco),Región de Valparaíso,ernc,1.0,0.0,19.47895518121116,0.0,3,2024-10-01 02:00:00
PMGD PFV CEFALU SOLAR [EN_REVISION],PMGD Cefalu Solar,Solar,(en blanco),Región Metropolitana,ernc,1.0,0.0,0.0,0.0,3,2024-10-01 02:00:00
PFV CARACAS II,PFV CARACAS II,Solar,(en blanco),Región de Coquimbo,ernc,1.0,0.0,84.92447662088408,0.0,3,2024-10-01 02:00:00
PFV PILOTO SOLAR CARDONES,PFV Piloto Solar Cardones,Solar,(en blanco),Región de Atacama,ernc,1.0,0.0,0.5503086036358735,0.0,3,2024-10-01 02:00:00
PMGD HP DOSAL,MCH Dosal,Hidráulica,Pasada,Región del Maule,ernc,1.0,0.0,0.0,0.0,3,2024-10-01 02:00:00
PMGD PFV GUARANA,PMGD PFV GUARANA,Solar,(en blanco),Región de O'Higgins,ernc,1.0,0.0,11.607105822868094,0.0,3,2024-10-01 02:00:00
BESS PFV El Manzano,BESS El Manzano (Inyección),Bess,(en blanco),Región Metropolitana,ernc,1.0,0.0,113.9038753416506,0.0,3,2024-10-01 02:00:00
PMGD HP DOÑA HILDA,PMGD HP DOÑA HILDA,Hidráulica,Pasada,Región de los Ríos,ernc,1.0,0.0,15.233062826728332,0.6374752372905048,3,2024-10-01 02:00:00
PFV LA CRUZ SOLAR,PFV LA CRUZ SOLAR,Solar,(en blanco),Región de Antofagasta,ernc,1.0,0.0,269.12091839989256,0.0,3,2024-10-01 02:00:00
HP LAS LAJAS,LAS LAJAS,Hidráulica,Pasada,Región Metropolitana,convencional,0.0,0.0,0.0,0.0,3,2024-10-01 02:00:00
PMGD PFV TURQUÍA,PMGD PFV Turquia,Solar,(en blanco),Región del Bío-Bío,ernc,1.0,0.0,6.024032240564106,0.0,3,2024-10-01 02:00:00
TER PLANTA DE ACIDO SULFURICO MEJILLONES,TER PAM,Térmica,Cogeneracion,Región de Antofagasta,convencional,0.0,0.0,458.427078050633,19.01066085287563,3,2024-10-01 02:00:00
PMGD PFV TALHUEN,Talhuén,Solar,(en blanco),Región de Coquimbo,ernc,1.0,0.0,20.32066505768794,0.0,3,2024-10-01 02:00:00
GEO CERRO PABELLON,GEO Cerro Pabellón G1A,Geotérmica,(en blanco),Región de Antofagasta,ernc,1.0,0.0,231.21966402584366,9.435291149611432,3,2024-10-01 02:00:00
PMGD PFV OVEJERIA,Ovejeria,Solar,(en blanco),Región Metropolitana,ernc,1.0,0.0,63.12312958241148,0.0,3,2024-10-01 02:00:00
PFV DESIERTO DE ATACAMA [EN_REVISION],PFV DESIERTO DE ATACAMA,Solar,(en blanco),Región de Atacama,ernc,1.0,0.0,0.0,0.0,3,2024-10-01 02:00:00
BESS Salvador,BESS Salvador (inyección),Bess,(en blanco),Región de Atacama,ernc,1.0,0.0,284.72351398496016,24.342613933505003,3,2024-10-01 02:00:00
BESS San Andrés,BESS San Andrés (retiro),Bess,(en blanco),Región de Atacama,ernc,1.0,0.0,215.64117576565081,0.013953433246284924,3,2024-10-01 02:00:00
PFV DON HUMBERTO [EN_REVISION],PFV DON HUMBERTO,Solar,(en blanco),Región Metropolitana,ernc,1.0,0.0,106.90995326998741,0.0,3,2024-10-01 02:00:00
HP ALFALFAL II,ALFALFAL 2,Hidráulica,Pasada,Región Metropolitana,convencional,0.0,0.0,0.0,0.0,3,2024-10-01 02:00:00
PFV EL PELICANO,PFV El Pelícano,Solar,(en blanco),Región de Coquimbo,ernc,1.0,0.0,541.5536940325757,0.0,3,2024-10-01 02:00:00
PMGD PFV CURACO,PMGD PFV CURACO,Solar,(en blanco),Región de O'Higgins,ernc,1.0,0.0,0.0,0.0,3,2024-10-01 02:00:00
HP RENAICO,RENAICO,Hidráulica,Pasada,Región del Bío-Bío,ernc,1.0,0.0,119.66710726336447,5.903310475366644,3,2024-10-01 02:00:00
PFV MARIA ELENA,PFV MARIA ELENA,Solar,(en blanco),Región de Antofagasta,ernc,1.0,0.0,0.0,0.0,3,2024-10-01 02:00:00
HP QUELTEHUES,QUELTEHUES,Hidráulica,Pasada,Región Metropolitana,convencional,0.0,0.0,814.9970363737533,32.55825811329332,3,2024-10-01 02:00:00
PMGD PFV HURTADO,PMGD PFV Hurtado,Solar,(en blanco),Región del Bío-Bío,ernc,1.0,0.0,19.38179172520984,0.0,3,2024-10-01 02:00:00
PMGD PFV SAN ALBERTO,PMGD PFV San Alberto,Solar,(en blanco),Región de Ñuble,ernc,1.0,0.0,25.31024125482737,0.0,3,2024-10-01 02:00:00
BESS Andes Solar IIA,BESS Andes Solar IIA (inyección),Bess,(en blanco),Región de Antofagasta,ernc,0.95,0.0,171.67122892764976,0.44307484658227236,3,2024-10-01 02:00:00
PMGD PFV ROVIAN,Rovián,Solar,(en blanco),Región de O'Higgins,ernc,1.0,0.0,32.75206835765759,0.0,3,2024-10-01 02:00:00
PFV PAMPA SOLAR NORTE,PFV Pampa Solar Norte,Solar,(en blanco),Región de Antofagasta,ernc,1.0,0.0,340.9511995908369,0.0,3,2024-10-01 02:00:00
PE ATACAMA,PE ATACAMA,Eólica,(en blanco),Región de Atacama,ernc,1.0,0.0,2132.1656819817044,71.87030363484509,3,2024-10-01 02:00:00
TER ANDES GENERACION,Andes Generación Unidad 2 Diesel,Térmica,Diésel,Región de Atacama,convencional,0.0,0.0,0.0,0.0,3,2024-10-01 02:00:00
PMGD PFV CLEMENTINA,PMGD PFV Clementina,Solar,(en blanco),Región Metropolitana,ernc,1.0,0.0,42.275496630757715,0.0,3,2024-10-01 02:00:00
HP PULLINQUE,HP Pullinque,Hidráulica,Pasada,Región de los Ríos,convencional,0.0,0.0,756.7243580542018,30.256967588997846,3,2024-10-01 02:00:00
PMGD PFV LIMA,PMGD PFV Lima,Solar,(en blanco),Región Metropolitana,ernc,1.0,0.0,16.21703271698334,0.0,3,2024-10-01 02:00:00
HP PUNTILLA,PUNTILLA,Hidráulica,Pasada,Región Metropolitana,ernc,0.83975,0.0,377.51170209420934,16.609314218828185,3,2024-10-01 02:00:00
PMGD HP EL ARRAYAN,MINICENTRAL_ARRAYAN,Hidráulica,Pasada,Región de los Ríos,ernc,1.0,0.0,27.247809218843095,1.1460918358642946,3,2024-10-01 02:00:00
TER ANDES GENERACION,Andes Generación Unidad 2 FO6,Térmica,Diésel,Región de Atacama,convencional,0.0,0.0,0.0,0.0,3,2024-10-01 02:00:00
PMGD PFV ALAMEDA,PMGD PFV Alameda,Solar,(en blanco),Región de O'Higgins,ernc,1.0,0.0,35.98153343543922,0.0,3,2024-10-01 02:00:00
PMGD PFV CHUCHIÑI,Chuchiñi,Solar,(en blanco),Región de Coquimbo,ernc,1.0,0.0,0.0,0.0,3,2024-10-01 02:00:00
PMGD PFV CHAÑAR DEL VERANO,PMGD PFV Chañar del Verano,Solar,(en blanco),Región de Antofagasta,ernc,1.0,0.0,17.0948314923963,0.0,3,2024-10-01 02:00:00
PMGD PFV GABARDO DEL VERANO SOLAR,PMGD PFV GABARDO,Solar,(en blanco),Región Metropolitana,ernc,1.0,0.0,10.026304565108356,0.0,3,2024-10-01 02:00:00
TER ANDES GENERACION,Andes Generación Unidad 1 FO6,Térmica,Diésel,Región de Atacama,convencional,0.0,0.0,0.0,0.0,3,2024-10-01 02:00:00
PMGD PFV PARQUE SOLAR JOTABECHE,PMGD PFV Parque Jotabeche,Solar,(en blanco),Región de Atacama,ernc,1.0,0.0,33.39586750668945,0.0,3,2024-10-01 02:00:00
PFV VALLE ESCONDIDO,Valle Escondido,Solar,(en blanco),Región de Atacama,ernc,1.0,0.0,525.0544415344746,0.0,3,2024-10-01 02:00:00
PMGD HP EL PORTAL,PMGD HP El Portal,Hidráulica,Pasada,Región del Maule,ernc,1.0,0.0,11.322584839775788,0.45168142630471464,3,2024-10-01 02:00:00
PMGD TER PICOLTUE,Picoltué,Térmica,Diésel,Región del Bío-Bío,convencional,0.0,0.0,0.0,0.0,3,2024-10-01 02:00:00
PMGD HP RIO MULCHEN,Hidroeléctrica Rio Mulchen,Hidráulica,Pasada,Región del Bío-Bío,ernc,1.0,0.0,70.42827090729944,2.7573476037915228,3,2024-10-01 02:00:00
HP PROVIDENCIA,PROVIDENCIA,Hidráulica,Pasada,Región del Maule,ernc,1.0,0.0,64.27489759357763,2.7510541575346945,3,2024-10-01 02:00:00
PMGD PFV SGT CATAPILCO,PMGD PFV SGT CATAPILCO,Solar,(en blanco),Región Metropolitana,ernc,1.0,0.0,9.724070938869264,0.0,3,2024-10-01 02:00:00
PMGD PFV CHEQUEN SOLAR,PMGD PFV Chequen Solar,Solar,(en blanco),Región Metropolitana,ernc,1.0,0.0,46.706249104327924,0.0,3,2024-10-01 02:00:00
PMGD PFV SAGRADA FAMILIA LA FORTUNA 15,PMGD PFV SAGRADA FAMILIA LA FORTUNA 15 [EN_REVISION],Solar,(en blanco),Región del Maule,ernc,1.0,0.0,13.568344880127327,0.0,3,2024-10-01 02:00:00
PMGD PFV QUEBRADA DE TALCA,PMGD PFV Quebrada de Talca,Solar,(en blanco),Región de Coquimbo,ernc,1.0,0.0,82.87163426856652,0.0,3,2024-10-01 02:00:00
PMGD PFV SOY SOLAR,PMGD PFV Soy Solar,Solar,(en blanco),Región de Coquimbo,ernc,1.0,0.0,18.427596680678146,0.0,3,2024-10-01 02:00:00
PMGD PFV EL CHERCAN,PMGD PFV El Chercan,Solar,(en blanco),Región del Maule,ernc,1.0,0.0,50.908223097746365,0.0,3,2024-10-01 02:00:00
PFV VENEZIA SOLAR [EN_REVISION],PFV VENEZIA SOLAR,Solar,(en blanco),Región del Maule,ernc,1.0,0.0,18.370301750462982,0.0,3,2024-10-01 02:00:00
PMGD HP ARRAYAN,Arrayán,Hidráulica,Pasada,Región Metropolitana,ernc,1.0,0.0,0.0,0.0,3,2024-10-01 02:00:00
TER ANDES GENERACION,Andes Generación Unidad 1 Diesel,Térmica,Diésel,Región de Atacama,convencional,0.0,0.0,0.0,0.0,3,2024-10-01 02:00:00
PMGD PFV CONDOR PETORCA,PMGD PFV Condor Petorca,Solar,(en blanco),Región de Valparaíso,ernc,1.0,0.0,22.77796652214555,0.0,3,2024-10-01 02:00:00
PMGD PFV CITRINO,Citrino,Solar,(en blanco),Región Metropolitana,ernc,1.0,0.0,12.143549630263795,0.0,3,2024-10-01 02:00:00
PMGD PFV SANTA EMILIA,PMGD PFV Santa Emilia,Solar,(en blanco),Región de O'Higgins,ernc,1.0,0.0,37.55295526697744,0.0,3,2024-10-01 02:00:00
PMGD PFV MANAO,PMGD PFV MANAO,Solar,(en blanco),Región Metropolitana,ernc,1.0,0.0,23.93211634489082,0.0,3,2024-10-01 02:00:00
PFV PAMPA CAMARONES,PARQUE SOLAR PAMPA CAMARONES,Solar,(en blanco),Arica y Parinacota,ernc,1.0,0.0,43.63446946283718,0.0,3,2024-10-01 02:00:00
PMGD PFV NIHUE,PMGD PFV Nihue,Solar,(en blanco),Región Metropolitana,ernc,1.0,0.0,20.79180558062063,0.0,3,2024-10-01 02:00:00
PMGD PFV AÑUÑUCA DEL VERANO SOLAR,PMGD PFV Añuñuca del Verano,Solar,(en blanco),Región de Valparaíso,ernc,1.0,0.0,19.919115510181886,0.0,3,2024-10-01 02:00:00
PMGD PFV PASTRAN,PMGD PFV Pastrán,Solar,(en blanco),Región de Coquimbo,ernc,1.0,0.0,82.55981287487172,0.0,3,2024-10-01 02:00:00
PMGD HP TRUFULTRUFUL,TRUFUL-TRUFUL,Hidráulica,Pasada,Región de la Araucanía,ernc,1.0,0.0,18.554912967170164,0.7747280027896934,3,2024-10-01 02:00:00
PFV LUCAS SOLAR,PMG Lucas Solar,Solar,(en blanco),Región de Coquimbo,ernc,1.0,0.0,82.50252534920892,0.0,3,2024-10-01 02:00:00
PMGD PFV CHIMBARONGO,PMGD PFV CHIMBARONGO,Solar,(en blanco),Región de O'Higgins,ernc,1.0,0.0,9.205279762066334,0.0,3,2024-10-01 02:00:00
PMGD PFV MILAN A,PMGD PFV Milán A,Solar,(en blanco),Región del Maule,ernc,1.0,0.0,15.916971835082048,0.0,3,2024-10-01 02:00:00
HP QUILLECO,QUILLECO,Hidráulica,Pasada,Región del Bío-Bío,convencional,0.0,0.0,1577.884850788677,67.03759353382459,3,2024-10-01 02:00:00
TER ANDES GENERACION,Andes Generación Unidad 4 FO6,Térmica,Diésel,Región de Atacama,convencional,0.0,0.0,0.0,0.0,3,2024-10-01 02:00:00
PMGD PFV LAS TAGUAS,PMGD PFV Las Taguas,Solar,(en blanco),Región de Coquimbo,ernc,1.0,0.0,83.79571065126872,0.0,3,2024-10-01 02:00:00
PMGD PFV EL CAIQUEN,PMGD PFV EL CAIQUEN,Solar,(en blanco),Región del Maule,ernc,1.0,0.0,32.50371641964605,0.0,3,2024-10-01 02:00:00
TER SAN JAVIER II,TER SAN JAVIER 2,Térmica,Diésel,Región del Maule,convencional,0.0,0.0,0.0,0.0,3,2024-10-01 02:00:00
PMGD HP EL GALPON,El Galpón,Hidráulica,Pasada,Región del Maule,ernc,1.0,0.0,31.938251582153917,1.357532796031905,3,2024-10-01 02:00:00
TER ANDES GENERACION,Andes Generación Unidad 4 Diesel,Térmica,Diésel,Región de Atacama,convencional,0.0,0.0,0.0,0.0,3,2024-10-01 02:00:00
PMGD PFV DUQUECO SOLAR,PMGD PFV Duqueco Solar,Solar,(en blanco),Región del Bío-Bío,ernc,1.0,0.0,71.0440854194264,0.0,3,2024-10-01 02:00:00
PMGD PFV EL RAYADOR,PMGD PFV El Rayador,Solar,(en blanco),Región Metropolitana,ernc,1.0,0.0,84.19738085143472,0.0,3,2024-10-01 02:00:00
PMGD TER DIESEL COYA,PMGD TER Diesel Coya,Térmica,Diésel,Región Metropolitana,convencional,0.0,0.0,0.0,0.0,3,2024-10-01 02:00:00
PMGD PFV SAN CARLOS SOLAR,PMGD PFV San Carlos,Solar,(en blanco),Región de Ñuble,ernc,1.0,0.0,18.149602907633394,0.0,3,2024-10-01 02:00:00
PMGD TER CORTES,Cortés,Térmica,Diésel,Región de Valparaíso,convencional,0.0,0.0,0.0,0.0,3,2024-10-01 02:00:00
PE HORIZONTE [EN_REVISION],PE Horizonte,Eólica,(en blanco),Región de Antofagasta,ernc,1.0,0.0,79.74471947232567,11.506452621477356,3,2024-10-01 02:00:00
PMGD PFV LA LIGUA,La Ligua,Solar,(en blanco),Región de Valparaíso,ernc,1.0,0.0,22.24002442723588,0.0,3,2024-10-01 02:00:00
PMGD PFV CKILIR,PMGD PFV Ckilir,Solar,(en blanco),Región de Antofagasta,ernc,1.0,0.0,91.83095926091222,0.0,3,2024-10-01 02:00:00
PMGD PFV ANAKENA,PMGD PFV Anakena,Solar,(en blanco),Región de Coquimbo,ernc,1.0,0.0,79.34638064863853,0.0,3,2024-10-01 02:00:00
PMGD PFV LA BLANQUINA,LA BLANQUINA,Solar,(en blanco),Región de O'Higgins,ernc,1.0,0.0,41.571570584292004,0.0,3,2024-10-01 02:00:00
PMGD PFV LA MANGA,La Manga,Solar,(en blanco),Región Metropolitana,ernc,1.0,0.0,15.075256164155835,0.0,3,2024-10-01 02:00:00
PMGD PFV BELEN,PMGD PFV BELEN,Solar,(en blanco),Región Metropolitana,ernc,1.0,0.0,0.0,0.0,3,2024-10-01 02:00:00
PMGD PFV LAGUNILLA,Solar Lagunilla,Solar,(en blanco),Región de Coquimbo,ernc,1.0,0.0,9.667933580800721,0.0,3,2024-10-01 02:00:00
TER ANDES GENERACION,Andes Generación Unidad 3 FO6,Térmica,Diésel,Región de Atacama,convencional,0.0,0.0,0.0,0.0,3,2024-10-01 02:00:00
TER ANDES GENERACION,Andes Generación Unidad 3 Diesel,Térmica,Diésel,Región de Atacama,convencional,0.0,0.0,0.0,0.0,3,2024-10-01 02:00:00
PFV PMG NORTH WEST,PMG North West,Solar,(en blanco),Región de Atacama,ernc,1.0,0.0,88.89318435508116,0.0,3,2024-10-01 02:00:00
PMGD PFV SANTA LUCIA,PMGD PFV Santa Lucía,Solar,(en blanco),Región de Coquimbo,ernc,1.0,0.0,51.666459735461096,0.0,3,2024-10-01 02:00:00
PMGD PFV LA LAJUELA,La Lajuela,Solar,(en blanco),Región de O'Higgins,ernc,1.0,0.0,34.55208121422594,0.0,3,2024-10-01 02:00:00
PMGD PFV LOS TORDOS,PMGD PFV Los Tordos,Solar,(en blanco),Región del Maule,ernc,1.0,0.0,37.09129166133759,0.0,3,2024-10-01 02:00:00
HP LA MINA,LA MINA,Hidráulica,Pasada,Región del Maule,convencional,0.0,0.0,180.30110977306256,8.204600999662114,4,2024-10-01 03:00:00
TER ATACAMA,Atacama TG2B GNL,Térmica,Gas Natural,Región de Antofagasta,convencional,0.0,0.0,29.216384047577286,0.0,4,2024-10-01 03:00:00
TER ATACAMA,Atacama TG1A + TG1B + TV1C GNL,Térmica,Gas Natural,Región de Antofagasta,convencional,0.0,0.0,0.0,0.0,4,2024-10-01 03:00:00
HP LAJA I,LAJA I,Hidráulica,Pasada,Región del Bío-Bío,ernc,0.194,0.0,760.0962489528437,29.84673753901474,4,2024-10-01 03:00:00
TER ATACAMA,Atacama TG2B + 0.5TV2C GNL,Térmica,Gas Natural,Región de Antofagasta,convencional,0.0,0.0,502.3817270646765,0.0,4,2024-10-01 03:00:00
TER ATACAMA,Atacama TG2B + 0.5TV2C Diésel,Térmica,Gas Natural,Región de Antofagasta,convencional,0.0,0.0,0.0,0.0,4,2024-10-01 03:00:00
TER ATACAMA,Atacama TG1A Diésel,Térmica,Gas Natural,Región de Antofagasta,convencional,0.0,0.0,0.0,0.0,4,2024-10-01 03:00:00
HP CHACAYES,CHACAYES,Hidráulica,Pasada,Región de O'Higgins,convencional,0.0,0.0,827.4640276488499,33.41874065716032,4,2024-10-01 03:00:00
TER ATACAMA,Atacama TG1B Diésel,Térmica,Gas Natural,Región de Antofagasta,convencional,0.0,0.0,0.0,0.0,4,2024-10-01 03:00:00
HE LOS CONDORES [EN_REVISION],HE Los Cóndores,Hidráulica,Embalse,Región del Maule,convencional,0.0,0.0,0.0,0.0,4,2024-10-01 03:00:00
TER ATACAMA,Atacama TG2B Diésel,Térmica,Gas Natural,Región de Antofagasta,convencional,0.0,0.0,0.0,0.0,4,2024-10-01 03:00:00
HP CORRENTOSO,Correntoso,Hidráulica,Pasada,Región de los Lagos,ernc,1.0,0.0,143.11025377825274,7.204039902142345,4,2024-10-01 03:00:00
PMGD PFV COINCO,PMGD PFV Coinco,Solar,(en blanco),Región de O'Higgins,ernc,1.0,0.0,11.800105694088996,0.0,4,2024-10-01 03:00:00
TER ATACAMA,Atacama TG2B Gas Arg,Térmica,Gas Natural,Región de Antofagasta,convencional,0.0,0.0,0.0,0.0,4,2024-10-01 03:00:00
PMGD TER TRONGOL-CURANILAHUE,Trongol-Curanilahue,Térmica,Diésel,Región del Bío-Bío,convencional,0.0,0.0,0.0,0.0,4,2024-10-01 03:00:00
PMGD PFV PVP LA ROSA,PMGD PFV PVP LA ROSA [EN_REVISION],Solar,(en blanco),Región de O'Higgins,ernc,1.0,0.0,0.0,0.0,4,2024-10-01 03:00:00
HP CHIBURGO,CHIBURGO,Hidráulica,Pasada,Región del Maule,ernc,1.0,0.0,31.017394023112875,0.0,4,2024-10-01 03:00:00
HE PEHUENCHE,PEHUENCHE,Hidráulica,Embalse,Región del Maule,convencional,0.0,0.0,7572.639885314276,0.0,4,2024-10-01 03:00:00
PFV PEUMO YUNGAY [EN_REVISION],PFV PEUMO YUNGAY [EN_REVISION],Solar,(en blanco),Región de Ñuble,ernc,1.0,0.0,0.0,0.0,4,2024-10-01 03:00:00
PMGD PFV RENGO SOLAR,PMGD PFV Rengo,Solar,(en blanco),Región de O'Higgins,ernc,1.0,0.0,30.92853187994556,0.0,4,2024-10-01 03:00:00
HP CHAPIQUIÑA,CHAP,Hidráulica,Pasada,Arica y Parinacota,ernc,1.0,0.0,165.2326596444148,8.884982545975559,4,2024-10-01 03:00:00
BESS ALFALFAL VR2,BESS ALFALFAL VR2 (Inyección),Bess,(en blanco),Región Metropolitana,ernc,1.0,0.0,170.7089788296821,0.0,4,2024-10-01 03:00:00
PMGD TER YUMBEL,Yumbel,Térmica,Diésel,Región del Bío-Bío,convencional,0.0,0.0,0.0,0.0,4,2024-10-01 03:00:00
TER ATACAMA,Atacama TG1B + 0.5TV1C GNL,Térmica,Gas Natural,Región de Antofagasta,convencional,0.0,0.0,0.0,0.0,4,2024-10-01 03:00:00
HP CHACABUQUITO,CHACABUQUITO,Hidráulica,Pasada,Región de Valparaíso,ernc,0.65075,0.0,0.0,0.0,4,2024-10-01 03:00:00
TER ATACAMA,Atacama TG1A GNL,Térmica,Gas Natural,Región de Antofagasta,convencional,0.0,0.0,21.512063596675056,0.0,4,2024-10-01 03:00:00
TER ARICA,TER ARICA M2AR,Térmica,Diésel,Arica y Parinacota,convencional,0.0,0.0,0.0,0.0,4,2024-10-01 03:00:00
TER ATACAMA,Atacama TG1A + TG1B + TV1C Diésel,Térmica,Gas Natural,Región de Antofagasta,convencional,0.0,0.0,0.0,0.0,4,2024-10-01 03:00:00
TER ANDINA,TER ANDINA,Térmica,Carbón,Región de Antofagasta,convencional,0.0,0.0,0.0,0.0,4,2024-10-01 03:00:00
PMGD PFV SGT TUCAPEL [EN_REVISION],PMGD PFV SGT TUCAPEL [EN_REVISION],Solar,(en blanco),Región de Ñuble,ernc,1.0,0.0,0.0,0.0,4,2024-10-01 03:00:00
TER ANGAMOS,ANG1,Térmica,Carbón,Región de Antofagasta,convencional,0.0,0.0,4590.574315420706,265.8590892219781,4,2024-10-01 03:00:00
TER ARAUCO,TER ARAUCO,Térmica,Biomasa,Región del Bío-Bío,ernc,0.625,0.0,102.79764715918118,0.07003927682638392,4,2024-10-01 03:00:00
TER ATACAMA,Atacama TG1A + 0.5TV1C GNL,Térmica,Gas Natural,Región de Antofagasta,convencional,0.0,0.0,882.995168561197,0.0,4,2024-10-01 03:00:00
PFV ANDES SOLAR IV,PFV Andes Solar IV,Solar,(en blanco),Región de Antofagasta,ernc,1.0,0.0,91.77146386451332,0.0,4,2024-10-01 03:00:00
PFV  DON OSCAR,PFV Don Oscar,Solar,(en blanco),Región de Coquimbo,ernc,1.0,0.0,83.8958713694833,0.0,4,2024-10-01 03:00:00
HP ALTO RENAICO,Alto Renaico,Hidráulica,Pasada,Región del Bío-Bío,ernc,1.0,0.0,24.813915218490305,1.200673317023724,4,2024-10-01 03:00:00
TER ATACAMA,Atacama TG1B GNL,Térmica,Gas Natural,Región de Antofagasta,convencional,0.0,0.0,0.0,0.0,4,2024-10-01 03:00:00
TER ATACAMA,Atacama TG2A GNL,Térmica,Gas Natural,Región de Antofagasta,convencional,0.0,0.0,71.13989403365565,0.0,4,2024-10-01 03:00:00
HP ISLA,ISLA,Hidráulica,Pasada,Región del Maule,convencional,0.0,0.0,1150.409079700666,56.474519943143754,4,2024-10-01 03:00:00
HP CALLAO,CALLAO,Hidráulica,Pasada,Región de los Lagos,ernc,1.0,0.0,64.40453135577032,2.756864544800317,4,2024-10-01 03:00:00
PMGD PFV PARQUE SOLAR EL PALQUI,PMGD PFV El Palqui,Solar,(en blanco),Región de Coquimbo,ernc,1.0,0.0,22.546763648435427,0.0,4,2024-10-01 03:00:00
HP EL PASO,El Paso,Hidráulica,Pasada,Región de O'Higgins,convencional,0.0,0.0,135.3759164944249,0.0,4,2024-10-01 03:00:00
TER ATACAMA,Atacama TG2A + 0.5TV2C Diésel,Térmica,Gas Natural,Región de Antofagasta,convencional,0.0,0.0,0.0,0.0,4,2024-10-01 03:00:00
TER ANTILHUE,Antilhue TG2,Térmica,Diésel,Región de los Ríos,convencional,0.0,0.0,0.0,0.0,4,2024-10-01 03:00:00
HP BLANCO,BLANCO,Hidráulica,Pasada,Región de Valparaíso,convencional,0.0,0.0,304.17057364601004,13.007294267757011,4,2024-10-01 03:00:00
PMGD PFV CINTAC,PMGD PFV Cintac,Solar,(en blanco),Región Metropolitana,ernc,1.0,0.0,0.11481959836343114,0.0,4,2024-10-01 03:00:00
PFV DOÑA ANTONIA,PFV Doña Antonia,Solar,(en blanco),Región de Coquimbo,ernc,1.0,0.0,85.73808044646908,0.0,4,2024-10-01 03:00:00
HP FLORIDA,Florida U-1,Hidráulica,Pasada,Región Metropolitana,ernc,1.0,0.0,0.0,0.0,4,2024-10-01 03:00:00
PMGD PFV TABOLANGO,PMGD PFV Tabolango,Solar,(en blanco),Región de Valparaíso,ernc,1.0,0.0,71.54506403024752,0.0,4,2024-10-01 03:00:00
PMGD PFV SANTA PAMELA,PMGD PFV Santa Pamela,Solar,(en blanco),Región del Bío-Bío,ernc,1.0,0.0,57.10176242918269,0.0,4,2024-10-01 03:00:00
HE PANGUE,PANGUE,Hidráulica,Embalse,Región del Bío-Bío,convencional,0.0,0.0,9921.703921559692,451.9139255863281,4,2024-10-01 03:00:00
TER ATACAMA,Atacama TG2A Diésel,Térmica,Gas Natural,Región de Antofagasta,convencional,0.0,0.0,0.0,0.0,4,2024-10-01 03:00:00
PMGD PFV FV CHICAUMA DEL VERANO,PMGD PFV FV CHICAUMA DEL VERANO,Solar,(en blanco),Región Metropolitana,ernc,1.0,0.0,56.11548456525558,0.0,4,2024-10-01 03:00:00
HP HORNITOS,HORNITOS,Hidráulica,Pasada,Región de Valparaíso,convencional,0.0,0.0,250.2403304896944,10.605947633709562,4,2024-10-01 03:00:00
TER ANTILHUE,Antilhue TG1,Térmica,Diésel,Región de los Ríos,convencional,0.0,0.0,0.0,0.0,4,2024-10-01 03:00:00
TER ANGAMOS,ANG2,Térmica,Carbón,Región de Antofagasta,convencional,0.0,0.0,4655.240579153409,264.7884888476319,4,2024-10-01 03:00:00
HP COYA,COYA,Hidráulica,Pasada,Región de O'Higgins,ernc,1.0,0.0,0.0,0.0,4,2024-10-01 03:00:00
HP CAPULLO,CAPULLO,Hidráulica,Pasada,Región de los Lagos,ernc,1.0,0.0,276.25491902520855,11.506452621477356,4,2024-10-01 03:00:00
HP ITATA,itata,Hidráulica,Pasada,Región de Ñuble,ernc,1.0,0.0,364.00412727769236,20.011221950395402,4,2024-10-01 03:00:00
HP LA HIGUERA,LA HIGUERA,Hidráulica,Pasada,Región de O'Higgins,convencional,0.0,0.0,1172.7476567919475,59.69347507802948,4,2024-10-01 03:00:00
PMGD TER ZAPALLAR,ZAPALLAR,Térmica,Diésel,Región del Maule,convencional,0.0,0.0,0.0,0.0,4,2024-10-01 03:00:00
TER ATACAMA,Atacama TG2A + 0.5TV2C GNL,Térmica,Gas Natural,Región de Antofagasta,convencional,0.0,0.0,0.0,0.0,4,2024-10-01 03:00:00
HP LA CONFLUENCIA,LA CONFLUENCIA,Hidráulica,Pasada,Región de O'Higgins,convencional,0.0,0.0,737.743714034252,56.111466348908706,4,2024-10-01 03:00:00
PMGD PFV SOLAR DEL BUENO,PMGD PFV Solar Del Bueno,Solar,(en blanco),Región de los Ríos,ernc,1.0,0.0,11.80195462173594,0.0,4,2024-10-01 03:00:00
HP CUMBRES,Cumbres,Hidráulica,Pasada,Región de los Ríos,ernc,1.0,0.0,267.1798298707043,12.83719888117865,4,2024-10-01 03:00:00
TER ATACAMA,Atacama TG1A + 0.5TV1C Diésel,Térmica,Gas Natural,Región de Antofagasta,convencional,0.0,0.0,0.0,0.0,4,2024-10-01 03:00:00
PMGD TER ZOFRI,Zofri,Térmica,Diésel,Región de Tarapacá,convencional,0.0,0.0,0.0,0.0,4,2024-10-01 03:00:00
TER ATACAMA,Atacama TG1B + 0.5TV1C Diésel,Térmica,Gas Natural,Región de Antofagasta,convencional,0.0,0.0,0.0,0.0,4,2024-10-01 03:00:00
BESS Tamaya,BESS Tamaya (inyección),Bess,(en blanco),Región de Antofagasta,ernc,1.0,0.0,337.8394545775504,0.0,4,2024-10-01 03:00:00
HP ABANICO,ABANICO,Hidráulica,Pasada,Región del Bío-Bío,convencional,0.0,0.0,784.4962220396791,35.376658624008954,4,2024-10-01 03:00:00
TER ATACAMA,Atacama TG1B Gas Arg,Térmica,Gas Natural,Región de Antofagasta,convencional,0.0,0.0,0.0,0.0,4,2024-10-01 03:00:00
BESS Punta Sierra,BESS Punta Sierra (Retiro),Bess,(en blanco),Región de Coquimbo,ernc,1.0,0.0,0.0,0.0,4,2024-10-01 03:00:00
HP CURILLINQUE,CURILLINQUE,Hidráulica,Pasada,Región del Maule,convencional,0.0,0.0,1488.780412546436,73.04096011894322,4,2024-10-01 03:00:00
PMGD PFV SAGRADA FAMILIA LA FORTUNA 15,PMGD PFV SAGRADA FAMILIA LA FORTUNA 15 [EN_REVISION],Solar,(en blanco),Región del Maule,ernc,1.0,0.0,13.568344880127327,0.0,4,2024-10-01 03:00:00
HP CARENA,CARENA,Hidráulica,Pasada,Región Metropolitana,ernc,1.0,0.0,110.46194516618255,4.602581048590942,4,2024-10-01 03:00:00
TER ARICA,TER ARICA GMAR,Térmica,Diésel,Arica y Parinacota,convencional,0.0,0.0,0.0,0.0,4,2024-10-01 03:00:00
TER ACONCAGUA,Cogeneradora Aconcagua,Térmica,Cogeneracion,Región de Valparaíso,convencional,0.0,0.0,314.47635295046376,14.027866587227177,4,2024-10-01 03:00:00
TER AGUAS BLANCAS,AGB,Térmica,Diésel,Región de Antofagasta,convencional,0.0,0.0,0.0,0.0,4,2024-10-01 03:00:00
BESS Punta Sierra,BESS Punta Sierra (Inyección),Bess,(en blanco),Región de Coquimbo,ernc,1.0,0.0,0.0,0.0,4,2024-10-01 03:00:00
TER ATACAMA,Atacama TG2A + TG2B + TV2C GNL,Térmica,Gas Natural,Región de Antofagasta,convencional,0.0,0.0,0.0,0.0,4,2024-10-01 03:00:00
TER ARICA,TER ARICA M1AR,Térmica,Diésel,Arica y Parinacota,convencional,0.0,0.0,0.0,0.0,4,2024-10-01 03:00:00
HP JUNCALITO,Juncalito,Hidráulica,Pasada,Región de Valparaíso,ernc,1.0,0.0,0.0,0.0,4,2024-10-01 03:00:00
HP DOS VALLES,Dos Valles,Hidráulica,Pasada,Región de O'Higgins,ernc,1.0,0.0,0.0,0.0,4,2024-10-01 03:00:00
PMGD PFV MARIA DOLORES,PMGD PFV MARIA DOLORES,Solar,(en blanco),Región del Bío-Bío,ernc,1.0,0.0,52.40026816755667,0.0,4,2024-10-01 03:00:00
BESS Tamaya,BESS Tamaya (retiro),Bess,(en blanco),Región de Antofagasta,ernc,1.0,0.0,438.50590659901445,0.0,4,2024-10-01 03:00:00
TER ATACAMA,Atacama TG1A + TG1B + TV1C Gas Arg,Térmica,Gas Natural,Región de Antofagasta,convencional,0.0,0.0,0.0,0.0,4,2024-10-01 03:00:00
PMGD PFV ALTO BELLAVISTA SUNLIGHT,PMGD PFV Alto Bellavista Sunlight,Solar,(en blanco),Región de O'Higgins,ernc,1.0,0.0,4.6734828633138,0.0,4,2024-10-01 03:00:00
HP JUNCAL,JUNCAL,Hidráulica,Pasada,Región de Valparaíso,ernc,0.467,0.0,205.71536165006484,9.405274316685839,4,2024-10-01 03:00:00
TER ATACAMA,Atacama TG2A + TG2B + TV2C Diésel,Térmica,Gas Natural,Región de Antofagasta,convencional,0.0,0.0,0.0,0.0,4,2024-10-01 03:00:00
HP ALFALFAL,ALFALFAL,Hidráulica,Pasada,Región Metropolitana,convencional,0.0,0.0,1055.3918456638535,43.994671457944285,4,2024-10-01 03:00:00
HE RALCO,RALCO,Hidráulica,Embalse,Región del Bío-Bío,convencional,0.0,0.0,10546.629669211432,586.8644035020876,4,2024-10-01 03:00:00
PE PUNTA COLORADA,PE PUNTA COLORADA,Eólica,(en blanco),Región de Coquimbo,ernc,1.0,0.0,0.0,0.0,4,2024-10-01 03:00:00
PMGD TER TREBAL MAPOCHO,Trebal Mapocho,Térmica,BioGas,Región Metropolitana,ernc,1.0,0.0,0.0,0.0,4,2024-10-01 03:00:00
PMGD HP PUCLARO,PUCLARO,Hidráulica,Pasada,Región de Coquimbo,ernc,1.0,0.0,0.0,0.0,4,2024-10-01 03:00:00
PMGD HP PICHILONCO,Pichilonco,Hidráulica,Pasada,Región de los Ríos,ernc,1.0,0.0,28.802729652780283,1.2089908170352175,4,2024-10-01 03:00:00
PMGD HP PEHUI,PEHUI,Hidráulica,Pasada,Región de los Ríos,ernc,1.0,0.0,19.882561024052393,0.8865669958807578,4,2024-10-01 03:00:00
PMGD HP MUNILQUE II,Munilque 2,Hidráulica,Pasada,Región del Bío-Bío,ernc,1.0,0.0,0.0,0.0,4,2024-10-01 03:00:00
PMGD HP MUNILQUE,PMGD HP Munilque,Hidráulica,Pasada,Región del Bío-Bío,ernc,1.0,0.0,7.822453370019167,0.27597582081171246,4,2024-10-01 03:00:00
PMGD HP MUCHI,MUCHI,Hidráulica,Pasada,Región de los Ríos,ernc,1.0,0.0,15.524206757856412,0.7168664535242713,4,2024-10-01 03:00:00
PMGD HP MSA-I,PMGD HP MSA-1,Hidráulica,Pasada,Región de la Araucanía,ernc,1.0,0.0,71.25024577302031,2.96622853473861,4,2024-10-01 03:00:00
PMGD PFV QUINTA SOLAR,La Quinta Solar SpA,Solar,(en blanco),Región Metropolitana,ernc,1.0,0.0,22.921632112847234,0.0,4,2024-10-01 03:00:00
PMGD HP MOLINERA VILLARRICA,Molinera Villarrica,Hidráulica,Pasada,Región de la Araucanía,ernc,1.0,0.0,2.539712555785582,0.1194325382210647,4,2024-10-01 03:00:00
PMGD HP MELO,MELO,Hidráulica,Pasada,Región del Bío-Bío,ernc,1.0,0.0,39.07474539430633,1.4474162090098313,4,2024-10-01 03:00:00
PMGD PFV RANGUIL,PV Ranguil,Solar,(en blanco),Región de O'Higgins,ernc,1.0,0.0,17.570914295374955,0.0,4,2024-10-01 03:00:00
PMGD HP MALLARAUCO,PMGD HP MALLARAUCO,Hidráulica,Pasada,Región Metropolitana,ernc,1.0,0.0,83.61718948795912,3.483355200312161,4,2024-10-01 03:00:00
PMGD HP LOS PADRES,LOS PADRES,Hidráulica,Pasada,Región del Bío-Bío,ernc,1.0,0.0,44.39813437703634,1.9630968121563503,4,2024-10-01 03:00:00
PMGD PFV RLA SOLAR,RLA Solar,Solar,(en blanco),Región Metropolitana,ernc,1.0,0.0,14.073260085823412,0.0,4,2024-10-01 03:00:00
PMGD HP LOS MORROS,LOS MORROS,Hidráulica,Pasada,Región Metropolitana,ernc,1.0,0.0,0.0,0.0,4,2024-10-01 03:00:00
PMGD PFV RODEO,Rodeo,Solar,(en blanco),Región de Valparaíso,ernc,1.0,0.0,17.823794702374318,0.0,4,2024-10-01 03:00:00
PMGD HP LOS CORRALES II,LOS CORRALES 2,Hidráulica,Pasada,Región de los Ríos,ernc,1.0,0.0,20.173266146003815,0.6609370941978605,4,2024-10-01 03:00:00
PMGD PFV PUNTA BAJA SOLAR,Punta Baja Solar,Solar,(en blanco),Región de Coquimbo,ernc,1.0,0.0,16.696311051761477,0.0,4,2024-10-01 03:00:00
PMGD HP LOS CORRALES,PMGD HP LOS CORRALES,Hidráulica,Pasada,Región de los Ríos,ernc,1.0,0.0,60.533356729468984,2.1157276167964,4,2024-10-01 03:00:00
PMGD HP QUILLAILEO,Quillaileo,Hidráulica,Pasada,Región del Bío-Bío,ernc,1.0,0.0,6.5005825491118765,0.21354578211569458,4,2024-10-01 03:00:00
PMGD PFV PORTEZUELO,PORTEZUELO,Solar,(en blanco),Región de O'Higgins,ernc,1.0,0.0,14.230062717252446,0.0,4,2024-10-01 03:00:00
PMGD PFV HUINGAN,PMGD PFV Huigan,Solar,(en blanco),Región Metropolitana,ernc,1.0,0.0,66.75409614744778,0.0,4,2024-10-01 03:00:00
PMGD PE RAKI,RAKI,Eólica,(en blanco),Región del Bío-Bío,ernc,1.0,0.0,89.94210389078451,1.287876719197511,4,2024-10-01 03:00:00
PMGD PFV PERALILLO,PERALILLO,Solar,(en blanco),Región del Maule,ernc,1.0,0.0,14.810977326912088,0.0,4,2024-10-01 03:00:00
PMGD PE LEBU III,Eólica Lebu III,Eólica,(en blanco),Región del Bío-Bío,ernc,1.0,0.0,0.0,0.0,4,2024-10-01 03:00:00
PMGD PE LAS PEÑAS,Eólica Las Peñas,Eólica,(en blanco),Región del Bío-Bío,ernc,1.0,0.0,138.88856072552366,7.699138956208786,4,2024-10-01 03:00:00
PMGD PE HUAJACHE,Eólica Huajache,Eólica,(en blanco),Región del Bío-Bío,ernc,1.0,0.0,73.66606626776083,1.185473092998533,4,2024-10-01 03:00:00
PMGD PE EL NOGAL,El Nogal Eólico,Eólica,(en blanco),Región del Bío-Bío,ernc,1.0,0.0,45.93673998709984,1.806251867798952,4,2024-10-01 03:00:00
PMGD HP TRUFULTRUFUL,TRUFUL-TRUFUL,Hidráulica,Pasada,Región de la Araucanía,ernc,1.0,0.0,18.554912967170164,0.7870079452710311,4,2024-10-01 03:00:00
PMGD HP TRANQUIL,PMGD HP TRANQUIL,Hidráulica,Pasada,Región de los Ríos,ernc,1.0,0.0,59.99584443978673,2.8963597635288543,4,2024-10-01 03:00:00
PMGD PFV PICA,PMGD PFV PICA,Solar,(en blanco),Región de Tarapacá,ernc,1.0,0.0,2.279698682260415,0.0,4,2024-10-01 03:00:00
PMGD HP SAUCE ANDES,SAUCE ANDES,Hidráulica,Pasada,Región de Valparaíso,ernc,1.0,0.0,12.255050660731213,0.5531961023957034,4,2024-10-01 03:00:00
PMGD HP SANTA ROSA,Minihidro Santa Rosa,Hidráulica,Pasada,Región de Tarapacá,ernc,1.0,0.0,11.93469600052676,0.4963521143611845,4,2024-10-01 03:00:00
PMGD PFV PIQUERO,PMGD PFV Piquero,Solar,(en blanco),Región de Valparaíso,ernc,1.0,0.0,78.22406814361554,0.0,4,2024-10-01 03:00:00
PMGD HP SANTA ISABEL,SANTA ISABEL,Hidráulica,Pasada,Región del Bío-Bío,ernc,1.0,0.0,7.0808920272241185,0.0,4,2024-10-01 03:00:00
PMGD PFV PIRQUE,Pirque,Solar,(en blanco),Región Metropolitana,ernc,1.0,0.0,10.844667378352108,0.0,4,2024-10-01 03:00:00
PMGD HP SANTA ELENA,PMGD HP SANTA ELENA,Hidráulica,Pasada,Región de la Araucanía,ernc,1.0,0.0,64.75502011035856,2.7053487172068804,4,2024-10-01 03:00:00
PMGD PFV PLACILLA SOLAR,Placilla Solar,Solar,(en blanco),Región de O'Higgins,ernc,1.0,0.0,47.134931841461814,0.0,4,2024-10-01 03:00:00
PMGD HP RECA,RECA,Hidráulica,Pasada,Región de los Ríos,ernc,1.0,0.0,40.77438095520714,1.7010108435357563,4,2024-10-01 03:00:00
BESS Andes,BESS Andes (Inyección),Bess,(en blanco),Región de Antofagasta,ernc,1.0,0.0,0.0,0.0,4,2024-10-01 03:00:00
PMGD PFV DON SIMON,PMGD PFV Don Simon,Solar,(en blanco),Región de O'Higgins,ernc,1.0,0.0,28.99429785104352,0.0,4,2024-10-01 03:00:00
PMGD PFV SAN FRANCISCO,PMGD PFV SAN FRANCISCO,Solar,(en blanco),Región Metropolitana,ernc,1.0,0.0,24.240250236897857,0.0,4,2024-10-01 03:00:00
PMGD HP EL LLANO,EL LLANO,Hidráulica,Pasada,Región Metropolitana,ernc,1.0,0.0,12.5540836560113,0.531722772120011,4,2024-10-01 03:00:00
PMGD HP EL DIUTO,EL DIUTO,Hidráulica,Pasada,Región del Bío-Bío,ernc,1.0,0.0,46.75110931076306,1.5663864898048518,4,2024-10-01 03:00:00
PMGD HP EL COLORADO,El Colorado,Hidráulica,Pasada,Región de los Lagos,ernc,1.0,0.0,35.60350963066659,1.7644606707116806,4,2024-10-01 03:00:00
PMGD HP EL CANELO,EL CANELO,Hidráulica,Pasada,Región de la Araucanía,ernc,1.0,0.0,124.89142368930217,5.20136373506191,4,2024-10-01 03:00:00
PMGD HP EL AGRIO,El Agrio,Hidráulica,Pasada,Región de la Araucanía,ernc,1.0,0.0,26.860713212335195,1.13247509953187,4,2024-10-01 03:00:00
PMGD HP DOSAL,MCH Dosal,Hidráulica,Pasada,Región del Maule,ernc,1.0,0.0,0.0,0.0,4,2024-10-01 03:00:00
PMGD PFV SANTA JULIA,Santa Julia,Solar,(en blanco),Región de Valparaíso,ernc,1.0,0.0,27.157065891940178,0.0,4,2024-10-01 03:00:00
PMGD PFV PUEBLO HUNDIDO,PMGD PFV Pueblo Hundido,Solar,(en blanco),Región de O'Higgins,ernc,1.0,0.0,15.030784962668013,0.0,4,2024-10-01 03:00:00
BESS Angamos,BESS Angamos (Inyección),Bess,(en blanco),Región de Antofagasta,convencional,0.0,0.0,2.721526185253775,0.10005610975197701,4,2024-10-01 03:00:00
PMGD HP DOÑA HILDA,PMGD HP DOÑA HILDA,Hidráulica,Pasada,Región de los Ríos,ernc,1.0,0.0,15.233062826728332,0.6357792942346976,4,2024-10-01 03:00:00
PMGD PFV SANTA LAURA,Santa Laura,Solar,(en blanco),Región de Valparaíso,ernc,1.0,0.0,18.52379669339698,0.0,4,2024-10-01 03:00:00
PMGD HP DONGUIL,PMGD HP DONGUIL,Hidráulica,Pasada,Región de la Araucanía,ernc,1.0,0.0,4.800229812731338,0.19325297295601698,4,2024-10-01 03:00:00
PMGD HP DONGO,DONGO,Hidráulica,Pasada,Región de los Lagos,ernc,1.0,0.0,62.373945708131394,2.962201068504553,4,2024-10-01 03:00:00
PMGD HP DON WALTERIO,PMGD HP DON WALTERIO,Hidráulica,Pasada,Región de los Ríos,ernc,1.0,0.0,76.83065202483107,3.1959027420988355,4,2024-10-01 03:00:00
PMGD HP CUMPEO,PMGD HP Cumpeo,Hidráulica,Pasada,Región del Maule,ernc,1.0,0.0,111.36565922904471,4.705586444051812,4,2024-10-01 03:00:00
PMGD HP CONTRA,Contra,Hidráulica,Pasada,Región de los Ríos,ernc,1.0,0.0,0.0,0.0,4,2024-10-01 03:00:00
PMGD PFV SANTUARIO SOLAR,Santuario Solar,Solar,(en blanco),Región de Valparaíso,ernc,1.0,0.0,25.41416531525982,0.0,4,2024-10-01 03:00:00
PMGD PFV SANTA CLARA,Santa Clara,Solar,(en blanco),Región de Coquimbo,ernc,1.0,0.0,16.366207904472503,0.0,4,2024-10-01 03:00:00
PMGD HP EL MANZANO (MELIPEUCO),EL MANZANO,Hidráulica,Pasada,Región de la Araucanía,ernc,1.0,0.0,0.0,0.0,4,2024-10-01 03:00:00
PMGD HP EL MIRADOR,PMGD HP El Mirador,Hidráulica,Pasada,Región del Bío-Bío,ernc,1.0,0.0,0.0,0.0,4,2024-10-01 03:00:00
PMGD PFV SANTA CECILIA,SANTA CECILIA (EX - AVENIR),Solar,(en blanco),Región de Atacama,ernc,1.0,0.0,6.609549307402879,0.0,4,2024-10-01 03:00:00
PMGD HP LOS COLONOS,Los Colonos,Hidráulica,Pasada,Región de los Lagos,ernc,1.0,0.0,0.0,0.0,4,2024-10-01 03:00:00
PMGD HP LOS BAJOS,LOS BAJOS,Hidráulica,Pasada,Región Metropolitana,ernc,1.0,0.0,127.23089370480218,5.355581931884298,4,2024-10-01 03:00:00
PMGD HP LAS VERTIENTES,LAS VERTIENTES,Hidráulica,Pasada,Región Metropolitana,ernc,1.0,0.0,38.294519069151676,1.4765725128654663,4,2024-10-01 03:00:00
PMGD PFV PARQUE SAN FRANCISCO PARRAL,PMGD PFV Parque San Francisco Parral,Solar,(en blanco),Región Metropolitana,ernc,1.0,0.0,6.295918218361933,0.0,4,2024-10-01 03:00:00
PMGD HP LAS FLORES,PMGD HP LAS FLORES,Hidráulica,Pasada,Región de los Ríos,ernc,1.0,0.0,75.11391874152046,3.085335672180493,4,2024-10-01 03:00:00
PMGD HP LA VIÑA - ALTO LA VIÑA,PMGD La Viña - Alto la Viña,Hidráulica,Pasada,Región del Bío-Bío,ernc,1.0,0.0,9.276862606599039,0.35245772305203993,4,2024-10-01 03:00:00
PMGD HP LA PALOMA,LA PALOMA,Hidráulica,Pasada,Región de Coquimbo,ernc,1.0,0.0,0.0,0.0,4,2024-10-01 03:00:00
PMGD PFV SAN ISIDRO,Solar San Isidro,Solar,(en blanco),Región de O'Higgins,ernc,1.0,0.0,11.804027297056743,0.0,4,2024-10-01 03:00:00
PMGD PFV PEDREROS SOLAR,Pedreros Solar,Solar,(en blanco),Región de Valparaíso,ernc,1.0,0.0,17.830172168748188,0.0,4,2024-10-01 03:00:00
PMGD HP LA MONTAÑA II,La Montaña 2,Hidráulica,Pasada,Región del Maule,ernc,1.0,0.0,7.096271003490504,0.0,4,2024-10-01 03:00:00
PMGD PFV SAN PEDRO,Solar San Pedro,Solar,(en blanco),Región Metropolitana,ernc,1.0,0.0,18.374488886837316,0.0,4,2024-10-01 03:00:00
PMGD HP LA BIFURCADA,PMGD LA BIFURCADA,Hidráulica,Pasada,Región del Bío-Bío,ernc,1.0,0.0,2.485090466954067,0.10279582243590762,4,2024-10-01 03:00:00
PMGD HP LA ARENA,PMGD HP LA ARENA,Hidráulica,Pasada,Región de los Lagos,ernc,1.0,0.0,126.7005150628473,6.146061840472868,4,2024-10-01 03:00:00
PMGD PFV SANTA ADRIANA,Solar Santa Adriana,Solar,(en blanco),Región Metropolitana,ernc,1.0,0.0,13.489395732698172,0.0,4,2024-10-01 03:00:00
BESS Andes,BESS Andes (retiro),Bess,(en blanco),Región de Antofagasta,ernc,1.0,0.0,0.0,0.0,4,2024-10-01 03:00:00
PMGD HP EYZAGUIRRE,EYZAGUIRRE,Hidráulica,Pasada,Región Metropolitana,ernc,1.0,0.0,0.0,0.0,4,2024-10-01 03:00:00
PMGD HP ENSENADA,ENSENADA,Hidráulica,Pasada,Región de los Lagos,ernc,1.0,0.0,26.021632860650858,1.055592293771718,4,2024-10-01 03:00:00
PMGD HP EL TORO Nº2,Minihidro El Toro,Hidráulica,Pasada,Región de Tarapacá,ernc,1.0,0.0,23.52552281840778,0.9760056250315348,4,2024-10-01 03:00:00
PMGD HP LA MONTAÑA,La Montaña 1,Hidráulica,Pasada,Región del Maule,ernc,1.0,0.0,47.83155999669518,1.9815162295500242,4,2024-10-01 03:00:00
PMGD PFV PAS1,PMGD PFV PAS1,Solar,(en blanco),Región de Tarapacá,ernc,1.0,0.0,0.0,0.0,4,2024-10-01 03:00:00
PMGD PFV PANQUEHUE II,PANQUEHUE_II,Solar,(en blanco),Región de Valparaíso,ernc,1.0,0.0,38.257803767839775,0.0,4,2024-10-01 03:00:00
PMGD PE UCUQUER,UCUQUER,Eólica,(en blanco),Región de O'Higgins,ernc,1.0,0.0,41.728499267308614,0.0662276911544472,4,2024-10-01 03:00:00
PMGD PFV LA ESPERANZA II,LA ESPERANZA II,Solar,(en blanco),Región de O'Higgins,ernc,1.0,0.0,58.57717668941993,0.0,4,2024-10-01 03:00:00
PMGD PFV LUNA DEL NORTE,Luna del Norte,Solar,(en blanco),Región de Coquimbo,ernc,1.0,0.0,21.014185189595068,0.0,4,2024-10-01 03:00:00
PMGD PFV LA CHAPEANA,La Chapeana,Solar,(en blanco),Región de Coquimbo,ernc,1.0,0.0,1.8607343741550078,0.0,4,2024-10-01 03:00:00
PMGD PFV MALAQUITA SOLAR II,MALAQUITA SOLAR 2,Solar,(en blanco),Región de Atacama,ernc,1.0,0.0,90.91594389297185,0.0,4,2024-10-01 03:00:00
PMGD PFV LA BLANQUINA,LA BLANQUINA,Solar,(en blanco),Región de O'Higgins,ernc,1.0,0.0,41.571570584292004,0.0,4,2024-10-01 03:00:00
BESS ALFALFAL VR1,BESS ALFALFAL VR1 (Inyección),Bess,(en blanco),Región Metropolitana,ernc,1.0,0.0,0.0,0.0,4,2024-10-01 03:00:00
PMGD PFV LA ACACIA,LA ACACIA,Solar,(en blanco),Región de O'Higgins,ernc,1.0,0.0,34.020715495635436,0.0,4,2024-10-01 03:00:00
PMGD PFV JAURURO SOLAR,PMGD PFV JAURURO SOLAR,Solar,(en blanco),Región de Valparaíso,ernc,1.0,0.0,21.382720658871715,0.0,4,2024-10-01 03:00:00
PMGD PFV ILLAPEL 5X,PMGD PFV ILLAPEL 5X,Solar,(en blanco),Región de Coquimbo,ernc,1.0,0.0,19.551956375830287,0.0,4,2024-10-01 03:00:00
PMGD PFV HORNITOS,Solar Hornitos,Solar,(en blanco),Región de Atacama,ernc,1.0,0.0,0.3131000318331632,0.0,4,2024-10-01 03:00:00
PMGD PFV MARCHIGUE II,PFV MARCHIGUE II,Solar,(en blanco),Región de O'Higgins,ernc,1.0,0.0,76.78149805712816,0.0,4,2024-10-01 03:00:00
PMGD PFV HORMIGA SOLAR,Hormiga Solar,Solar,(en blanco),Región de Valparaíso,ernc,1.0,0.0,12.36920298770028,0.0,4,2024-10-01 03:00:00
PMGD PFV PVP MAYOS,PMGD PFV Parque PVP Mayos,Solar,(en blanco),Región de O'Higgins,ernc,1.0,0.0,14.47030183543364,0.0,4,2024-10-01 03:00:00
PMGD PFV GR SANTA ROSA,GR Santa Rosa,Solar,(en blanco),Región Metropolitana,ernc,1.0,0.0,52.02745834269465,0.0,4,2024-10-01 03:00:00
PMGD PFV FRANCISCO,PMGD PFV Francisco,Solar,(en blanco),Región de O'Higgins,ernc,1.0,0.0,13.24240594515727,0.0,4,2024-10-01 03:00:00
PMGD PFV ENCON SOLAR,Encon Solar I,Solar,(en blanco),Región de Valparaíso,ernc,1.0,0.0,68.94963430232646,0.0,4,2024-10-01 03:00:00
PMGD PFV MARCHIHUE VII,PFV MARCHIHUE VII,Solar,(en blanco),Región de O'Higgins,ernc,1.0,0.0,15.624412602377088,0.0,4,2024-10-01 03:00:00
PMGD PFV LA FRONTERA,La Frontera,Solar,(en blanco),Región de O'Higgins,ernc,1.0,0.0,30.603048711461536,0.0,4,2024-10-01 03:00:00
PMGD PFV LA LAJUELA,La Lajuela,Solar,(en blanco),Región de O'Higgins,ernc,1.0,0.0,34.55208121422594,0.0,4,2024-10-01 03:00:00
PMGD PFV LA LIGUA,La Ligua,Solar,(en blanco),Región de Valparaíso,ernc,1.0,0.0,22.24002442723588,0.0,4,2024-10-01 03:00:00
PMGD PFV LA MANGA,La Manga,Solar,(en blanco),Región Metropolitana,ernc,1.0,0.0,15.075256164155835,0.0,4,2024-10-01 03:00:00
PMGD PFV LOS LIBERTADORES,Los Libertadores,Solar,(en blanco),Región de O'Higgins,ernc,1.0,0.0,10.379840822984246,0.0,4,2024-10-01 03:00:00
PMGD PFV LOS PATOS,Los Patos,Solar,(en blanco),Región del Maule,ernc,1.0,0.0,19.863094455534316,0.0,4,2024-10-01 03:00:00
PMGD PFV LOS GORRIONES,PFV LOS GORRIONES,Solar,(en blanco),Región del Maule,ernc,1.0,0.0,19.38380006525253,0.0,4,2024-10-01 03:00:00
PMGD PFV LOS PUQUIOS,Solar Los Puquios,Solar,(en blanco),Región de Tarapacá,ernc,1.0,0.0,0.0,0.0,4,2024-10-01 03:00:00
PMGD PFV LOMAS COLORADAS,LOMAS COLORADAS,Solar,(en blanco),Región de Coquimbo,ernc,1.0,0.0,7.818566582775479,0.0,4,2024-10-01 03:00:00
PMGD PFV LO SIERRA,Lo Sierra,Solar,(en blanco),Región Metropolitana,ernc,1.0,0.0,16.226624788552726,0.0,4,2024-10-01 03:00:00
PMGD PFV LUCE SOLAR,Solar Luce,Solar,(en blanco),Región Metropolitana,ernc,1.0,0.0,17.772640576416958,0.0,4,2024-10-01 03:00:00
PMGD PFV LIPANGUE,PMGD PFV LIPANGUE,Solar,(en blanco),Región Metropolitana,ernc,1.0,0.0,13.984741217658836,0.0,4,2024-10-01 03:00:00
PMGD PFV EL SAUCE,EL SAUCE SOLAR,Solar,(en blanco),Región de O'Higgins,ernc,1.0,0.0,21.274918319867094,0.0,4,2024-10-01 03:00:00
PMGD PFV LAS TURCAS,PMGD LAS TURCAS,Solar,(en blanco),Región Metropolitana,ernc,1.0,0.0,9.452816889946325,0.0,4,2024-10-01 03:00:00
PMGD PFV LAS PERDICES,Las Perdices,Solar,(en blanco),Región del Maule,ernc,1.0,0.0,16.12365895427709,0.0,4,2024-10-01 03:00:00
PMGD PFV EL TRILE,PMGD PFV El Trile,Solar,(en blanco),Región del Maule,ernc,1.0,0.0,1.2974829443039564,0.0,4,2024-10-01 03:00:00
PMGD PFV LAS PALOMAS,Las Palomas,Solar,(en blanco),Región de Ñuble,ernc,1.0,0.0,21.83721132144799,0.0,4,2024-10-01 03:00:00
PMGD PFV LAS LECHUZAS,Las Lechuzas,Solar,(en blanco),Región de Ñuble,ernc,1.0,0.0,20.60088624582891,0.0,4,2024-10-01 03:00:00
PMGD PFV LUDERS,Luders,Solar,(en blanco),Región de O'Higgins,ernc,1.0,0.0,13.91843545792487,0.0,4,2024-10-01 03:00:00
PMGD PFV LAS CODORNICES,Las Codornices,Solar,(en blanco),Región de Ñuble,ernc,1.0,0.0,5.960436707378749,0.0,4,2024-10-01 03:00:00
PMGD PFV LAGUNILLA,Solar Lagunilla,Solar,(en blanco),Región de Coquimbo,ernc,1.0,0.0,9.667933580800721,0.0,4,2024-10-01 03:00:00
PMGD PFV LUNA,Luna,Solar,(en blanco),Región de O'Higgins,ernc,1.0,0.0,15.945924610902646,0.0,4,2024-10-01 03:00:00
PMGD PFV LAS TERRAZAS,SOLAR_LAS_TERRAZAS,Solar,(en blanco),Región de Atacama,ernc,1.0,0.0,6.24937739696673,0.0,4,2024-10-01 03:00:00
PMGD HP COLLIL,COLLIL,Hidráulica,Pasada,Región de los Lagos,ernc,1.0,0.0,65.91110604564257,3.1126597108331966,4,2024-10-01 03:00:00
PMGD PFV EL ROBLE,EL ROBLE,Solar,(en blanco),Región Metropolitana,ernc,1.0,0.0,67.74933372652963,0.0,4,2024-10-01 03:00:00
PMGD PFV EL QUEMADO,EL QUEMADO,Solar,(en blanco),Región de Valparaíso,ernc,1.0,0.0,19.325227462540514,0.0,4,2024-10-01 03:00:00
PMGD PFV ÑILHUE,Ñilhue,Solar,(en blanco),Región de Valparaíso,ernc,1.0,0.0,6.760450201338646,0.0,4,2024-10-01 03:00:00
PMGD PFV CANESA SOLAR,Canesa Solar I,Solar,(en blanco),Región de Coquimbo,ernc,1.0,0.0,19.39834533399001,0.0,4,2024-10-01 03:00:00
PMGD PFV OCOA,Ocoa,Solar,(en blanco),Región de Valparaíso,ernc,1.0,0.0,27.625371068359126,0.0,4,2024-10-01 03:00:00
PMGD PFV CALLE LARGA,CALLE LARGA,Solar,(en blanco),Región de Valparaíso,ernc,1.0,0.0,21.92704236665897,0.0,4,2024-10-01 03:00:00
PMGD PFV CALAMA SOLAR,Solar Calama 1,Solar,(en blanco),Región de Antofagasta,ernc,1.0,0.0,0.0,0.0,4,2024-10-01 03:00:00
PMGD PFV CACHIYUYO SOLAR II,CACHIYUYO SOLAR 2,Solar,(en blanco),Región de Atacama,ernc,1.0,0.0,89.380770821217,0.0,4,2024-10-01 03:00:00
PMGD PFV CABILSOL,Cabilsol,Solar,(en blanco),Región de Valparaíso,ernc,1.0,0.0,20.322029698054877,0.0,4,2024-10-01 03:00:00
PMGD PFV BELLAVISTA 1,Bellavista 1,Solar,(en blanco),Región de Tarapacá,ernc,1.0,0.0,94.04638930892374,0.0,4,2024-10-01 03:00:00
PMGD PFV OLIVILLO,Olivillo,Solar,(en blanco),Región de Valparaíso,ernc,1.0,0.0,0.0,0.0,4,2024-10-01 03:00:00
PMGD PFV BELLAVISTA,Bellavista,Solar,(en blanco),Región de Coquimbo,ernc,1.0,0.0,19.708024498759542,0.0,4,2024-10-01 03:00:00
PMGD PFV AMPARO DEL SOL,Amparo del sol,Solar,(en blanco),Región de Coquimbo,ernc,1.0,0.0,17.56677728511048,0.0,4,2024-10-01 03:00:00
PMGD PFV ALTURAS DE OVALLE,Alturas de Ovalle,Solar,(en blanco),Región de Coquimbo,ernc,1.0,0.0,30.787394351237722,0.0,4,2024-10-01 03:00:00
PMGD PFV ALTOS DE TILTIL,Altos de Til Til,Solar,(en blanco),Región Metropolitana,ernc,1.0,0.0,11.378649821757058,0.0,4,2024-10-01 03:00:00
PMGD PFV PAMA,PAMA,Solar,(en blanco),Región de Coquimbo,ernc,1.0,0.0,8.39300275233692,0.0,4,2024-10-01 03:00:00
PMGD PFV ALTO SOLAR,Alto Solar,Solar,(en blanco),Región Metropolitana,ernc,1.0,0.0,20.103545920896163,0.0,4,2024-10-01 03:00:00
PMGD PFV ALICAHUE,Alicahue,Solar,(en blanco),Región de Valparaíso,ernc,1.0,0.0,19.543979571274974,0.0,4,2024-10-01 03:00:00
PMGD PFV  LAS MOLLACAS,Las Mollacas,Solar,(en blanco),Región de Coquimbo,ernc,1.0,0.0,0.16710354430447627,0.0,4,2024-10-01 03:00:00
PMGD PFV CASUTO,Casuto,Solar,(en blanco),Región de Valparaíso,ernc,1.0,0.0,20.878687652898112,0.0,4,2024-10-01 03:00:00
PMGD PFV CHALINGA SOLAR,Chalinga,Solar,(en blanco),Región de Coquimbo,ernc,1.0,0.0,5.764766838568948,0.0,4,2024-10-01 03:00:00
PMGD PFV CHIMBARONGO,PMGD PFV CHIMBARONGO,Solar,(en blanco),Región de O'Higgins,ernc,1.0,0.0,9.205279762066334,0.0,4,2024-10-01 03:00:00
PMGD PFV NORTE CHICO,Norte Chico I,Solar,(en blanco),Región de Coquimbo,ernc,1.0,0.0,18.16439107048174,0.0,4,2024-10-01 03:00:00
PMGD PFV EL PILPEN,El Pilpen,Solar,(en blanco),Región Metropolitana,ernc,1.0,0.0,20.364972833529457,0.0,4,2024-10-01 03:00:00
PMGD PFV EL PICURIO,El Picurio,Solar,(en blanco),Región de O'Higgins,ernc,1.0,0.0,19.120353901657897,0.0,4,2024-10-01 03:00:00
PMGD PFV EL LAUREL,El Laurel,Solar,(en blanco),Región Metropolitana,ernc,1.0,0.0,40.107851475595375,0.0,4,2024-10-01 03:00:00
PMGD PFV EL DIVISADERO,PMGD PFV EL DIVISADERO,Solar,(en blanco),Región de Coquimbo,ernc,1.0,0.0,24.323305140064477,0.0,4,2024-10-01 03:00:00
PMGD PFV MONTT SOLAR,Montt Solar,Solar,(en blanco),Región de Valparaíso,ernc,1.0,0.0,15.567385309348266,0.0,4,2024-10-01 03:00:00
PMGD PFV EL CHINCOL,El Chinchol,Solar,(en blanco),Región de Ñuble,ernc,1.0,0.0,22.933573651457476,0.0,4,2024-10-01 03:00:00
PMGD PFV EL BOCO,EL BOCO,Solar,(en blanco),Región de Valparaíso,ernc,1.0,0.0,55.94604511531525,0.0,4,2024-10-01 03:00:00
PMGD PFV MOSTAZAL,Mostazal,Solar,(en blanco),Región de O'Higgins,ernc,1.0,0.0,45.671777214216704,0.0,4,2024-10-01 03:00:00
PMGD PFV EL QUEULE,El Queule,Solar,(en blanco),Región de O'Higgins,ernc,1.0,0.0,25.604210761089583,0.0,4,2024-10-01 03:00:00
PMGD PFV DOÑIHUE,Doñihue,Solar,(en blanco),Región de O'Higgins,ernc,1.0,0.0,0.18613714932404746,0.0,4,2024-10-01 03:00:00
PMGD PFV DIEGO DE ALMAGRO SOLAR,PMGD PFV Diego de Almagro,Solar,(en blanco),Región de Atacama,ernc,1.0,0.0,72.86611229367867,0.0,4,2024-10-01 03:00:00
PMGD PFV CUZ CUZ,CUZ CUZ,Solar,(en blanco),Región de Coquimbo,ernc,1.0,0.0,19.726245556316417,0.0,4,2024-10-01 03:00:00
PMGD PFV ROMA,PMGD PFV Roma,Solar,(en blanco),Región de O'Higgins,ernc,1.0,0.0,17.35970324773835,0.0,4,2024-10-01 03:00:00
PMGD PFV CRUZ SOLAR,Cruz Solar,Solar,(en blanco),Región de Valparaíso,ernc,1.0,0.0,27.70371422595957,0.0,4,2024-10-01 03:00:00
PMGD PFV CRUCERO,Crucero,Solar,(en blanco),Región de O'Higgins,ernc,1.0,0.0,10.501537046141035,0.0,4,2024-10-01 03:00:00
PMGD PFV CORDILLERILLA SOLAR,Solar Cordillerilla,Solar,(en blanco),Región del Maule,ernc,1.0,0.0,8.314631024314673,0.0,4,2024-10-01 03:00:00
PMGD PFV CITRINO,Citrino,Solar,(en blanco),Región Metropolitana,ernc,1.0,0.0,12.143549630263795,0.0,4,2024-10-01 03:00:00
PMGD PFV CHUCHIÑI,Chuchiñi,Solar,(en blanco),Región de Coquimbo,ernc,1.0,0.0,0.0,0.0,4,2024-10-01 03:00:00
PMGD PFV DON EUGENIO,Don Eugenio,Solar,(en blanco),Región de O'Higgins,ernc,1.0,0.0,18.993428509172542,0.0,4,2024-10-01 03:00:00
PMGD HP CAVANCHA,CAVANCHA,Hidráulica,Pasada,Región de Tarapacá,ernc,1.0,0.0,40.48328698999911,1.6876316060886372,4,2024-10-01 03:00:00
PMGD HP CALIBORO,Caliboro,Hidráulica,Pasada,Región del Bío-Bío,ernc,1.0,0.0,18.299037665685276,0.6896356220405512,4,2024-10-01 03:00:00
BESS Cochrane,BESS Cochrane (Inyección),Bess,(en blanco),Región de Antofagasta,convencional,0.0,0.0,0.0,0.0,4,2024-10-01 03:00:00
PMGD TER GAMI,PRP Gami,Térmica,Diésel,Región de los Lagos,convencional,0.0,0.0,0.0,0.0,4,2024-10-01 03:00:00
HP SAN IGNACIO,SAN IGNACIO,Hidráulica,Pasada,Región del Maule,ernc,0.0575,0.0,668.3748131432063,26.014588535514022,4,2024-10-01 03:00:00
PMGD TER HBS,HBS,Térmica,Biomasa,Región del Bío-Bío,ernc,1.0,0.0,0.0,0.0,4,2024-10-01 03:00:00
HP SAN CLEMENTE,SAN CLEMENTE,Hidráulica,Pasada,Región del Maule,ernc,1.0,0.0,0.0,0.0,4,2024-10-01 03:00:00
HP RUCATAYO,RUCATAYO,Hidráulica,Pasada,Región de los Lagos,convencional,0.0,0.0,677.2097676343059,27.8556209549504,4,2024-10-01 03:00:00
HP RENAICO,RENAICO,Hidráulica,Pasada,Región del Bío-Bío,ernc,1.0,0.0,119.66710726336447,5.903310475366644,4,2024-10-01 03:00:00
PMGD TER HBS GNL,HBS-GNL,Térmica,Gas Natural,Región del Bío-Bío,convencional,0.0,0.0,0.0,0.0,4,2024-10-01 03:00:00
PMGD TER LEBU,PMGD TER Lebu,Térmica,Diésel,Región del Bío-Bío,convencional,0.0,0.0,0.0,0.0,4,2024-10-01 03:00:00
HE CONVENTO VIEJO,CONVENTO VIEJO,Hidráulica,Pasada,Región de O'Higgins,ernc,1.0,0.0,152.51552809493856,8.364690775265277,4,2024-10-01 03:00:00
PMGD TER LEPANTO,PMGD Lepanto,Térmica,BioGas,Región Metropolitana,ernc,1.0,0.0,0.0,0.0,4,2024-10-01 03:00:00
HP QUILLECO,QUILLECO,Hidráulica,Pasada,Región del Bío-Bío,convencional,0.0,0.0,1577.884850788677,67.03759353382459,4,2024-10-01 03:00:00
HP QUELTEHUES,QUELTEHUES,Hidráulica,Pasada,Región Metropolitana,convencional,0.0,0.0,814.9970363737533,32.58827494621891,4,2024-10-01 03:00:00
PMGD TER LONQUIMAY,Lonquimay,Térmica,Diésel,Región de la Araucanía,convencional,0.0,0.0,0.0,0.0,4,2024-10-01 03:00:00
PMGD TER LOS SAUCES,Los Sauces,Térmica,Diésel,Región de la Araucanía,convencional,0.0,0.0,0.0,0.0,4,2024-10-01 03:00:00
HP PUNTILLA,PUNTILLA,Hidráulica,Pasada,Región Metropolitana,ernc,0.83975,0.0,377.51170209420934,16.609314218828185,4,2024-10-01 03:00:00
HP PULLINQUE,HP Pullinque,Hidráulica,Pasada,Región de los Ríos,convencional,0.0,0.0,756.7243580542018,30.24696197802265,4,2024-10-01 03:00:00
HP PROVIDENCIA,PROVIDENCIA,Hidráulica,Pasada,Región del Maule,ernc,1.0,0.0,64.27489759357763,2.745252136860913,4,2024-10-01 03:00:00
PMGD TER ESTANDARTES,Estandartes,Térmica,Diésel,Región de Tarapacá,convencional,0.0,0.0,0.0,0.0,4,2024-10-01 03:00:00
PMGD TER ESTANCILLA,Estancilla,Térmica,Diésel,Región Metropolitana,convencional,0.0,0.0,0.0,0.0,4,2024-10-01 03:00:00
HP SAUZALITO,SAUZALITO,Hidráulica,Pasada,Región de O'Higgins,ernc,1.0,0.0,0.0,0.0,4,2024-10-01 03:00:00
PMGD TER ERMITAÑO,Ermitaño,Térmica,Diésel,Región de Valparaíso,convencional,0.0,0.0,0.0,0.0,4,2024-10-01 03:00:00
PE MONTE REDONDO,MONTE REDONDO,Eólica,(en blanco),Región de Coquimbo,ernc,1.0,0.0,390.41894025221427,4.252384664459023,4,2024-10-01 03:00:00
PE LOS CURUROS,LOS CURUROS,Eólica,(en blanco),Región de Coquimbo,ernc,1.0,0.0,1046.4068070081257,4.512530549814163,4,2024-10-01 03:00:00
PE LOS BUENOS AIRES,PE Los Buenos Aires,Eólica,(en blanco),Región del Bío-Bío,ernc,1.0,0.0,115.8249526488886,4.282401497384616,4,2024-10-01 03:00:00
PMGD TER CURAUMA,Curauma,Térmica,Diésel,Región de Valparaíso,convencional,0.0,0.0,0.0,0.0,4,2024-10-01 03:00:00
PE LEBU,LEBU (EOLICA),Eólica,(en blanco),Región del Bío-Bío,ernc,1.0,0.0,0.0,0.0,4,2024-10-01 03:00:00
PE LA FLOR,Eólica La Flor,Eólica,(en blanco),Región de la Araucanía,ernc,1.0,0.0,204.1644919489091,11.306340401973403,4,2024-10-01 03:00:00
PMGD PFV PLOMO DE VERANO,PMGD PFV Plomo Verano,Solar,(en blanco),Región Metropolitana,ernc,1.0,0.0,17.667992707084885,0.0,4,2024-10-01 03:00:00
HE CIPRESES,CIPRESES,Hidráulica,Embalse,Región del Maule,convencional,0.0,0.0,1099.5643518484658,67.23568461991157,4,2024-10-01 03:00:00
PMGD TER LOUSIANA PACIFIC,Louisiana Pacific,Térmica,Diésel,Región de los Ríos,convencional,0.0,0.0,0.0,0.0,4,2024-10-01 03:00:00
PE LA ESPERANZA,Parque Eólico La Esperanza,Eólica,(en blanco),Región del Bío-Bío,ernc,1.0,0.0,51.06863841740906,2.3613241901466573,4,2024-10-01 03:00:00
PE CANELA II,PE Canela II,Eólica,(en blanco),Región de Coquimbo,ernc,1.0,0.0,493.696856738205,3.091733791336089,4,2024-10-01 03:00:00
PMGD TER EL CAMPESINO,El CAMPESINO I,Térmica,BioGas,Región Metropolitana,ernc,1.0,0.0,4.333296430591119,0.41985752680715044,4,2024-10-01 03:00:00
PMGD TER EL CANELO,El Canelo 1,Térmica,Diésel,Región de los Lagos,convencional,0.0,0.0,0.0,0.0,4,2024-10-01 03:00:00
PE CANELA,PE Canela I,Eólica,(en blanco),Región de Coquimbo,ernc,1.0,0.0,159.36937161294898,1.0405835414205609,4,2024-10-01 03:00:00
PE CABO LEONES,PE CABO LEONES,Eólica,(en blanco),Región de Atacama,ernc,1.0,0.0,2477.939586062587,101.13671573729836,4,2024-10-01 03:00:00
PMGD TER EL MOLLE,El Molle,Térmica,BioGas,Región de Valparaíso,ernc,1.0,0.0,27.033367598356595,1.6767668401140365,4,2024-10-01 03:00:00
PMGD TER EL NOGAL,El Nogal,Térmica,Diésel,Región Metropolitana,convencional,0.0,0.0,0.000723696836786172,0.0,4,2024-10-01 03:00:00
PE AURORA,Aurora,Eólica,(en blanco),Región de los Lagos,ernc,1.0,0.0,549.9984296956424,17.699925815124733,4,2024-10-01 03:00:00
PE CUEL,CUEL,Eólica,(en blanco),Región del Bío-Bío,ernc,1.0,0.0,89.53020700606902,4.13231733275665,4,2024-10-01 03:00:00
PMGD TER COPIULEMU,Copiulemu,Térmica,Diésel,Región del Bío-Bío,convencional,0.0,0.0,3.7041850879294143,0.0,4,2024-10-01 03:00:00
PMGD PFV SAN EDUARDO,PMGD PFV San Eduardo,Solar,(en blanco),Región de Ñuble,ernc,1.0,0.0,1.8755201144448217,0.0,4,2024-10-01 03:00:00
HP PALMAR,Palmar,Hidráulica,Pasada,Región de los Lagos,ernc,1.0,0.0,89.02992645730913,3.8321490035007195,4,2024-10-01 03:00:00
PMGD PFV BELENOS TIL TIL [EN_REVISION],PMGD PFV BELENOS TIL TIL [EN_REVISION],Solar,(en blanco),Región Metropolitana,ernc,1.0,0.0,0.0,0.0,4,2024-10-01 03:00:00
HP LOS MOLLES,MOLLES,Hidráulica,Pasada,Región de Coquimbo,ernc,1.0,0.0,98.22046105163805,0.0,4,2024-10-01 03:00:00
HP LOS HIERROS II,LOS HIERROS 2,Hidráulica,Pasada,Región del Maule,ernc,1.0,0.0,0.0,0.0,4,2024-10-01 03:00:00
PMGD PFV SAN ALBERTO,PMGD PFV San Alberto,Solar,(en blanco),Región de Ñuble,ernc,1.0,0.0,25.31024125482737,0.0,4,2024-10-01 03:00:00
PMGD PFV CHILENER,PMGD PFV Chilener,Solar,(en blanco),Región Metropolitana,ernc,1.0,0.0,11.335784308911919,0.0,4,2024-10-01 03:00:00
PMGD TER SALMOFOOD,PMGD TER Salmofood I,Térmica,Diésel,Región de los Lagos,convencional,0.0,0.0,0.0,0.0,4,2024-10-01 03:00:00
PMGD TER SEPULTURA,Sepultura,Térmica,Diésel,Región de Valparaíso,convencional,0.0,0.0,0.0,0.0,4,2024-10-01 03:00:00
PMGD TER TAMM,Tamm,Térmica,Biomasa,Región de O'Higgins,ernc,1.0,0.0,0.0,0.0,4,2024-10-01 03:00:00
HP LOS HIERROS,LOS HIERROS,Hidráulica,Pasada,Región del Maule,ernc,0.665,0.0,414.2923280390361,21.902282424707767,4,2024-10-01 03:00:00
PMGD TER TAPIHUE,Tapihue,Térmica,Gas Natural,Región de Valparaíso,convencional,0.0,0.0,0.0,0.0,4,2024-10-01 03:00:00
PMGD PFV CURACO,PMGD PFV CURACO,Solar,(en blanco),Región de O'Higgins,ernc,1.0,0.0,0.0,0.0,4,2024-10-01 03:00:00
HE MACHICURA,MACHICURA,Hidráulica,Embalse,Región del Maule,convencional,0.0,0.0,1261.7075439724306,66.03703243630483,4,2024-10-01 03:00:00
HP LOMA ALTA,LOMA ALTA,Hidráulica,Pasada,Región del Maule,convencional,0.0,0.0,621.3337633284767,31.473549827472134,4,2024-10-01 03:00:00
PMGD TER TOMAVAL,PMGD TER TOMAVAL,Térmica,Gas Natural,Región de Valparaíso,convencional,0.0,0.0,0.0,0.0,4,2024-10-01 03:00:00
PMGD PFV CEFALU SOLAR [EN_REVISION],PMGD Cefalu Solar,Solar,(en blanco),Región Metropolitana,ernc,1.0,0.0,0.0,0.0,4,2024-10-01 03:00:00
HP LLAUQUEREO,LLAUQUEREO,Hidráulica,Pasada,Región del Bío-Bío,ernc,1.0,0.0,43.588619104741966,1.8163068227454036,4,2024-10-01 03:00:00
PMGD PFV ALDEBARAN,PMGD PFV Aldebaran,Solar,(en blanco),Región de O'Higgins,ernc,1.0,0.0,31.519829745557235,0.0,4,2024-10-01 03:00:00
HP LOS QUILOS,LOS QUILOS,Hidráulica,Pasada,Región de Valparaíso,convencional,0.0,0.0,515.3890213324335,22.11240025518692,4,2024-10-01 03:00:00
PMGD TER REY,Rey,Térmica,Diésel,Región de los Ríos,convencional,0.0,0.0,0.0,0.0,4,2024-10-01 03:00:00
HP PIEDRAS NEGRAS,HP PIEDRAS NEGRAS,Hidráulica,Pasada,Región Metropolitana,ernc,1.0,0.0,32.378874291519644,1.498120241062238,4,2024-10-01 03:00:00
PMGD TER RASO POWER,Raso Power,Térmica,Diésel,Región del Maule,convencional,0.0,0.0,0.0,0.0,4,2024-10-01 03:00:00
PMGD TER LOUSIANA PACIFIC II,Louisiana Pacific II,Térmica,Diésel,Región de la Araucanía,convencional,0.0,0.0,0.0,0.0,4,2024-10-01 03:00:00
HP PALACIOS,PMG Palacios,Hidráulica,Pasada,Región de O'Higgins,ernc,1.0,0.0,0.0,0.0,4,2024-10-01 03:00:00
PMGD TER MIMBRE,MIMBRE,Térmica,Diésel,Región de O'Higgins,convencional,0.0,0.0,0.0,0.0,4,2024-10-01 03:00:00
PMGD TER MONTE PATRIA,Monte Patria,Térmica,Diésel,Región de Coquimbo,convencional,0.0,0.0,0.0,0.0,4,2024-10-01 03:00:00
HP OJOS DE AGUA,OJOS DE AGUA,Hidráulica,Pasada,Región del Maule,ernc,1.0,0.0,125.04192837094891,5.1977878303558205,4,2024-10-01 03:00:00
PMGD PFV BELEN,PMGD PFV BELEN,Solar,(en blanco),Región Metropolitana,ernc,1.0,0.0,0.0,0.0,4,2024-10-01 03:00:00
PMGD TER MULTIEXPORT,PMGD TER MULTIEXPORT,Térmica,Diésel,Región de los Lagos,convencional,0.0,0.0,0.0,0.0,4,2024-10-01 03:00:00
HE EL TORO,EL TORO,Hidráulica,Embalse,Región del Bío-Bío,convencional,0.0,0.0,2271.704087128445,208.35924429415098,4,2024-10-01 03:00:00
HP PALMUCHO,PALMUCHO,Hidráulica,Pasada,Región del Bío-Bío,ernc,0.3,0.0,688.169343576712,28.512699433302608,4,2024-10-01 03:00:00
PMGD TER MULTIEXPORT II,Multiexport II,Térmica,Diésel,Región de los Lagos,convencional,0.0,0.0,0.0,0.0,4,2024-10-01 03:00:00
PMGD PFV SAN ANTONIO DEL MONTE SUNLIGHT,PMGD PFV San Antonio Del Monte Sunlight,Solar,(en blanco),Región Metropolitana,ernc,1.0,0.0,2.9949684454881256,0.0,4,2024-10-01 03:00:00
HP MARIPOSAS,MARIPOSAS,Hidráulica,Pasada,Región del Maule,ernc,1.0,0.0,46.9263154736772,2.1011783047915173,4,2024-10-01 03:00:00
HP MAMPIL,MAMPIL,Hidráulica,Pasada,Región del Bío-Bío,convencional,0.0,0.0,741.1756385987449,46.50607981271891,4,2024-10-01 03:00:00
PMGD TER ORAFTI,PMGD TER ORAFTI,Térmica,Diésel,Región de Ñuble,convencional,0.0,0.0,0.0,0.0,4,2024-10-01 03:00:00
PMGD TER PUNITAQUI,Punitaqui,Térmica,Diésel,Región de Coquimbo,convencional,0.0,0.0,0.0,0.0,4,2024-10-01 03:00:00
HP MALALCAHUELLO,Malalcahuello,Hidráulica,Pasada,Región de la Araucanía,ernc,1.0,0.0,142.8801247258232,8.304657109414093,4,2024-10-01 03:00:00
PMGD TER RAMADILLA,Ramadilla,Térmica,Diésel,Región de Coquimbo,convencional,0.0,0.0,0.0,0.0,4,2024-10-01 03:00:00
HP MAITENES,MAITENES,Hidráulica,Pasada,Región Metropolitana,ernc,0.3725,0.0,0.0,0.0,4,2024-10-01 03:00:00
HP NALCAS,NALCAS,Hidráulica,Pasada,Región de los Lagos,ernc,1.0,0.0,131.3064578982707,6.300201502154093,4,2024-10-01 03:00:00
HP LIRCAY,LIRCAY,Hidráulica,Pasada,Región del Maule,ernc,1.0,0.0,117.96615339758091,5.603142146110712,4,2024-10-01 03:00:00
PE PUNTA PALMERAS,PUNTA PALMERAS,Eólica,(en blanco),Región de Coquimbo,ernc,1.0,0.0,470.97411421353104,6.453619079002517,4,2024-10-01 03:00:00
PE SAN GABRIEL,San Gabriel,Eólica,(en blanco),Región de la Araucanía,ernc,1.0,0.0,666.8239434420508,25.554330430654925,4,2024-10-01 03:00:00
PMGD PFV VALLE SOLAR ESTE II,VALLE SOLAR ESTE 2,Solar,(en blanco),Región de Atacama,ernc,1.0,0.0,91.10228855336455,0.0,4,2024-10-01 03:00:00
PMGD PFV VALLE SOLAR OESTE II,VALLE SOLAR OESTE 2,Solar,(en blanco),Región de Atacama,ernc,1.0,0.0,70.84769321074076,0.0,4,2024-10-01 03:00:00
PFV PAMPA SOLAR NORTE,PFV Pampa Solar Norte,Solar,(en blanco),Región de Antofagasta,ernc,1.0,0.0,340.9511995908369,0.0,4,2024-10-01 03:00:00
PMGD PFV SANTA TERESITA,PMGD PFV Santa Teresita,Solar,(en blanco),Región Metropolitana,ernc,1.0,0.0,73.14099804139606,0.0,4,2024-10-01 03:00:00
PFV PAMPA CAMARONES,PARQUE SOLAR PAMPA CAMARONES,Solar,(en blanco),Arica y Parinacota,ernc,1.0,0.0,43.63446946283718,0.0,4,2024-10-01 03:00:00
PFV LUZ DEL NORTE,Luz del Norte,Solar,(en blanco),Región de Atacama,ernc,1.0,0.0,717.7224864728814,0.0,4,2024-10-01 03:00:00
PFV LOS LOROS,Parque Solar Los Loros,Solar,(en blanco),Región de Atacama,ernc,1.0,0.0,218.61259419709458,0.0,4,2024-10-01 03:00:00
PFV LLANO DE LLAMPOS,PFV LLANO DE LLAMPOS,Solar,(en blanco),Región de Atacama,ernc,1.0,0.0,515.3990269434088,0.0,4,2024-10-01 03:00:00
PFV LALACKAMA II,PFV Lalackama II,Solar,(en blanco),Región de Antofagasta,ernc,1.0,0.0,77.64354116753417,0.0,4,2024-10-01 03:00:00
PMGD PFV VILLA PRAT,Villa Prat,Solar,(en blanco),Región del Maule,ernc,1.0,0.0,13.84761941520148,0.0,4,2024-10-01 03:00:00
HE ANGOSTURA,ANGOSTURA U2,Hidráulica,Pasada,Región del Bío-Bío,convencional,0.0,0.0,3361.8852876664287,140.07855365276782,4,2024-10-01 03:00:00
PFV LALACKAMA,PFV Lalackama I,Solar,(en blanco),Región de Antofagasta,ernc,1.0,0.0,263.3176640342779,0.0,4,2024-10-01 03:00:00
PFV LA SILLA,PFV La Silla,Solar,(en blanco),Región de Coquimbo,ernc,1.0,0.0,14.318029305507912,0.0,4,2024-10-01 03:00:00
PFV LA HUAYCA II,PFV LA HUAYCA II,Solar,(en blanco),Región de Tarapacá,ernc,1.0,0.0,94.41294516196551,0.0,4,2024-10-01 03:00:00
PFV JAVIERA,JAVIERA (SOLAR),Solar,(en blanco),Región de Atacama,ernc,1.0,0.0,343.182450838306,0.0,4,2024-10-01 03:00:00
PMGD PFV VILLA SECA,PMGD PFV VILLA SECA,Solar,(en blanco),Región del Maule,ernc,1.0,0.0,13.508828016389913,0.0,4,2024-10-01 03:00:00
PFV JAMA,PFV JAMA-2,Solar,(en blanco),Región de Antofagasta,ernc,1.0,0.0,49.55779116015421,0.0,4,2024-10-01 03:00:00
PFV PILAR LOS AMARILLOS,PMG PFV Pilar Los Amarillos,Solar,(en blanco),Región de Atacama,ernc,1.0,0.0,15.644206487348626,0.5133064157429025,4,2024-10-01 03:00:00
PMGD PFV VALLE DE LA LUNA II,Valle de la Luna II SpA,Solar,(en blanco),Región Metropolitana,ernc,1.0,0.0,14.367514006680453,0.0,4,2024-10-01 03:00:00
PFV PILOTO SOLAR CARDONES,PFV Piloto Solar Cardones,Solar,(en blanco),Región de Atacama,ernc,1.0,0.0,0.5503086036358735,0.0,4,2024-10-01 03:00:00
PFV POZO ALMONTE SOLAR II,PFV POZO ALMONTE SOLAR II,Solar,(en blanco),Región de Tarapacá,ernc,1.0,0.0,46.0858441517606,0.0,4,2024-10-01 03:00:00
PMGD HP BUREO,Bureo,Hidráulica,Pasada,Región del Bío-Bío,ernc,1.0,0.0,35.76501850677702,1.4774801874738344,4,2024-10-01 03:00:00
PMGD HP BOQUIAMARGO,Boquiamargo,Hidráulica,Pasada,Región del Bío-Bío,ernc,1.0,0.0,0.0,0.0,4,2024-10-01 03:00:00
PMGD PFV SOL DEL NORTE,Sol del Norte,Solar,(en blanco),Región de Coquimbo,ernc,1.0,0.0,21.202580292140592,0.0,4,2024-10-01 03:00:00
PMGD HP AUXILIAR DEL MAIPO,AUXILIAR DEL MAIPO,Hidráulica,Pasada,Región Metropolitana,ernc,1.0,0.0,89.86051064368954,3.749096753221789,4,2024-10-01 03:00:00
PMGD PFV TALCA,Talca,Solar,(en blanco),Región del Maule,ernc,1.0,0.0,36.40286584673632,0.0,4,2024-10-01 03:00:00
PMGD HP ALTO HOSPICIO,Minihidro Alto Hospicio,Hidráulica,Pasada,Región de Tarapacá,ernc,1.0,0.0,22.87947958213025,0.9610933011558145,4,2024-10-01 03:00:00
PMGD PFV TAMBO REAL,TAMBO REAL,Solar,(en blanco),Región de Coquimbo,ernc,1.0,0.0,18.985046781243135,0.0,4,2024-10-01 03:00:00
PFV URIBE SOLAR,PFV URIBE SOLAR,Solar,(en blanco),Región de Antofagasta,ernc,1.0,0.0,264.93857301225995,0.0,4,2024-10-01 03:00:00
PFV JAMA,PFV JAMA-1,Solar,(en blanco),Región de Antofagasta,ernc,1.0,0.0,159.03918645076743,0.0,4,2024-10-01 03:00:00
PMGD PFV TECHOS DE ALTAMIRA,Solar Techos de Altamira,Solar,(en blanco),Región Metropolitana,ernc,1.0,0.0,0.0,0.0,4,2024-10-01 03:00:00
PMGD PFV SOLARPARK MALLOA,PMGD PFV SOLARPARK MALLOA,Solar,(en blanco),Región de O'Higgins,ernc,1.0,0.0,15.33645403094414,0.0,4,2024-10-01 03:00:00
PFV SDGX01,SDGx01 (Andacollo),Solar,(en blanco),Región de Coquimbo,ernc,1.0,0.0,1.2006733170237243,0.0,4,2024-10-01 03:00:00
PMGD PFV TRICAHUE II,Solar Tricahue 2,Solar,(en blanco),Región de O'Higgins,ernc,1.0,0.0,39.46226720839984,0.0,4,2024-10-01 03:00:00
PFV SANTIAGO SOLAR,Santiago Solar,Solar,(en blanco),Región Metropolitana,ernc,1.0,0.0,367.28596767755715,0.0,4,2024-10-01 03:00:00
PFV SALVADOR,EL SALVADOR (SOLAR),Solar,(en blanco),Región de Atacama,ernc,1.0,0.0,102.68758543845402,0.0,4,2024-10-01 03:00:00
PFV PUERTO SECO SOLAR,PFV PUERTO SECO SOLAR,Solar,(en blanco),Región de Antofagasta,ernc,1.0,0.0,93.72255800467686,0.0,4,2024-10-01 03:00:00
PFV POZO ALMONTE SOLAR III,PFV POZO ALMONTE SOLAR III,Solar,(en blanco),Región de Tarapacá,ernc,1.0,0.0,86.44847882570814,0.0,4,2024-10-01 03:00:00
HE ANGOSTURA,ANGOSTURA U1,Hidráulica,Pasada,Región del Bío-Bío,convencional,0.0,0.0,3375.8931430317043,141.07911475028757,4,2024-10-01 03:00:00
PMGD PFV TILTIL,Til Til Solar,Solar,(en blanco),Región Metropolitana,ernc,1.0,0.0,16.620612687115607,0.0,4,2024-10-01 03:00:00
PE PUNTA SIERRA,PARQUE EÓLICO PUNTA SIERRA,Eólica,(en blanco),Región de Coquimbo,ernc,1.0,0.0,1000.9313051258524,9.565364092289002,4,2024-10-01 03:00:00
PFV HUATACONDO,Huatacondo,Solar,(en blanco),Región de Tarapacá,ernc,1.0,0.0,508.27503192906806,0.0,4,2024-10-01 03:00:00
PFV FINIS TERRAE,PFV Finis Terrae,Solar,(en blanco),Región de Antofagasta,ernc,1.0,0.0,1366.2361618303205,0.0,4,2024-10-01 03:00:00
HE ANTUCO,ANTUCO,Hidráulica,Embalse,Región del Bío-Bío,convencional,0.0,0.0,5900.5989547923655,281.4800491886763,4,2024-10-01 03:00:00
PMGD TER CASABLANCA II,Casablanca 2,Térmica,Diésel,Región de Valparaíso,convencional,0.0,0.0,0.0,0.0,4,2024-10-01 03:00:00
PMGD PFV PARQUE PVP UNIHUE,PMGD PFV PVP Unihue,Solar,(en blanco),Región del Maule,ernc,1.0,0.0,19.307867473856305,0.0,4,2024-10-01 03:00:00
PE TALTAL,PE Taltal,Eólica,(en blanco),Región de Antofagasta,ernc,1.0,0.0,257.0541515638041,21.992332923484547,4,2024-10-01 03:00:00
PE TALINAY PONIENTE,PE Talinay Poniente,Eólica,(en blanco),Región de Coquimbo,ernc,1.0,0.0,787.8217969651166,27.115205742785772,4,2024-10-01 03:00:00
PMGD TER CHILE,CHILE_GENERACION,Térmica,Diésel,Región del Maule,convencional,0.0,0.0,0.0,0.0,4,2024-10-01 03:00:00
PE TALINAY ORIENTE,PE Talinay Oriente,Eólica,(en blanco),Región de Coquimbo,ernc,1.0,0.0,787.0113424761255,12.757153993377068,4,2024-10-01 03:00:00
PE SIERRA GORDA ESTE,PE Sierra Gorda Este,Eólica,(en blanco),Región de Antofagasta,ernc,1.0,0.0,746.4686068046244,15.718814842035588,4,2024-10-01 03:00:00
PMGD TER CHORRILLOS,Chorrillos,Térmica,Diésel,Región Metropolitana,convencional,0.0,0.0,0.0,0.0,4,2024-10-01 03:00:00
PMGD TER CIRUELILLO,Ciruelillo,Térmica,Diésel,Región de los Lagos,convencional,0.0,0.0,0.0,0.0,4,2024-10-01 03:00:00
PE SARCO,Parque Eólico Sarco,Eólica,(en blanco),Región de Atacama,ernc,1.0,0.0,2517.661861634122,129.36254429833107,4,2024-10-01 03:00:00
PMGD TER COELEMU,Energía León (Coelemu),Térmica,Biomasa,Región de Ñuble,ernc,1.0,0.0,37.19728840409477,1.1510881984388184,4,2024-10-01 03:00:00
PE SAN PEDRO II,PE SAN PEDRO II,Eólica,(en blanco),Región de los Lagos,ernc,1.0,0.0,364.66449760205535,13.777726312847234,4,2024-10-01 03:00:00
HE CANUTILLAR,CANUTILLAR,Hidráulica,Embalse,Región de los Lagos,convencional,0.0,0.0,2596.4560480638033,139.07799255524804,4,2024-10-01 03:00:00
PMGD TER CONTULMO,PMGD TER Contulmo,Térmica,Diésel,Región del Bío-Bío,convencional,0.0,0.0,0.0,0.0,4,2024-10-01 03:00:00
PE SAN PEDRO,PE SAN PEDRO,Eólica,(en blanco),Región de los Lagos,ernc,1.0,0.0,185.24388159481023,8.814943269149175,4,2024-10-01 03:00:00
PE SAN JUAN,Parque Eólico San Juan,Eólica,(en blanco),Región de Atacama,ernc,1.0,0.0,3178.082214052045,152.98579181077284,4,2024-10-01 03:00:00
PE TOTORAL,Eólica Totoral,Eólica,(en blanco),Región de Coquimbo,ernc,1.0,0.0,426.2390275434221,6.103422694870597,4,2024-10-01 03:00:00
BESS ALFALFAL VR1,BESS ALFALFAL VR1 (retiro),Bess,(en blanco),Región Metropolitana,ernc,1.0,0.0,0.0,0.0,4,2024-10-01 03:00:00
PE UCUQUER II,UCUQUER_2,Eólica,(en blanco),Región de O'Higgins,ernc,1.0,0.0,46.916309862702015,0.0,4,2024-10-01 03:00:00
PMGD TER CASABLANCA,Casablanca 1,Térmica,Diésel,Región de Valparaíso,convencional,0.0,0.0,0.0,0.0,4,2024-10-01 03:00:00
PFV ESPERANZA,PMG PFV ESPERANZA,Solar,(en blanco),Región de Atacama,ernc,1.0,0.0,0.0,0.0,4,2024-10-01 03:00:00
PFV EL ROMERO,El Romero,Solar,(en blanco),Región de Atacama,ernc,1.0,0.0,890.0091018548106,0.0,4,2024-10-01 03:00:00
PMGD TER AGNI,Agni,Térmica,Diésel,Región Metropolitana,convencional,0.0,0.0,0.0,0.0,4,2024-10-01 03:00:00
PMGD TER ALMENDRADO,Almendrado,Térmica,Diésel,Región de los Lagos,convencional,0.0,0.0,0.0,0.0,4,2024-10-01 03:00:00
HE ANGOSTURA,ANGOSTURA U3,Hidráulica,Pasada,Región del Bío-Bío,convencional,0.0,0.0,0.0,0.0,4,2024-10-01 03:00:00
PFV DOÑA CARMEN SOLAR,PFV DOÑA CARMEN SOLAR,Solar,(en blanco),Región de Valparaíso,ernc,1.0,0.0,148.24313220852912,0.0,4,2024-10-01 03:00:00
PFV DIEGO DE ALMAGRO,PFV Diego de Almagro,Solar,(en blanco),Región de Atacama,ernc,1.0,0.0,144.47101687087962,0.0,4,2024-10-01 03:00:00
PFV CONEJO SOLAR,PFV CONEJO SOLAR,Solar,(en blanco),Región de Antofagasta,ernc,1.0,0.0,511.45681621918084,0.0,4,2024-10-01 03:00:00
PMGD PFV VITUCO 2B,Vituco 2B,Solar,(en blanco),Región de O'Higgins,ernc,1.0,0.0,20.336582259582038,0.0,4,2024-10-01 03:00:00
PMGD TER BIO CRUZ,PMGD TER BIO CRUZ,Térmica,Gas Natural,Región de Valparaíso,convencional,0.0,0.0,0.0,0.0,4,2024-10-01 03:00:00
PFV CERRO DOMINADOR,PFV CERRO DOMINADOR,Solar,(en blanco),Región de Antofagasta,ernc,1.0,0.0,508.9354022534311,0.0,4,2024-10-01 03:00:00
PFV CARRERA PINTO,PFV Carrera Pinto,Solar,(en blanco),Región de Atacama,ernc,1.0,0.0,371.8085038383466,0.0,4,2024-10-01 03:00:00
PFV BOLERO,PFV BOLERO,Solar,(en blanco),Región de Antofagasta,ernc,1.0,0.0,675.4888025465721,0.0,4,2024-10-01 03:00:00
PFV ANTAY,PMG Antay,Solar,(en blanco),Región de Atacama,ernc,1.0,0.0,75.87254802492416,0.0,4,2024-10-01 03:00:00
PFV ANDES SOLAR,ANDES SOLAR,Solar,(en blanco),Región de Antofagasta,ernc,1.0,0.0,101.66701311898383,0.0,4,2024-10-01 03:00:00
PMGD TER CALFUCO,Calfuco,Térmica,Diésel,Región de los Lagos,convencional,0.0,0.0,0.0,0.0,4,2024-10-01 03:00:00
PE VALLE DE LOS VIENTOS,PE Valle de los Vientos,Eólica,(en blanco),Región de Antofagasta,ernc,1.0,0.0,373.8396428663117,1.540864090180446,4,2024-10-01 03:00:00
PMGD TER CAÑETE,PMGD TER Cañete,Térmica,Diésel,Región del Bío-Bío,convencional,0.0,0.0,0.0,0.0,4,2024-10-01 03:00:00
PFV CHAÑARES,PFV Chañares,Solar,(en blanco),Región de Atacama,ernc,1.0,0.0,152.89574131199606,0.0,4,2024-10-01 03:00:00
PMGD PFV PLAZA SUNLIGHT,PMGD PFV Plaza Sunlight,Solar,(en blanco),Región Metropolitana,ernc,1.0,0.0,0.0,0.0,4,2024-10-01 03:00:00
PMGD PFV PELLIN,PMGD PFV Pellin,Solar,(en blanco),Región de Ñuble,ernc,1.0,0.0,50.729427148241406,0.0,4,2024-10-01 03:00:00
TER NEWEN,Newen Diésel,Térmica,Diésel,Región del Bío-Bío,convencional,0.0,0.0,0.0,0.0,4,2024-10-01 03:00:00
PMGD PFV PALTO SUNLIGHT,PMGD PFV Palto Sunlight,Solar,(en blanco),Región de Valparaíso,ernc,1.0,0.0,73.78245259491894,0.0,4,2024-10-01 03:00:00
PMGD PFV EA SF PICHILEMU [En_Revision],PMGD PFV EA SF Pichilemu,Solar,(en blanco),Región de O'Higgins,ernc,1.0,0.0,23.319135768186275,0.0,4,2024-10-01 03:00:00
PMGD PFV COCHARCAS,Cocharcas,Solar,(en blanco),Región de Ñuble,ernc,1.0,0.0,16.611486729234795,0.0,4,2024-10-01 03:00:00
PMGD PFV GR ALCON SOLAR,PMGD PFV Alcon Solar,Solar,(en blanco),Región de O'Higgins,ernc,1.0,0.0,74.6562337047939,0.0,4,2024-10-01 03:00:00
PMGD PFV VICTORIA,PMGD PFV Victoria,Solar,(en blanco),Región de Antofagasta,ernc,1.0,0.0,24.341478640251996,0.0,4,2024-10-01 03:00:00
PMGD TER BOLDOS,Boldos,Térmica,Diésel,Región del Bío-Bío,convencional,0.0,0.0,0.0,0.0,4,2024-10-01 03:00:00
PMGD PFV SANTA AMELIA,SANTA AMELIA,Solar,(en blanco),Región de O'Higgins,ernc,1.0,0.0,23.60649736524622,0.0,4,2024-10-01 03:00:00
PMGD PFV ALAMEDA,PMGD PFV Alameda,Solar,(en blanco),Región de O'Higgins,ernc,1.0,0.0,35.98153343543922,0.0,4,2024-10-01 03:00:00
PMGD PFV AVEL SOLAR,PMGD PFV Avel Solar,Solar,(en blanco),Región Metropolitana,ernc,1.0,0.0,55.80295214482917,0.0,4,2024-10-01 03:00:00
PMGD PFV GIRASOLES,Girasoles,Solar,(en blanco),Región Metropolitana,ernc,1.0,0.0,13.308459117444528,0.0,4,2024-10-01 03:00:00
PMGD PFV DON MARIANO,Don Mariano,Solar,(en blanco),Región de O'Higgins,ernc,1.0,0.0,16.644368985640778,0.0,4,2024-10-01 03:00:00
PMGD PFV ANTONIA SOLAR,Solar Antonia,Solar,(en blanco),Región de O'Higgins,ernc,1.0,0.0,6.552625425765396,0.0,4,2024-10-01 03:00:00
PMGD PFV CANTERA,PMGD PFV Cantera,Solar,(en blanco),Región Metropolitana,ernc,1.0,0.0,21.636359667381807,0.0,4,2024-10-01 03:00:00
PMGD  TER AROMOS,Aromos,Térmica,Diésel,Región de la Araucanía,convencional,0.0,0.0,0.0,0.0,4,2024-10-01 03:00:00
PMGD PFV SAN JOSE II,PMGD PFV San José II,Solar,(en blanco),Región de Ñuble,ernc,1.0,0.0,22.373467242380187,0.0,4,2024-10-01 03:00:00
PMGD PFV PARQUE SOLAR SANTA FE,Santa Fe,Solar,(en blanco),Región del Maule,ernc,1.0,0.0,50.651717398145024,0.0,4,2024-10-01 03:00:00
PMGD PFV FILOMENA SOLAR,Filomena,Solar,(en blanco),Región de Valparaíso,ernc,1.0,0.0,22.219536182679377,0.0,4,2024-10-01 03:00:00
PMGD PFV PEÑAFLOR SOLAR,PMGD PFV PENAFLOR,Solar,(en blanco),Región Metropolitana,ernc,1.0,0.0,50.953451656747305,0.0,4,2024-10-01 03:00:00
PFV ANDES SOLAR II,Solar Andes IIA,Solar,(en blanco),Región de Antofagasta,ernc,1.0,0.0,373.21929498584944,0.0,4,2024-10-01 03:00:00
PMGD PFV VILLA ALEGRE,Villa Alegre,Solar,(en blanco),Región del Maule,ernc,1.0,0.0,49.48342980067793,0.0,4,2024-10-01 03:00:00
PMGD PFV LA VENDIMIA,PMGD PFV La Vendimia,Solar,(en blanco),Región del Maule,ernc,1.0,0.0,57.08564662821764,0.0,4,2024-10-01 03:00:00
PMGD PFV LONCURA,PMGD PFV Loncura,Solar,(en blanco),Región Metropolitana,ernc,1.0,0.0,80.75036206496084,0.0,4,2024-10-01 03:00:00
PMGD PFV QUILLAY,Quillay,Solar,(en blanco),Región Metropolitana,ernc,1.0,0.0,16.837715035492725,0.0,4,2024-10-01 03:00:00
PMGD PFV LIRIO DEL CAMPO,Lirio del campo,Solar,(en blanco),Región Metropolitana,ernc,1.0,0.0,16.768736649095516,0.0,4,2024-10-01 03:00:00
PMGD PFV GRANADA,Granada,Solar,(en blanco),Región del Maule,ernc,1.0,0.0,47.64129137171036,0.0,4,2024-10-01 03:00:00
PFV DIEGO DE ALMAGRO SUR,PFV Diego de Almagro Sur,Solar,(en blanco),Región de Atacama,ernc,1.0,0.0,1089.5109790892775,0.0,4,2024-10-01 03:00:00
PMGD PFV LOS PERALES,Los Perales,Solar,(en blanco),Región de Valparaíso,ernc,1.0,0.0,17.815256375927145,0.0,4,2024-10-01 03:00:00
PE RENAICO I,PE Renaico I,Eólica,(en blanco),Región de la Araucanía,ernc,1.0,0.0,315.7070431004131,21.28193454424551,4,2024-10-01 03:00:00
PMGD PFV  ARGOMEDO,Argomedo,Solar,(en blanco),Región de O'Higgins,ernc,1.0,0.0,44.75381882718166,0.0,4,2024-10-01 03:00:00
PMGD PFV TREBAL SOLAR,Trebal Solar,Solar,(en blanco),Región Metropolitana,ernc,1.0,0.0,16.414173162167177,0.0,4,2024-10-01 03:00:00
PMGD PFV SOL DE SEPTIEMBRE,Sol de Septiembre,Solar,(en blanco),Región Metropolitana,ernc,1.0,0.0,51.27451962005993,0.0,4,2024-10-01 03:00:00
PMGD PFV EL LORO CHOROY,PMGD PFV EL LORO CHOROY,Solar,(en blanco),Región Metropolitana,ernc,1.0,0.0,47.67333470626335,0.0,4,2024-10-01 03:00:00
PMGD PFV LOICA,PMGD PFV Loica,Solar,(en blanco),Región del Maule,ernc,1.0,0.0,16.875653467415308,0.0,4,2024-10-01 03:00:00
PMGD PFV LLUTA SOLAR,PMGD PFV Lluta Solar,Solar,(en blanco),Región Metropolitana,ernc,1.0,0.0,0.03791408977192009,0.0031417794560873943,4,2024-10-01 03:00:00
PMGD PFV ENAMI SOLAR,PMGD PFV Enami Solar,Solar,(en blanco),Región Metropolitana,ernc,1.0,0.0,45.770260210393545,0.0,4,2024-10-01 03:00:00
PMGD PFV EL CHUCAO,PFV El Chucao,Solar,(en blanco),Región del Maule,ernc,1.0,0.0,16.49169728616761,0.0,4,2024-10-01 03:00:00
PMGD PFV CKILIR,PMGD PFV Ckilir,Solar,(en blanco),Región de Antofagasta,ernc,1.0,0.0,91.83095926091222,0.0,4,2024-10-01 03:00:00
PMGD PFV DUQUECO SOLAR,PMGD PFV Duqueco Solar,Solar,(en blanco),Región del Bío-Bío,ernc,1.0,0.0,71.0440854194264,0.0,4,2024-10-01 03:00:00
PMGD PFV MILAN A,PMGD PFV Milán A,Solar,(en blanco),Región del Maule,ernc,1.0,0.0,15.916971835082048,0.0,4,2024-10-01 03:00:00
PMGD PFV MARIA PINTO,María Pinto,Solar,(en blanco),Región Metropolitana,ernc,1.0,0.0,17.83688855268122,0.0,4,2024-10-01 03:00:00
PMGD PFV LLANOS DE POTROSO,Llanos de Potroso,Solar,(en blanco),Región de Coquimbo,ernc,1.0,0.0,33.36535459006861,0.0,4,2024-10-01 03:00:00
(en blanco),Termoandes TV10 SEN,(en blanco),(en blanco),(en blanco),convencional,0.0,0.0,0.0,0.0,4,2024-10-01 03:00:00
PMGD HP LOS PORTONES,PMGD HP LOS PORTONES,Hidráulica,Pasada,Región de los Ríos,ernc,1.0,0.0,16.34615300112633,0.6736059112533964,4,2024-10-01 03:00:00
PMGD PFV EL QUELTEHUE,El Queltehue,Solar,(en blanco),Región Metropolitana,ernc,1.0,0.0,20.026097726275633,0.0,4,2024-10-01 03:00:00
PMGD TER EL FARO,El Faro,Térmica,Diésel,Región de Coquimbo,convencional,0.0,0.0,0.0,0.0,4,2024-10-01 03:00:00
PMGD PFV SGT CATAPILCO,PMGD PFV SGT CATAPILCO,Solar,(en blanco),Región Metropolitana,ernc,1.0,0.0,9.724070938869264,0.0,4,2024-10-01 03:00:00
PMGD PFV PITOTOY,Pitotoy,Solar,(en blanco),Región de O'Higgins,ernc,1.0,0.0,16.238889866598342,0.0,4,2024-10-01 03:00:00
PMGD PFV QUELTEHUE SOLAR,Queltehue Solar,Solar,(en blanco),Región de O'Higgins,ernc,1.0,0.0,0.0,0.0,4,2024-10-01 03:00:00
PMGD PFV GR LEMU,LEMU,Solar,(en blanco),Región del Maule,ernc,1.0,0.0,31.69895299850837,0.0,4,2024-10-01 03:00:00
PMGD PFV LA CHIMBA BIS,LA CHIMBA BIS,Solar,(en blanco),Región de Coquimbo,ernc,1.0,0.0,17.247336556923443,0.0,4,2024-10-01 03:00:00
PMGD PFV JAHUEL,JAHUEL,Solar,(en blanco),Región de Valparaíso,ernc,1.0,0.0,49.99412697960553,0.0,4,2024-10-01 03:00:00
PMGD PFV COVADONGA,Covadonga,Solar,(en blanco),Región de Atacama,ernc,1.0,0.0,86.9543979550874,0.0,4,2024-10-01 03:00:00
PMGD PFV PASTRAN,PMGD PFV Pastrán,Solar,(en blanco),Región de Coquimbo,ernc,1.0,0.0,82.55981287487172,0.0,4,2024-10-01 03:00:00
PMGD PFV EL RESPLANDOR,El Resplandor,Solar,(en blanco),Región del Bío-Bío,ernc,1.0,0.0,14.75375006454389,0.0,4,2024-10-01 03:00:00
PMGD PFV NIHUE,PMGD PFV Nihue,Solar,(en blanco),Región Metropolitana,ernc,1.0,0.0,20.79180558062063,0.0,4,2024-10-01 03:00:00
PMGD PFV AHE BUENAS YERBAS,PMGD PFV AHE BUENAS YERBAS,Solar,(en blanco),Región Metropolitana,ernc,1.0,0.0,69.91411278713528,0.0,4,2024-10-01 03:00:00
PMGD PE EL ARREBOL,El Arrebol,Eólica,(en blanco),Región del Bío-Bío,ernc,1.0,0.0,107.7907553754164,2.163807267640792,4,2024-10-01 03:00:00
PMGD PFV SANTA EMILIA,PMGD PFV Santa Emilia,Solar,(en blanco),Región de O'Higgins,ernc,1.0,0.0,37.55295526697744,0.0,4,2024-10-01 03:00:00
PMGD PFV EL LITRE SOLAR,El Litre,Solar,(en blanco),Región Metropolitana,ernc,1.0,0.0,46.88360198348378,0.0,4,2024-10-01 03:00:00
PMGD PFV ANAKENA,PMGD PFV Anakena,Solar,(en blanco),Región de Coquimbo,ernc,1.0,0.0,79.34638064863853,0.0,4,2024-10-01 03:00:00
PMGD PFV UTFSM VIÑA DEL MAR,UTFSM Viña del Mar,Solar,(en blanco),Región de Valparaíso,ernc,1.0,0.0,0.9944383215719268,0.0,4,2024-10-01 03:00:00
PMGD TER BLUEGATE,BLUEGATE,Térmica,Diésel,Región de los Lagos,convencional,0.0,0.0,0.0,0.0,4,2024-10-01 03:00:00
PMGD PFV LOS TILOS,PMGD PFV Los Tilos,Solar,(en blanco),Región de Valparaíso,ernc,1.0,0.0,32.8863033446383,0.0,4,2024-10-01 03:00:00
PMGD PFV DON JORGE (EX PERALILLO),Don Jorge,Solar,(en blanco),Región de O'Higgins,ernc,1.0,0.0,20.467706451782323,0.0,4,2024-10-01 03:00:00
PMGD PFV SAN CLEMENTE FLOR DEL LLANO,PMGD PFV SAN CLEMENTE FLOR DEL LLANO,Solar,(en blanco),Región del Maule,ernc,1.0,0.0,0.06499858279153693,0.005851193549087363,4,2024-10-01 03:00:00
BESS Arica,BESS Arica (Retiro),Bess,(en blanco),Arica y Parinacota,convencional,0.0,0.0,0.0,0.0,4,2024-10-01 03:00:00
BESS San Andrés,BESS San Andrés (retiro),Bess,(en blanco),Región de Atacama,ernc,1.0,0.0,215.64117576565081,0.0571027577481405,4,2024-10-01 03:00:00
PMGD PFV CANELILLO,PFV CANELILLO,Solar,(en blanco),Región de Coquimbo,ernc,1.0,0.0,18.60432841210499,0.0,4,2024-10-01 03:00:00
PMGD PFV  COCINILLAS,PFV COCINILLAS,Solar,(en blanco),Región de Coquimbo,ernc,1.0,0.0,17.49787732529355,0.0,4,2024-10-01 03:00:00
PMGD PFV EL SALITRAL,PFV EL SALITRAL,Solar,(en blanco),Región de Coquimbo,ernc,1.0,0.0,30.086554905384748,0.0,4,2024-10-01 03:00:00
BESS Arica,BESS Arica (Inyección),Bess,(en blanco),Arica y Parinacota,convencional,0.0,0.0,0.0,0.0,4,2024-10-01 03:00:00
TER NORGENER [No_Mostrar],NTO2 (Carbon),Térmica,Carbón,Región de Antofagasta,convencional,0.0,0.0,0.0,0.0,4,2024-10-01 03:00:00
PMGD HP CENTRAL EL ATAJO,HP EL ATAJO,Hidráulica,Pasada,Región del Bío-Bío,ernc,1.0,0.0,16.882640194352057,0.6383312624347384,4,2024-10-01 03:00:00
PMGD PFV PITRA,PFV PITRA,Solar,(en blanco),Región de Valparaíso,ernc,1.0,0.0,20.175126660448434,0.0,4,2024-10-01 03:00:00
PFV NUEVO QUILLAGUA,PFV NUEVO QUILLAGUA,Solar,(en blanco),Región de Antofagasta,ernc,1.0,0.0,351.07687789773695,0.0,4,2024-10-01 03:00:00
PMGD PFV SAN EMILIO SOLAR I,PMGD PFV San Emilio Solar 1,Solar,(en blanco),Región del Maule,ernc,1.0,0.0,14.930898419806246,0.0,4,2024-10-01 03:00:00
HP DIGUA,HP DIGUA,Hidráulica,Pasada,Región del Maule,ernc,1.0,0.0,393.2205113252696,22.092389033236522,4,2024-10-01 03:00:00
PMGD PFV CENTRAL LLIU LLIU (FOSTER),PMGD PFV Foster,Solar,(en blanco),Región de Valparaíso,ernc,1.0,0.0,12.385422770976827,0.0,4,2024-10-01 03:00:00
PFV AZABACHE,PFV Azabache,Solar,(en blanco),Región de Antofagasta,ernc,1.0,0.0,277.69572700563697,0.0,4,2024-10-01 03:00:00
PMGD PFV EL ROMERAL,EL ROMERAL,Solar,(en blanco),Región de O'Higgins,ernc,1.0,0.0,45.64513801721146,0.0,4,2024-10-01 03:00:00
HP FLORIDA II,Florida U-2,Hidráulica,Pasada,Región Metropolitana,ernc,0.845,0.0,151.98523071325306,9.305218206933862,4,2024-10-01 03:00:00
HP FLORIDA III,Florida U-3,Hidráulica,Pasada,Región Metropolitana,convencional,0.0,0.0,55.23097258309127,2.301290524295471,4,2024-10-01 03:00:00
PMGD PFV QUILMO SOLAR,PMGD PFV Quilmo Solar,Solar,(en blanco),Región de Ñuble,ernc,1.0,0.0,36.545873720701735,0.0,4,2024-10-01 03:00:00
PMGD TER GENERADORA LAGUNITAS,PMGD TER Lagunitas,Térmica,Diésel,Región de los Lagos,convencional,0.0,0.0,0.0,0.0,4,2024-10-01 03:00:00
PMGD PFV  SANTA CAROLINA,SANTA CAROLINA,Solar,(en blanco),Región de O'Higgins,ernc,1.0,0.0,17.782036931131685,0.0,4,2024-10-01 03:00:00
PFV ATACAMA SOLAR II,PFV Atacama Solar 2,Solar,(en blanco),Región de Tarapacá,ernc,1.0,0.0,641.8299272260069,0.0,4,2024-10-01 03:00:00
PMGD PFV QUINANTU SOLAR,PMGD PFV Quinantu Solar,Solar,(en blanco),Región del Maule,ernc,1.0,0.0,61.45344326213165,0.0,4,2024-10-01 03:00:00
PMGD PFV CIPRES,PFV CIPRES,Solar,(en blanco),Región del Maule,ernc,1.0,0.0,47.43812545734664,0.0,4,2024-10-01 03:00:00
PMGD PFV LAS TORTOLAS,LAS TORTOLAS,Solar,(en blanco),Región de Ñuble,ernc,1.0,0.0,16.848201386458676,0.0,4,2024-10-01 03:00:00
TER CHAGUAL,Chagual,Térmica,Fuel Oil,Región de Coquimbo,convencional,0.0,0.0,0.0,0.0,4,2024-10-01 03:00:00
PMGD PFV PLAYERITO,PFV PLAYERITO,Solar,(en blanco),Región del Maule,ernc,1.0,0.0,12.215699277849941,0.0,4,2024-10-01 03:00:00
PMGD  PFV PLAYERO,PFV PLAYERO,Solar,(en blanco),Región del Maule,ernc,1.0,0.0,12.636988408075764,0.0,4,2024-10-01 03:00:00
PMGD PFV PARQUE SOLAR BICENTENARIO,PARQUE SOLAR BICENTENARIO,Solar,(en blanco),Región del Maule,ernc,1.0,0.0,19.499525852190988,0.0,4,2024-10-01 03:00:00
PMGD TER PRP RAPACO,PRP RAPACO,Térmica,Diésel,Región de los Ríos,convencional,0.0,0.0,0.0,0.0,4,2024-10-01 03:00:00
PMGD PFV FARDELA NEGRA,PMGD PFV FARDELA NEGRA,Solar,(en blanco),Región de Valparaíso,ernc,1.0,0.0,18.176352578490484,0.0,4,2024-10-01 03:00:00
PMGD TER PRP CHIFIN,PRP CHIFIN,Térmica,Diésel,Región de los Lagos,convencional,0.0,0.0,0.0,0.0,4,2024-10-01 03:00:00
PE LOMAS DE DUQUECO,Lomas de Duqueco,Eólica,(en blanco),Región del Bío-Bío,ernc,1.0,0.0,316.29737414794977,7.754348505778218,4,2024-10-01 03:00:00
PMGD TER PRP TAMBORES,PRP TAMBORES,Térmica,Diésel,Región de los Ríos,convencional,0.0,0.0,0.0,0.0,4,2024-10-01 03:00:00
PMGD PFV FOTOVOLT SOLAR [NO_MOSTRAR],FOTOVOLT SOLAR I,Solar,(en blanco),Región Metropolitana,ernc,1.0,0.0,0.0,0.0,4,2024-10-01 03:00:00
HP MOCHO,Mocho,Hidráulica,Pasada,Región de los Ríos,ernc,1.0,0.0,252.5316154030148,14.57817519086305,4,2024-10-01 03:00:00
BESS San Andrés,BESS San Andrés (Inyección),Bess,(en blanco),Región de Atacama,ernc,1.0,0.0,220.4867475527845,0.04089929462365213,4,2024-10-01 03:00:00
PFV DEL DESIERTO,PFV Del Desierto,Solar,(en blanco),Región de Antofagasta,ernc,1.0,0.0,0.0,0.0,4,2024-10-01 03:00:00
TER PAJONALES,Pajonales,Térmica,Fuel Oil,Región de Atacama,convencional,0.0,0.0,0.0,0.0,4,2024-10-01 03:00:00
PE CABO LEONES III,PE CABO LEONES III,Eólica,(en blanco),Región de Atacama,ernc,1.0,0.0,2609.763510660816,77.0131876760967,4,2024-10-01 03:00:00
HP MC2,HP MC2,Hidráulica,Pasada,Región de los Lagos,ernc,1.0,0.0,49.133267113742825,2.3086846855143905,4,2024-10-01 03:00:00
PFV SOL DEL NORTE,PFV Sol del Norte (Andes),Solar,(en blanco),Región de Antofagasta,ernc,1.0,0.0,72.25051685190259,0.0,4,2024-10-01 03:00:00
PFV DE LOS ANDES,PFV de los Andes,Solar,(en blanco),Región de Antofagasta,ernc,1.0,0.0,0.0,0.0,4,2024-10-01 03:00:00
PMGD PFV AVILES,Aviles,Solar,(en blanco),Región Metropolitana,ernc,1.0,0.0,54.613563580301296,0.0,4,2024-10-01 03:00:00
HP MC1,HP MC1,Hidráulica,Pasada,Región de los Lagos,ernc,1.0,0.0,168.2224276857054,9.055511525405361,4,2024-10-01 03:00:00
PMGD PFV VERONA SOLAR,PMGD PFV Verona,Solar,(en blanco),Región Metropolitana,ernc,1.0,0.0,0.04401719108656617,0.0038003890930871373,4,2024-10-01 03:00:00
PE CABO LEONES II,PE CABO LEONES II,Eólica,(en blanco),Región de Atacama,ernc,1.0,0.0,2210.7097281370066,47.416590411461904,4,2024-10-01 03:00:00
PMGD PFV EL ZORZAL,PMGD PFV El Zorzal,Solar,(en blanco),Región del Maule,ernc,1.0,0.0,18.58011887791302,0.0,4,2024-10-01 03:00:00
PFV USYA,PFV Usya,Solar,(en blanco),Región de Antofagasta,ernc,1.0,0.0,244.97737911674048,0.0,4,2024-10-01 03:00:00
PMGD PFV PEPA SOLAR,PMGD PFV PEPA SOLAR,Solar,(en blanco),Región Metropolitana,ernc,1.0,0.0,48.02301709705661,0.0,4,2024-10-01 03:00:00
PMGD TER DEUCO,Deuco,Térmica,Diésel,Región Metropolitana,convencional,0.0,0.0,0.0,0.0,4,2024-10-01 03:00:00
PMGD PFV EL GUANACO SOLAR,PMGD PFV Guanaco Solar,Solar,(en blanco),Región Metropolitana,ernc,1.0,0.0,61.532101181445064,0.0,4,2024-10-01 03:00:00
PFV PAMPA TIGRE,pampa tigre,Solar,(en blanco),Región de Antofagasta,ernc,1.0,0.0,532.1784365488153,0.0,4,2024-10-01 03:00:00
PMGD PFV PUENTE SOLAR,Puente Solar,Solar,(en blanco),Región Metropolitana,ernc,1.0,0.0,17.059504582270396,0.0,4,2024-10-01 03:00:00
PMGD PFV CANDELARIA SOLAR,Candelaria Solar,Solar,(en blanco),Región de O'Higgins,ernc,1.0,0.0,13.32215752777833,0.0,4,2024-10-01 03:00:00
PMGD TER PRP LOS NEGROS,PRP LOS NEGROS,Térmica,Diésel,Región de los Lagos,convencional,0.0,0.0,0.0,0.0,4,2024-10-01 03:00:00
PMGD TER PRP CAMPESINA (EX ALDEA),PRP CAMPESINA,Térmica,Diésel,Región de los Ríos,convencional,0.0,0.0,0.0,0.0,4,2024-10-01 03:00:00
PE MESAMAVIDA,Parque Eólico Mesamávida,Eólica,(en blanco),Región del Bío-Bío,ernc,1.0,0.0,262.4471758794357,7.494202620423078,4,2024-10-01 03:00:00
PMGD PFV LAS TORCAZAS,Las Torcazas,Solar,(en blanco),Región de O'Higgins,ernc,1.0,0.0,17.84005479155373,0.0,4,2024-10-01 03:00:00
PMGD PFV LUMBRERAS,LUMBRERAS,Solar,(en blanco),Región Metropolitana,ernc,1.0,0.0,21.07287311908036,0.0,4,2024-10-01 03:00:00
PMGD HP COSAPILLA,Cosapilla,Hidráulica,Pasada,Arica y Parinacota,ernc,1.0,0.0,11.339614272589925,0.481121649477438,4,2024-10-01 03:00:00
PMGD PFV DARLIN SOLAR,Darlin,Solar,(en blanco),Región Metropolitana,ernc,1.0,0.0,46.66176797807447,0.0,4,2024-10-01 03:00:00
PE SAN MATIAS,PE SAN MATIAS,Eólica,(en blanco),Región del Bío-Bío,ernc,1.0,0.0,410.4301622026097,11.216289903196623,4,2024-10-01 03:00:00
TER UJINA,TER UJINA-UG2 (Diésel),Térmica,Diésel,Región de Tarapacá,convencional,0.0,0.0,0.0,0.0,4,2024-10-01 03:00:00
PMGD PFV RECOLETA,PMGD PFV Recoleta,Solar,(en blanco),Región de Coquimbo,ernc,1.0,0.0,45.27746959335904,0.0,4,2024-10-01 03:00:00
PMGD PFV DON ENRIQUE,PMGD PFV Don Enrique,Solar,(en blanco),Región de Coquimbo,ernc,1.0,0.0,84.28175503493114,0.0,4,2024-10-01 03:00:00
PMGD PFV PARQUE SANTA CRUZ,PMGD PFV Santa Cruz,Solar,(en blanco),Región de O'Higgins,ernc,1.0,0.0,26.515196821563368,0.0,4,2024-10-01 03:00:00
TER UJINA,TER UJINA-UG4 (HFO),Térmica,Fuel Oil,Región de Tarapacá,convencional,0.0,0.0,0.0,0.0,4,2024-10-01 03:00:00
TER UJINA,TER UJINA-UG5 (Diésel),Térmica,Diésel,Región de Tarapacá,convencional,0.0,0.0,0.0,0.0,4,2024-10-01 03:00:00
TER UJINA,TER UJINA-UG6 (Diésel),Térmica,Diésel,Región de Tarapacá,convencional,0.0,0.0,0.0,0.0,4,2024-10-01 03:00:00
PMGD PFV ASTILLAS,PMGD PFV ASTILLAS,Solar,(en blanco),Región de Atacama,ernc,1.0,0.0,89.25393925274656,0.0,4,2024-10-01 03:00:00
HP EL PINAR,El Pinar,Hidráulica,Pasada,Región de Ñuble,ernc,1.0,0.0,209.0572357157808,8.804937658173978,4,2024-10-01 03:00:00
TER UJINA,TER UJINA-UG4 (Diésel),Térmica,Diésel,Región de Tarapacá,convencional,0.0,0.0,0.0,0.0,4,2024-10-01 03:00:00
PMGD PFV IDAHUE DEL VERANO SOLAR,PMGD PFV Idahue del Verano,Solar,(en blanco),Región de O'Higgins,ernc,1.0,0.0,14.820605024760082,0.0,4,2024-10-01 03:00:00
TER UJINA,TER UJINA-UG5 (HFO),Térmica,Fuel Oil,Región de Tarapacá,convencional,0.0,0.0,0.0,0.0,4,2024-10-01 03:00:00
PMGD PFV PATAGUA,PMGD PFV Patagua,Solar,(en blanco),Región Metropolitana,ernc,1.0,0.0,0.04652444891379606,0.0,4,2024-10-01 03:00:00
TER UJINA,TER UJINA-UG6 (HFO),Térmica,Fuel Oil,Región de Tarapacá,convencional,0.0,0.0,0.0,0.0,4,2024-10-01 03:00:00
TER VALDIVIA,VALDIVIA,Térmica,Biomasa,Región de los Ríos,ernc,1.0,0.0,87.98934291588859,0.0,4,2024-10-01 03:00:00
PMGD PFV BERGAMO,PMGD PFV Bérgamo,Solar,(en blanco),Región del Maule,ernc,1.0,0.0,12.215115948228686,0.0,4,2024-10-01 03:00:00
TER VIÑALES,Viñales,Térmica,Biomasa,Región del Maule,ernc,1.0,0.0,381.543963317214,21.982327312509348,4,2024-10-01 03:00:00
PMGD PFV PARQUE ROMERIA,PMGD PFV Romeria,Solar,(en blanco),Región del Maule,ernc,1.0,0.0,57.50650643928863,0.0,4,2024-10-01 03:00:00
PFV WILLKA,PFV WILLKA,Solar,(en blanco),Arica y Parinacota,ernc,1.0,0.0,468.18254875145084,0.0,4,2024-10-01 03:00:00
TER YUNGAY,TER Yungay U1 Gas Argentino,Térmica,Gas Natural,Región del Bío-Bío,convencional,0.0,0.0,0.0,0.0,4,2024-10-01 03:00:00
PMGD PFV PEQUEN,PMGD PFV Pequen,Solar,(en blanco),Región del Maule,ernc,1.0,0.0,11.207752385502982,0.0,4,2024-10-01 03:00:00
TER YUNGAY,TER Yungay U2 Gas Argentino,Térmica,Gas Natural,Región del Bío-Bío,convencional,0.0,0.0,0.0,0.0,4,2024-10-01 03:00:00
PMGD PFV RDCL SAN,PMGD PFV RDCL SAN,Solar,(en blanco),Región de Valparaíso,ernc,1.0,0.0,71.11168345664743,0.0,4,2024-10-01 03:00:00
TER YUNGAY,TER Yungay U3 Gas Argentino,Térmica,Gas Natural,Región del Bío-Bío,convencional,0.0,0.0,0.0,0.0,4,2024-10-01 03:00:00
PMGD PFV LO CHACON,PMGD PFV Lo Chacón,Solar,(en blanco),Región Metropolitana,ernc,1.0,0.0,17.084809045679904,0.0,4,2024-10-01 03:00:00
BESS La Cabaña,BESS La Cabaña (Inyección),Bess,(en blanco),Región de la Araucanía,ernc,1.0,0.0,112.99336474290764,0.0,4,2024-10-01 03:00:00
PMGD PFV SUNHUNTER,PMGD PFV Sunhunter,Solar,(en blanco),Región de Coquimbo,ernc,1.0,0.0,88.60009840740346,0.0,4,2024-10-01 03:00:00
TER UJINA,TER UJINA-UG1 (Diésel),Térmica,Diésel,Región de Tarapacá,convencional,0.0,0.0,0.0,0.0,4,2024-10-01 03:00:00
TER UJINA,TER UJINA-UG3 (HFO),Térmica,Fuel Oil,Región de Tarapacá,convencional,0.0,0.0,0.0,0.0,4,2024-10-01 03:00:00
PMGD PFV GABRIELA,PMGD PFV Gabriela,Solar,(en blanco),Región de Coquimbo,ernc,1.0,0.0,89.86171110338678,0.0,4,2024-10-01 03:00:00
TER TOCOPILLA,U16-TG Diesel,Térmica,Gas Natural,Región de Antofagasta,convencional,0.0,0.0,0.0,0.0,4,2024-10-01 03:00:00
PMGD PFV ENCINO,PMGD PFV ENCINO,Solar,(en blanco),Región de O'Higgins,ernc,1.0,0.0,10.50628868137666,0.0,4,2024-10-01 03:00:00
PMGD PFV CABIMAS [EN_REVISION],PMGD PFV Cabimas,Solar,(en blanco),Región del Maule,ernc,1.0,0.0,0.411148950786932,0.0,4,2024-10-01 03:00:00
TER TOCOPILLA,U16-TG + U16-TV Diesel,Térmica,Gas Natural,Región de Antofagasta,convencional,0.0,0.0,0.0,0.0,4,2024-10-01 03:00:00
PMGD PFV PARQUE SOLAR RIO PEUCO,PMGD PFV Parque Solar Río Peuco,Solar,(en blanco),Región de O'Higgins,ernc,1.0,0.0,12.968265084759917,0.0,4,2024-10-01 03:00:00
TER TOCOPILLA,U16-TG + U16-TV GNL,Térmica,Gas Natural,Región de Antofagasta,convencional,0.0,0.0,0.0,0.0,4,2024-10-01 03:00:00
PMGD PFV PARQUE SOLAR FOTOVOLTAICO LA VICTORIA,PMGD PFV Parque Solar Fotovoltaico La Victoria,Solar,(en blanco),Región de Ñuble,ernc,1.0,0.0,61.30210143752952,0.0,4,2024-10-01 03:00:00
PMGD PFV PSF PUANGUE,PMGD PFV Puangue,Solar,(en blanco),Región Metropolitana,ernc,1.0,0.0,29.084384818171124,0.0,4,2024-10-01 03:00:00
TER TOCOPILLA,U16-TG GNL,Térmica,Gas Natural,Región de Antofagasta,convencional,0.0,0.0,0.0,0.0,4,2024-10-01 03:00:00
TER TOCOPILLA,U16-TG Gas Arg,Térmica,Gas Natural,Región de Antofagasta,convencional,0.0,0.0,0.0,0.0,4,2024-10-01 03:00:00
PMGD PFV CAUQUENES,PMGD PFV Cauquenes,Solar,(en blanco),Región del Maule,ernc,1.0,0.0,11.861267155988882,0.0,4,2024-10-01 03:00:00
TER TOCOPILLA,TER TOCOPILLA TG3 Gas Arg,Térmica,Gas Natural,Región de Antofagasta,convencional,0.0,0.0,0.0,0.0,4,2024-10-01 03:00:00
TER TOCOPILLA,TER TOCOPILLA TG2,Térmica,Gas Natural,Región de Antofagasta,convencional,0.0,0.0,0.0,0.0,4,2024-10-01 03:00:00
TER YUNGAY,TER Yungay U1 GNL,Térmica,Gas Natural,Región del Bío-Bío,convencional,0.0,0.0,0.0,0.0,4,2024-10-01 03:00:00
PMGD PFV SOFIA,PMGD PFV Sofia,Solar,(en blanco),Región de Coquimbo,ernc,1.0,0.0,19.877641534987216,0.0,4,2024-10-01 03:00:00
PMGD PFV PLAYERON,PMGD PFV Playeron,Solar,(en blanco),Región del Maule,ernc,1.0,0.0,12.790407758518786,0.0,4,2024-10-01 03:00:00
TER TOCOPILLA,TER TOCOPILLA TG3 Diesel,Térmica,Gas Natural,Región de Antofagasta,convencional,0.0,0.0,0.0,0.0,4,2024-10-01 03:00:00
PMGD PFV SOLAR TORINO,PMGD PFV Torino,Solar,(en blanco),Región del Maule,ernc,1.0,0.0,31.168423997034484,0.0,4,2024-10-01 03:00:00
TER TOCOPILLA,TER TOCOPILLA TG3 GNL,Térmica,Gas Natural,Región de Antofagasta,convencional,0.0,0.0,0.0,0.0,4,2024-10-01 03:00:00
TER TRINCAO,TER TRINCAO,Térmica,Diésel,Región de los Lagos,convencional,0.0,0.0,0.0,0.0,4,2024-10-01 03:00:00
PMGD PFV PARQUE SOLAR EL OLIVAR,PMGD PFV Parque Solar El Olivar,Solar,(en blanco),Región del Bío-Bío,ernc,1.0,0.0,67.16746253743665,0.0,4,2024-10-01 03:00:00
PMGD PFV POMUYETO,PMGD PFV Pomuyeto,Solar,(en blanco),Región de Ñuble,ernc,1.0,0.0,20.109519602034197,0.0,4,2024-10-01 03:00:00
PMGD PFV RATULEMUS,PMGD PFV Ratulemus,Solar,(en blanco),Región del Maule,ernc,1.0,0.0,16.517392160512884,0.0,4,2024-10-01 03:00:00
TER UJINA,TER UJINA-UG1 (HFO),Térmica,Fuel Oil,Región de Tarapacá,convencional,0.0,0.0,0.0,0.0,4,2024-10-01 03:00:00
TER UJINA,TER UJINA-UG2 (HFO),Térmica,Fuel Oil,Región de Tarapacá,convencional,0.0,0.0,0.0,0.0,4,2024-10-01 03:00:00
BESS Diego de Almagro Sur,BESS Diego de Almagro Sur (inyección),Bess,(en blanco),Región de Atacama,ernc,1.0,0.0,33.73892020836664,0.0,4,2024-10-01 03:00:00
TER UJINA,TER UJINA-UG3 (Diésel),Térmica,Diésel,Región de Tarapacá,convencional,0.0,0.0,0.0,0.0,4,2024-10-01 03:00:00
BESS Diego de Almagro Sur,BESS Diego de Almagro Sur (retiro),Bess,(en blanco),Región de Atacama,ernc,1.0,0.0,35.34982357537347,0.0,4,2024-10-01 03:00:00
TER TOCOPILLA,TER TOCOPILLA TG1,Térmica,Gas Natural,Región de Antofagasta,convencional,0.0,0.0,0.0,0.0,4,2024-10-01 03:00:00
PMGD HP PANGUIPULLI [En_Revision],Panguipulli,Hidráulica,Pasada,Región de los Ríos,ernc,1.0,0.0,0.0,0.0,4,2024-10-01 03:00:00
TER YUNGAY,TER Yungay U2 Diésel,Térmica,Diésel,Región del Bío-Bío,convencional,0.0,0.0,0.0,0.0,4,2024-10-01 03:00:00
TER YUNGAY,TER Yungay U2 GNL,Térmica,Gas Natural,Región del Bío-Bío,convencional,0.0,0.0,0.0,0.0,4,2024-10-01 03:00:00
PMGD PFV PICUNCHE,PMGD PFV Picunche,Solar,(en blanco),Región de O'Higgins,ernc,1.0,0.0,21.994983863486276,0.0,4,2024-10-01 03:00:00
PMGD PFV ECLIPSE SOLAR,Eclipse Solar,Solar,(en blanco),Región Metropolitana,ernc,1.0,0.0,48.278044521066334,0.0,4,2024-10-01 03:00:00
PMGD PFV EL FLAMENCO,PFV PMGD El Flamenco,Solar,(en blanco),Región del Maule,ernc,1.0,0.0,51.74198504906291,0.0,4,2024-10-01 03:00:00
PMGD PFV LA ESTANCIA,La Estancia,Solar,(en blanco),Región Metropolitana,ernc,1.0,0.0,19.923037964627138,0.0,4,2024-10-01 03:00:00
PMGD PFV MELI,PMGD PFV Meli,Solar,(en blanco),Región de O'Higgins,ernc,1.0,0.0,0.0,0.0,4,2024-10-01 03:00:00
PMGD PFV GUADALAO,Guadalao,Solar,(en blanco),Región de O'Higgins,ernc,1.0,0.0,14.945406590839976,0.0,4,2024-10-01 03:00:00
PFV QUILMO,PFV QUILMO,Solar,(en blanco),Región Metropolitana,ernc,1.0,0.0,63.55564091445579,0.0,4,2024-10-01 03:00:00
PMGD PFV PARAGUAY,Paraguay,Solar,(en blanco),Región del Maule,ernc,1.0,0.0,54.83057564164699,0.0,4,2024-10-01 03:00:00
PMGD PFV SLK CB NUEVE,PMGD PFV SLK CB Nueve,Solar,(en blanco),Región de Valparaíso,ernc,1.0,0.0,23.385421848184183,0.0,4,2024-10-01 03:00:00
PFV VALLE ESCONDIDO,Valle Escondido,Solar,(en blanco),Región de Atacama,ernc,1.0,0.0,525.0544415344746,0.0,4,2024-10-01 03:00:00
PMGD PFV LAS CHACRAS,Las Chacras,Solar,(en blanco),Región de Valparaíso,ernc,1.0,0.0,16.28271416891619,0.0,4,2024-10-01 03:00:00
HP LOS LAGOS [En_Revision],HP Los Lagos,Hidráulica,Pasada,Región de los Ríos,ernc,1.0,0.0,0.0,0.0,4,2024-10-01 03:00:00
PFV GRANJA SOLAR,PFV Granja Solar,Solar,(en blanco),Región de Tarapacá,ernc,1.0,0.0,608.9014615066312,0.0,4,2024-10-01 03:00:00
PMGD PFV PARQUE PANGUILEMO AEROPUERTO,PMGD PFV Panguilemo Aeropuerto,Solar,(en blanco),Región del Maule,ernc,1.0,0.0,30.361845628405355,0.0015230724129126785,4,2024-10-01 03:00:00
PMGD PFV LOS PALTOS,Los Paltos,Solar,(en blanco),Región de Valparaíso,ernc,1.0,0.0,22.15058794308798,0.0,4,2024-10-01 03:00:00
PMGD PFV CHACABUCO,Chacabuco,Solar,(en blanco),Región de Valparaíso,ernc,1.0,0.0,66.98144850465424,0.0,4,2024-10-01 03:00:00
PMGD PFV EL TIUQUE,PMGD PFV El Tiuque,Solar,(en blanco),Región del Maule,ernc,1.0,0.0,5.728483080459091,0.0,4,2024-10-01 03:00:00
PMGD PFV TRICA-DOS,Trica-dos,Solar,(en blanco),Región del Maule,ernc,1.0,0.0,14.504220633514436,0.0,4,2024-10-01 03:00:00
HP PUNTA DEL VIENTO,PMG Punta del Viento,Hidráulica,Pasada,Región de O'Higgins,ernc,1.0,0.0,52.38937906613517,2.981672070608915,4,2024-10-01 03:00:00
PMGD PFV PULLALLI SOLAR,Pullalli,Solar,(en blanco),Región de Valparaíso,ernc,1.0,0.0,7.858865365242202,0.0,4,2024-10-01 03:00:00
PMGD PFV AVELLANO SOLAR,PMGD PFV Avellano,Solar,(en blanco),Región del Bío-Bío,ernc,1.0,0.0,36.99785663417528,0.0,4,2024-10-01 03:00:00
PMGD PFV EL HUASO,PMGD PFV El Huaso,Solar,(en blanco),Región de Valparaíso,ernc,1.0,0.0,16.928872036977264,0.0,4,2024-10-01 03:00:00
PMGD PFV LA HUERTA,PMGD PFV LA HUERTA [EN_REVISION],Solar,(en blanco),Región del Maule,ernc,1.0,0.0,13.549054546838944,0.0,4,2024-10-01 03:00:00
PMGD PFV VILLA CRUZ,Villa Cruz,Solar,(en blanco),Región del Maule,ernc,1.0,0.0,11.63636057403129,0.0,4,2024-10-01 03:00:00
PMGD PFV CATEMU,Catemu,Solar,(en blanco),Región de Valparaíso,ernc,1.0,0.0,16.668749859917334,0.0,4,2024-10-01 03:00:00
PFV SOL DE LILA,PFV Sol de Lila,Solar,(en blanco),Región de Antofagasta,ernc,1.0,0.0,649.3841635122814,0.0,4,2024-10-01 03:00:00
PFV ALMEYDA,PFV Almeyda,Solar,(en blanco),Región de Atacama,ernc,1.0,0.0,287.8614277564378,0.0,4,2024-10-01 03:00:00
PMGD PFV LAS ROJAS,Las Rojas,Solar,(en blanco),Región de Coquimbo,ernc,1.0,0.0,21.605253027110926,0.0,4,2024-10-01 03:00:00
PMGD PFV LO MIRANDA,Lo Miranda,Solar,(en blanco),Región de O'Higgins,ernc,1.0,0.0,19.258802426218278,0.0,4,2024-10-01 03:00:00
PMGD PFV KONDA,Konda,Solar,(en blanco),Región de Valparaíso,ernc,1.0,0.0,19.87665612058371,0.0,4,2024-10-01 03:00:00
TER ARAUCO MAPA [EN_REVISION],TER ARAUCO MAPA,Térmica,Cogeneracion,Región del Bío-Bío,ernc,1.0,0.0,1001.7817820587443,40.44267956174911,4,2024-10-01 03:00:00
TER YUNGAY,TER Yungay U3 Diésel,Térmica,Diésel,Región del Bío-Bío,convencional,0.0,0.0,0.0,0.0,4,2024-10-01 03:00:00
PFV CAPRICORNIO,PFV Capricornio,Solar,(en blanco),Región de Antofagasta,ernc,1.0,0.0,439.0862320355758,0.0,4,2024-10-01 03:00:00
TER YUNGAY,TER Yungay U3 GNL,Térmica,Gas Natural,Región del Bío-Bío,convencional,0.0,0.0,0.0,0.0,4,2024-10-01 03:00:00
PMGD PFV AROMO DEL VERANO SOLAR,PMGD PFV Aromo del Verano,Solar,(en blanco),Región de O'Higgins,ernc,1.0,0.0,11.395781536729281,0.0,4,2024-10-01 03:00:00
PMGD PFV FUSTER DEL VERANO,PMGD PFV Fuster del Verano,Solar,(en blanco),Región Metropolitana,ernc,1.0,0.0,58.42444340621165,0.0,4,2024-10-01 03:00:00
BESS La Cabaña,BESS La Cabaña (Retiro),Bess,(en blanco),Región de la Araucanía,ernc,1.0,0.0,134.22527123227712,0.4202356609583034,4,2024-10-01 03:00:00
PMGD PFV MANDINGA,PMGD PFV Mandinga,Solar,(en blanco),Región Metropolitana,ernc,1.0,0.0,36.839956721809905,0.0,4,2024-10-01 03:00:00
TER YUNGAY,TER Yungay U4,Térmica,Diésel,Región del Bío-Bío,convencional,0.0,0.0,0.0,0.0,4,2024-10-01 03:00:00
PMGD PFV BULNES LOS BARONES,PMGD PFV Bulnes Barones,Solar,(en blanco),Región de Ñuble,ernc,1.0,0.0,18.774885237250196,0.0,4,2024-10-01 03:00:00
PMGD TER CALAFATE,Calafate,Térmica,Diésel,Región de los Lagos,convencional,0.0,0.0,0.0,0.0,4,2024-10-01 03:00:00
PMGD TER ALERCE,Alerce,Térmica,Diésel,Región de los Lagos,convencional,0.0,0.0,0.0,0.0,4,2024-10-01 03:00:00
PMGD PFV LAS CACHAÑAS,PMGD PFV Las Cachañas,Solar,(en blanco),Región de O'Higgins,ernc,1.0,0.0,23.951844323503202,0.0,4,2024-10-01 03:00:00
PFV TAMARICO [EN_REVISION],PFV Tamarico Etapa 2,Solar,(en blanco),Región Metropolitana,ernc,0.33,0.0,0.0,0.0,4,2024-10-01 03:00:00
PMGD PFV DON MARTIN,PMGD PFV Don Martín,Solar,(en blanco),Región del Bío-Bío,ernc,1.0,0.0,15.695368729857606,0.0,4,2024-10-01 03:00:00
PMGD PFV LITORAL SUNLIGHT,PMGD PFV Litoral Sunlight,Solar,(en blanco),Región de Valparaíso,ernc,1.0,0.0,68.2326598330288,0.0,4,2024-10-01 03:00:00
PMGD HP EL BRINCO,PMGD HP El Brinco,Hidráulica,Pasada,Región del Bío-Bío,ernc,1.0,0.0,1.6449496426748718,0.058705010363954285,4,2024-10-01 03:00:00
PE EL MAITEN,Parque Eolico El Maitén,Eólica,(en blanco),Región del Bío-Bío,ernc,1.0,0.0,47.396579189511506,0.7604264341150253,4,2024-10-01 03:00:00
PMGD PFV LOMA TENDIDA DEL VERANO SOLAR,PMGD PFV Loma Tendida del Verano,Solar,(en blanco),Región Metropolitana,ernc,1.0,0.0,10.409132924192708,0.0,4,2024-10-01 03:00:00
PMGD LORETO SOLAR,Loreto,Solar,(en blanco),Región de O'Higgins,ernc,1.0,0.0,14.422117402529265,0.0,4,2024-10-01 03:00:00
PFV EMILIA SOLAR,PMG Emilia Solar,Solar,(en blanco),Región de Coquimbo,ernc,1.0,0.0,0.0,0.0,4,2024-10-01 03:00:00
PMGD PFV EL ESTERO,Estero,Solar,(en blanco),Región de O'Higgins,ernc,1.0,0.0,13.48703171119542,0.0,4,2024-10-01 03:00:00
PMGD PFV LAS PALMAS DEL VERANO SOLAR,PMGD PFV Palmas Verano Solar,Solar,(en blanco),Región de Valparaíso,ernc,1.0,0.0,20.252436334088785,0.0,4,2024-10-01 03:00:00
PMGD TER DOÑA JAVIERA,PMGD TER DOÑA JAVIERA,Térmica,Diésel,Región de Valparaíso,convencional,0.0,0.0,0.6936621030220955,0.05648654108439379,4,2024-10-01 03:00:00
PMGD PFV RINCONADA,Rinconada,Solar,(en blanco),Región de O'Higgins,ernc,1.0,0.0,43.412005991033894,0.0,4,2024-10-01 03:00:00
PMGD TER BERLIOZ,PMGD TER Berlioz,Térmica,Diésel,Región Metropolitana,convencional,0.0,0.0,0.0,0.0,4,2024-10-01 03:00:00
PMGD PFV LAS MERCEDES,Las Mercedes 1,Solar,(en blanco),Región de O'Higgins,ernc,1.0,0.0,11.766155974067704,0.0,4,2024-10-01 03:00:00
PMGD PVF DOÑA RUBENA [EN_REVISION],PMGD PFV Dona Rubena,Solar,(en blanco),Región Metropolitana,ernc,1.0,0.0,0.0,0.0,4,2024-10-01 03:00:00
PMGD HP CHANLEUFU II,PMGD HP Chanleufu,Hidráulica,Pasada,Región de los Lagos,ernc,1.0,0.0,78.71073997624059,3.272890678914682,4,2024-10-01 03:00:00
PMGD PFV ICB,PMGD PFV ICB,Solar,(en blanco),Región Metropolitana,ernc,1.0,0.0,0.0,0.0,4,2024-10-01 03:00:00
PFV SAN PEDRO,PFV GPG SAN PEDRO,Solar,(en blanco),Región de Antofagasta,ernc,1.0,0.0,517.4501771933242,0.0,4,2024-10-01 03:00:00
PMGD TER CENTRAL QUITRALMAN,QUITRALMAN,Térmica,Diésel,Región del Bío-Bío,convencional,0.0,0.0,0.0,0.0,4,2024-10-01 03:00:00
PMGD PFV CASABERMEJA,PMGD PFV Casabermeja,Solar,(en blanco),Región Metropolitana,ernc,1.0,0.0,30.01511497529601,0.0,4,2024-10-01 03:00:00
PMGD PFV ROVIAN,Rovián,Solar,(en blanco),Región de O'Higgins,ernc,1.0,0.0,32.75206835765759,0.0,4,2024-10-01 03:00:00
PMGD PFV LAS TENCAS,PMGD PFV Las Tencas,Solar,(en blanco),Región de O'Higgins,ernc,1.0,0.0,58.78561896577704,0.0,4,2024-10-01 03:00:00
PMGD PFV GUADALUPE,PMGD PFV Guadalupe,Solar,(en blanco),Región de Valparaíso,ernc,1.0,0.0,49.848854782246356,0.0,4,2024-10-01 03:00:00
PMGD TER PICOLTUE,Picoltué,Térmica,Diésel,Región del Bío-Bío,convencional,0.0,0.0,0.0,0.0,4,2024-10-01 03:00:00
TER LLANOS BLANCOS,LLANOS BLANCOS,Térmica,Diésel,Región de Coquimbo,convencional,0.0,0.0,0.0,0.0,4,2024-10-01 03:00:00
PMGD PFV TUCUQUERE,Tucúquere,Solar,(en blanco),Región de Valparaíso,ernc,1.0,0.0,24.60980485289452,0.0,4,2024-10-01 03:00:00
PMGD PFV JOSE SOLER MALLAFRE,José Soler Mallafré,Solar,(en blanco),Región del Maule,ernc,1.0,0.0,8.576774503586256,0.0,4,2024-10-01 03:00:00
TER DEGAÑ 2,Degañ 2,Térmica,Diésel,Región de los Lagos,convencional,0.0,0.0,0.0,0.0,4,2024-10-01 03:00:00
PMGD PFV CATAN SOLAR,Catán Solar,Solar,(en blanco),Región de Valparaíso,ernc,1.0,0.0,0.0,0.0,4,2024-10-01 03:00:00
PMGD TER RIO AZUL,Río Azul,Térmica,Diésel,Región de los Lagos,convencional,0.0,0.0,0.0,0.0,4,2024-10-01 03:00:00
PMGD PFV POBLACION,Población,Solar,(en blanco),Región de O'Higgins,ernc,1.0,0.0,9.813038106432462,0.0,4,2024-10-01 03:00:00
TER CHOLGUAN,CHOLGUAN,Térmica,Biomasa,Región de Ñuble,ernc,1.0,0.0,170.73574568077356,7.644286785051043,4,2024-10-01 03:00:00
HP CORRALES,PMG CH Corrales,Hidráulica,Pasada,Región de O'Higgins,ernc,1.0,0.0,34.529363475407266,1.3607630926268874,4,2024-10-01 03:00:00
TER CMPC SANTA FE,CMPC Santa Fe,Térmica,Biomasa,Región del Bío-Bío,ernc,1.0,0.0,242.03572949003237,9.305218206933862,4,2024-10-01 03:00:00
HE COLBUN,COLBÚN,Hidráulica,Embalse,Región del Maule,convencional,0.0,0.0,6344.557919372862,262.14700755017975,4,2024-10-01 03:00:00
PMGD PFV MARIN,MARIN,Solar,(en blanco),Región de Valparaíso,ernc,1.0,0.0,20.05428286832036,0.0,4,2024-10-01 03:00:00
PE LOS OLMOS,LOS OLMOS,Eólica,(en blanco),Región del Bío-Bío,ernc,1.0,0.0,511.5568723289329,18.75051496752049,4,2024-10-01 03:00:00
PMGD PFV PILPILEN,Pilpilen,Solar,(en blanco),Región de O'Higgins,ernc,1.0,0.0,22.26479766964575,0.0,4,2024-10-01 03:00:00
PMGD PFV TARANTO,PMGD PFV Taranto,Solar,(en blanco),Región de Valparaíso,ernc,1.0,0.0,0.0,0.0,4,2024-10-01 03:00:00
PMGD PFV PARQUE SOLAR MARAMBIO,PMGD PFV Marambio,Solar,(en blanco),Región Metropolitana,ernc,1.0,0.0,14.70597005233171,0.0,4,2024-10-01 03:00:00
TER CONCON,Concón,Térmica,Diésel,Región de Valparaíso,convencional,0.0,0.0,0.0,0.0,4,2024-10-01 03:00:00
PMGD PFV ARIZTIA,Ariztia,Solar,(en blanco),Región de Valparaíso,ernc,1.0,0.0,13.324214425751473,0.0,4,2024-10-01 03:00:00
PMGD PFV LA PALMA SOLAR,PMGD PFV La Palma Solar,Solar,(en blanco),Región de Ñuble,ernc,1.0,0.0,65.00836988427085,0.0,4,2024-10-01 03:00:00
PMGD TER CHUFKEN,Chufkén (Traiguén),Térmica,Diésel,Región de la Araucanía,convencional,0.0,0.0,0.0,0.0,4,2024-10-01 03:00:00
TER CHILOE,Chiloé,Térmica,Diésel,Región de los Lagos,convencional,0.0,0.0,0.0,0.0,4,2024-10-01 03:00:00
TER CMPC PACIFICO,CMPC Pacífico,Térmica,Biomasa,Región de la Araucanía,ernc,1.0,0.0,504.883129808476,21.412007486923077,4,2024-10-01 03:00:00
PMGD PFV SDSI,PMGD PFV SDSI,Solar,(en blanco),Región del Bío-Bío,ernc,1.0,0.0,20.766606998887745,0.0,4,2024-10-01 03:00:00
PMGD HP EL ARRAYAN,MINICENTRAL_ARRAYAN,Hidráulica,Pasada,Región de los Ríos,ernc,1.0,0.0,27.247809218843095,1.1456641058006036,4,2024-10-01 03:00:00
PMGD TER CORTES,Cortés,Térmica,Diésel,Región de Valparaíso,convencional,0.0,0.0,0.0,0.0,4,2024-10-01 03:00:00
PMGD PFV EL CERNICALO II,Cernicalo 2,Solar,(en blanco),Región de Ñuble,ernc,1.0,0.0,9.492762303549844,0.0,4,2024-10-01 03:00:00
PMGD PFV SAN ANTONIO,PMGD PFV San Antonio,Solar,(en blanco),Región del Maule,ernc,1.0,0.0,54.635179587988034,0.0,4,2024-10-01 03:00:00
PFV TAMAYA SOLAR,TAMAYA SOLAR,Solar,(en blanco),Región de Antofagasta,ernc,1.0,0.0,304.6308317508692,0.0,4,2024-10-01 03:00:00
PFV SOL DEL DESIERTO,Sol del Desierto,Solar,(en blanco),Región de Antofagasta,ernc,1.0,0.0,1182.1629367196083,0.0,4,2024-10-01 03:00:00
BESS Andes Solar IIB,BESS Andes Solar IIB (retiro),Bess,(en blanco),Región de Antofagasta,ernc,1.0,0.0,0.0,0.0,4,2024-10-01 03:00:00
TER ANDES GENERACION,Andes Generación Unidad 4 FO6,Térmica,Diésel,Región de Atacama,convencional,0.0,0.0,0.0,0.0,4,2024-10-01 03:00:00
PMGD HP EL GALPON,El Galpón,Hidráulica,Pasada,Región del Maule,ernc,1.0,0.0,31.938251582153917,1.3577958219323232,4,2024-10-01 03:00:00
TER PLANTA DE ACIDO SULFURICO MEJILLONES,TER PAM,Térmica,Cogeneracion,Región de Antofagasta,convencional,0.0,0.0,458.427078050633,18.92061035409885,4,2024-10-01 03:00:00
PFV MARIA ELENA,PFV MARIA ELENA,Solar,(en blanco),Región de Antofagasta,ernc,1.0,0.0,0.0,0.0,4,2024-10-01 03:00:00
TER SAN JAVIER I,TER SAN JAVIER 1,Térmica,Diésel,Región del Maule,convencional,0.0,0.0,0.0,0.0,4,2024-10-01 03:00:00
PFV EL AGUILA,SOLAR EL AGUILA I,Solar,(en blanco),Arica y Parinacota,ernc,1.0,0.0,14.14793391892955,0.0,4,2024-10-01 03:00:00
PE TCHAMMA,PE TCHAMMA,Eólica,(en blanco),Región de Antofagasta,ernc,1.0,0.0,961.9594503774573,28.065738785429552,4,2024-10-01 03:00:00
HP RIO COLORADO,HP Rio Colorado,Hidráulica,Pasada,Región del Maule,ernc,1.0,0.0,155.98747510333217,8.304657109414093,4,2024-10-01 03:00:00
PE MALLECO NORTE,MALLECO NORTE,Eólica,(en blanco),Región de la Araucanía,ernc,1.0,0.0,510.3361877899587,19.460913346759526,4,2024-10-01 03:00:00
GEO CERRO PABELLON,GEO Cerro Pabellón G3A,Geotérmica,(en blanco),Región de Antofagasta,ernc,1.0,0.0,183.01263034734112,8.17458416673652,4,2024-10-01 03:00:00
PE ALENA,Alena,Eólica,(en blanco),Región del Bío-Bío,ernc,1.0,0.0,408.97934861120604,18.53039152606614,4,2024-10-01 03:00:00
PFV RIO ESCONDIDO,PFV RÍO ESCONDIDO,Solar,(en blanco),Región de Atacama,ernc,1.0,0.0,814.8269409871751,0.0,4,2024-10-01 03:00:00
PMGD PFV REXNER,PMGD PFV Rexner,Solar,(en blanco),Región de Valparaíso,ernc,1.0,0.0,22.728938585518733,0.0,4,2024-10-01 03:00:00
GEO CERRO PABELLON,GEO Cerro Pabellón G1A,Geotérmica,(en blanco),Región de Antofagasta,ernc,1.0,0.0,231.21966402584366,9.365251872785047,4,2024-10-01 03:00:00
PFV EL PELICANO,PFV El Pelícano,Solar,(en blanco),Región de Coquimbo,ernc,1.0,0.0,541.5536940325757,0.0,4,2024-10-01 03:00:00
PMGD TER LIPIGAS CONCON,Lipigas Concón,Térmica,Gas Natural,Región de Valparaíso,convencional,0.0,0.0,0.0,0.0,4,2024-10-01 03:00:00
PMGD PFV EL PITIO,EL PITIO SOLAR,Solar,(en blanco),Región del Maule,ernc,1.0,0.0,19.233336101939965,0.0,4,2024-10-01 03:00:00
PMGD PFV NAZARINO DEL VERANO SOLAR,PMGD PFV Nazarino del Verano Solar,Solar,(en blanco),Región Metropolitana,ernc,1.0,0.0,17.62591891042062,0.0,4,2024-10-01 03:00:00
PMGD TER CONCHALI,PMGD CONCHALI,Térmica,Diésel,Región de Coquimbo,convencional,0.0,0.0,0.0,0.0,4,2024-10-01 03:00:00
PMGD PFV SOLARPARK VILLA ALEMANA,PMGD PFV SolarPark Villa Alemana,Solar,(en blanco),Región de Valparaíso,ernc,1.0,0.0,18.14160219286964,0.0,4,2024-10-01 03:00:00
PMGD PFV OVEJERIA,Ovejeria,Solar,(en blanco),Región Metropolitana,ernc,1.0,0.0,63.12312958241148,0.0,4,2024-10-01 03:00:00
PMGD PFV SANTA FRANCISCA,PMGD PFV Santa Francisca,Solar,(en blanco),Región de Coquimbo,ernc,1.0,0.0,38.777488848228515,0.0,4,2024-10-01 03:00:00
PMGD PFV TALHUEN,Talhuén,Solar,(en blanco),Región de Coquimbo,ernc,1.0,0.0,20.32066505768794,0.0,4,2024-10-01 03:00:00
PMGD PFV EL CERNICALO,Cernicalo 1,Solar,(en blanco),Región de Ñuble,ernc,1.0,0.0,9.879198146349253,0.0,4,2024-10-01 03:00:00
PMGD PFV CHANCON,Chancon,Solar,(en blanco),Región de O'Higgins,ernc,1.0,0.0,6.632062434178633,0.0,4,2024-10-01 03:00:00
GEO CERRO PABELLON,GEO Cerro Pabellón G2A,Geotérmica,(en blanco),Región de Antofagasta,ernc,1.0,0.0,195.0793971834296,9.035066710603523,4,2024-10-01 03:00:00
TER ANDES GENERACION,Andes Generación Unidad 4 Diesel,Térmica,Diésel,Región de Atacama,convencional,0.0,0.0,0.0,0.0,4,2024-10-01 03:00:00
PMGD PFV PARQUE SOLAR MECO CHILLAN,MECO CHILLAN,Solar,(en blanco),Región de Ñuble,ernc,1.0,0.0,40.952007510035635,0.0,4,2024-10-01 03:00:00
PMGD PFV PARQUE SOLAR OVALLE NORTE,OVALLE NORTE,Solar,(en blanco),Región de Coquimbo,ernc,1.0,0.0,40.85416519424136,0.0,4,2024-10-01 03:00:00
PMGD PFV TAMARUGO,Tamarugo,Solar,(en blanco),Región de Tarapacá,ernc,1.0,0.0,24.44989734130189,0.0,4,2024-10-01 03:00:00
PMGD PFV LOS MAGNOLIOS SOLAR,PMGD PFV LOS MAGNOLIOS SOLAR,Solar,(en blanco),Región de Valparaíso,ernc,1.0,0.0,24.57618489569857,0.0,4,2024-10-01 03:00:00
HP ANCOA,ANCOA,Hidráulica,Pasada,Región del Maule,ernc,0.4,0.0,281.2577245128074,18.01009975535586,4,2024-10-01 03:00:00
HP SAUZAL,SAUZAL,Hidráulica,Pasada,Región de O'Higgins,convencional,0.0,0.0,931.0873678425372,33.28401510537928,4,2024-10-01 03:00:00
PMGD TER LOMAS COLORADAS,PMGD TER LOMAS COLORADAS,Térmica,Biomasa,Región del Bío-Bío,ernc,1.0,0.0,2.0176616520836617,0.0,4,2024-10-01 03:00:00
HP SAUZAL,SAUZAL 60 Hz,Hidráulica,Pasada,Región de O'Higgins,convencional,0.0,0.0,0.0,0.0,4,2024-10-01 03:00:00
PMGD PFV EL PIUQUEN,El Piuquen,Solar,(en blanco),Región de Ñuble,ernc,1.0,0.0,17.848130016401463,0.0,4,2024-10-01 03:00:00
PMGD TER DIESEL CEREZO,PMGD Diesel Cerezo,Térmica,Diésel,Región del Maule,convencional,0.0,0.0,0.0,0.0,4,2024-10-01 03:00:00
PMGD PFV MOYA,Moya,Solar,(en blanco),Región del Bío-Bío,ernc,1.0,0.0,53.62161061417411,0.0,4,2024-10-01 03:00:00
PMGD PFV SANTA LUISA,PMGD PFV SANTA LUISA,Solar,(en blanco),Región de Ñuble,ernc,1.0,0.0,19.092643169454075,0.0,4,2024-10-01 03:00:00
PMGD PFV SAN CAMILO,PFV PMGD San Camilo,Solar,(en blanco),Región del Maule,ernc,1.0,0.0,19.850732817539534,0.0,4,2024-10-01 03:00:00
PMGD PFV DADINCO,Dadinco,Solar,(en blanco),Región de Ñuble,ernc,1.0,0.0,19.55139148294804,0.0,4,2024-10-01 03:00:00
PMGD PFV LAS MAJADAS,PFV Las Majadas,Solar,(en blanco),Región de Coquimbo,ernc,1.0,0.0,80.0568251420376,0.0,4,2024-10-01 03:00:00
PE LA ESTRELLA,PE LA ESTRELLA,Eólica,(en blanco),Región de O'Higgins,ernc,1.0,0.0,237.83337288044936,0.0100056109751977,4,2024-10-01 03:00:00
PFV SANTA ISABEL,PFV SANTA ISABEL,Solar,(en blanco),Región de Antofagasta,ernc,1.0,0.0,585.6083991563711,0.0,4,2024-10-01 03:00:00
PMGD PFV SANTA ESTER,Santa Ester,Solar,(en blanco),Región de Ñuble,ernc,1.0,0.0,11.877939813529556,0.0,4,2024-10-01 03:00:00
PMGD PFV MUTUPIN,Mutupin,Solar,(en blanco),Región de Ñuble,ernc,1.0,0.0,28.300956131987263,0.0,4,2024-10-01 03:00:00
TER COMBARBALA,COMBARBALA,Térmica,Diésel,Región de Coquimbo,convencional,0.0,0.0,0.0,0.0,4,2024-10-01 03:00:00
PFV MALGARIDA,PFV Malgarida,Solar,(en blanco),Región de Atacama,ernc,1.0,0.0,1155.2778600292522,0.0,4,2024-10-01 03:00:00
PMGD PFV LA FORESTA,PMGD PFV La Foresta,Solar,(en blanco),Región del Maule,ernc,1.0,0.0,18.71183756479575,0.0,4,2024-10-01 03:00:00
PMGD TER CAMPING DIESEL,PMGD Camping,Térmica,Diésel,Región Metropolitana,convencional,0.0,0.0,0.0,0.0,4,2024-10-01 03:00:00
PMGD PFV EL CASTAÑO,PMGD PFV El Castaño,Solar,(en blanco),Región de O'Higgins,ernc,1.0,0.0,40.29812328356514,0.0,4,2024-10-01 03:00:00
PMGD PFV VICENTE SOLAR,PMGD PFV Vicente,Solar,(en blanco),Región Metropolitana,ernc,1.0,0.0,11.64418541486796,0.0,4,2024-10-01 03:00:00
TER SAN JAVIER II,TER SAN JAVIER 2,Térmica,Diésel,Región del Maule,convencional,0.0,0.0,0.0,0.0,4,2024-10-01 03:00:00
PMGD PFV KAUFMANN,PMGD PFV Kaufmann,Solar,(en blanco),Región Metropolitana,ernc,1.0,0.0,4.410773486196402e-06,0.0,4,2024-10-01 03:00:00
PMGD PFV PEGASUS SOLAR,PFV PMGD Pegasus Solar,Solar,(en blanco),Región de Ñuble,ernc,1.0,0.0,16.074080022261505,0.0,4,2024-10-01 03:00:00
PMGD PFV ESFENA,PFV PMGD Esfena,Solar,(en blanco),Región de Valparaíso,ernc,1.0,0.0,28.622969791430062,0.0,4,2024-10-01 03:00:00
PMGD PFV PAINE,PMGD PFV Paine,Solar,(en blanco),Región de Antofagasta,ernc,1.0,0.0,91.1844717061685,0.0,4,2024-10-01 03:00:00
PMGD PFV LOS MOLINOS,Los Molinos,Solar,(en blanco),Región Metropolitana,ernc,1.0,0.0,68.04844696881086,0.0,4,2024-10-01 03:00:00
PMGD PFV LINGUE,Lingue Solar,Solar,(en blanco),Región de Valparaíso,ernc,1.0,0.0,22.999883911915376,0.0,4,2024-10-01 03:00:00
PMGD PFV CORTIJO,PMGD PFV CORTIJO,Solar,(en blanco),Región del Bío-Bío,ernc,1.0,0.0,58.167608103874734,0.0,4,2024-10-01 03:00:00
PMGD PFV NAHUEN,Nahuen,Solar,(en blanco),Región Metropolitana,ernc,1.0,0.0,65.4229423251924,0.0,4,2024-10-01 03:00:00
PMGD PFV GR PEUMO,PMGD PFV GR PEUMO,Solar,(en blanco),Región de O'Higgins,ernc,1.0,0.0,62.19714995069984,6.747374388146651,4,2024-10-01 03:00:00
PFV LOMA LOS COLORADOS [EN_REVISION],Solar Loma Los Colorados,Solar,(en blanco),Región Metropolitana,ernc,1.0,0.0,5.403029926606759,0.0,4,2024-10-01 03:00:00
PMGD PFV PARQUE SOLAR LA MURALLA,PMGD PFV La Muralla,Solar,(en blanco),Región de O'Higgins,ernc,1.0,0.0,17.948382244133043,0.0,4,2024-10-01 03:00:00
PMGD PFV PARQUE PENCAHUE ESTE,PENCAHUE ESTE,Solar,(en blanco),Región del Maule,ernc,1.0,0.0,17.355402334760043,0.0,4,2024-10-01 03:00:00
PMGD TER DON PEDRO,Don Pedro,Térmica,Diésel,Región del Bío-Bío,convencional,0.0,0.0,0.0,0.0,4,2024-10-01 03:00:00
PMGD PFV RINCONADA NORTE (SLK 808),SLK 808,Solar,(en blanco),Región de Valparaíso,ernc,1.0,0.0,27.89675973177156,0.0,4,2024-10-01 03:00:00
PE CALAMA,CALAMA,Eólica,(en blanco),Región de Antofagasta,ernc,1.0,0.0,497.1387869136729,7.954460725282172,4,2024-10-01 03:00:00
PMGD PFV MALINKE,Malinke,Solar,(en blanco),Región Metropolitana,ernc,1.0,0.0,11.667426432732565,0.0,4,2024-10-01 03:00:00
PMGD PFV CAIMI,Caimi,Solar,(en blanco),Región de Valparaíso,ernc,1.0,0.0,0.1310717596970408,0.0,4,2024-10-01 03:00:00
PMGD PFV UTFSM VITACURA [EN_REVISION],UTSFM Vitacura,Solar,(en blanco),Región Metropolitana,ernc,1.0,0.0,0.0,0.0,4,2024-10-01 03:00:00
PE MALLECO SUR,MALLECO SUR,Eólica,(en blanco),Región de la Araucanía,ernc,1.0,0.0,580.6055936687721,21.68215898325342,4,2024-10-01 03:00:00
PMGD TER DAGOBERTO,Dagoberto,Térmica,Diésel,Región de la Araucanía,convencional,0.0,0.0,3.3039127776761326e-05,1.56687867871596e-07,4,2024-10-01 03:00:00
PMGD PFV ESCORIAL DEL VERANO SOLAR,PMGD PFV Escorial del Verano,Solar,(en blanco),Región de Valparaíso,ernc,1.0,0.0,22.000639121858278,0.0,4,2024-10-01 03:00:00
PMGD PFV EL CAIQUEN,PMGD PFV EL CAIQUEN,Solar,(en blanco),Región del Maule,ernc,1.0,0.0,32.50371641964605,0.0,4,2024-10-01 03:00:00
PMGD PFV PARQUE SOLAR MEMBRILLO,Membrillo,Solar,(en blanco),Región de O'Higgins,ernc,1.0,0.0,14.58000084715982,0.0,4,2024-10-01 03:00:00
PMGD PFV HUAPE,Huape,Solar,(en blanco),Región de Ñuble,ernc,1.0,0.0,18.095848285062097,0.0,4,2024-10-01 03:00:00
PMGD PFV PACHIRA,Pachira,Solar,(en blanco),Región del Maule,ernc,1.0,0.0,57.06238163290689,0.0,4,2024-10-01 03:00:00
PMGD PFV LLAY LLAY,LLAY LLAY,Solar,(en blanco),Región de Valparaíso,ernc,1.0,0.0,59.95133596339578,0.0,4,2024-10-01 03:00:00
PMGD PFV TRINIDAD,Trinidad Solar,Solar,(en blanco),Región de O'Higgins,ernc,1.0,0.0,19.769174364956758,0.0,4,2024-10-01 03:00:00
PMGD PFV SATURNO NORTE,Saturno Norte,Solar,(en blanco),Región del Maule,ernc,1.0,0.0,27.107467391951214,0.0,4,2024-10-01 03:00:00
PMGD PFV GR PITAO,GR Pitao,Solar,(en blanco),Región del Maule,ernc,1.0,0.0,0.0,0.0,4,2024-10-01 03:00:00
PMGD PFV LAS CABRAS,Las Cabras,Solar,(en blanco),Región de O'Higgins,ernc,1.0,0.0,19.5388200763186,0.0,4,2024-10-01 03:00:00
PMGD PFV SANTA MARGARITA,PMGD PFV SANTA MARGARITA,Solar,(en blanco),Región de O'Higgins,ernc,1.0,0.0,19.825877247661825,0.0,4,2024-10-01 03:00:00
PMGD TER PRP LAS QUEMAS,PRP Las Quemas,Térmica,Diésel,Región de los Lagos,convencional,0.0,0.0,0.0,0.0,4,2024-10-01 03:00:00
PMGD PFV QUETENA,PMGD PFV QUETENA,Solar,(en blanco),Región de Antofagasta,ernc,1.0,0.0,82.08019935002474,0.0,4,2024-10-01 03:00:00
PMGD PFV ORION SOLAR,Orion,Solar,(en blanco),Región de Ñuble,ernc,1.0,0.0,19.312907885232644,0.0,4,2024-10-01 03:00:00
PMGD PFV LOS LAGOS,Los Lagos Solar,Solar,(en blanco),Región de O'Higgins,ernc,1.0,0.0,2.798568932206207,0.0,4,2024-10-01 03:00:00
PMGD PFV LINARES SOLAR,Linares Solar,Solar,(en blanco),Región del Maule,ernc,1.0,0.0,54.687904733246086,0.0,4,2024-10-01 03:00:00
PMGD PFV HURTADO,PMGD PFV Hurtado,Solar,(en blanco),Región del Bío-Bío,ernc,1.0,0.0,19.38179172520984,0.0,4,2024-10-01 03:00:00
TER ANDES GENERACION,Andes Generación Unidad 3 FO6,Térmica,Diésel,Región de Atacama,convencional,0.0,0.0,0.0,0.0,4,2024-10-01 03:00:00
PFV SOL DE LOS ANDES,PFV SOL DE LOS ANDES,Solar,(en blanco),Región de Atacama,ernc,1.0,0.0,402.2555780358731,0.0,4,2024-10-01 03:00:00
PE TOLPAN SUR,PE Tolpán Sur,Eólica,(en blanco),Región de la Araucanía,ernc,1.0,0.0,437.7855026088002,31.357584796269595,4,2024-10-01 03:00:00
PMGD PFV PARQUE CURICURA,PMGD PFV Curicura,Solar,(en blanco),Región del Maule,ernc,1.0,0.0,57.12710854424974,0.0,4,2024-10-01 03:00:00
PMGD PFV RAUQUEN,Rauquén,Solar,(en blanco),Región del Maule,ernc,1.0,0.0,52.12681515829444,0.0,4,2024-10-01 03:00:00
PMGD PFV TREBO,PMGD PFV TREBO,Solar,(en blanco),Región Metropolitana,ernc,1.0,0.0,17.895553766527968,0.0,4,2024-10-01 03:00:00
TER ESCUADRON,Escuadrón,Térmica,Biomasa,Región del Bío-Bío,ernc,1.0,0.0,16.48924688712581,0.5202917707102804,4,2024-10-01 03:00:00
PMGD PFV ÑIQUEN,Niquen,Solar,(en blanco),Región de Ñuble,ernc,1.0,0.0,18.514187676324845,0.0,4,2024-10-01 03:00:00
PMGD HP LA COMPAÑIA II,CH La Compañía II,Hidráulica,Pasada,Región de O'Higgins,ernc,1.0,0.0,44.46018162266857,1.903829475749586,4,2024-10-01 03:00:00
TER CONSTITUCION,Constitución 1 Elektragen,Térmica,Diésel,Región del Maule,convencional,0.0,0.0,0.0,0.0,4,2024-10-01 03:00:00
PMGD TER CURACAUTIN,Curacautin,Térmica,Diésel,Región de la Araucanía,convencional,0.0,0.0,0.7419792543526904,0.0,4,2024-10-01 03:00:00
TER ENERGIA PACIFICO,Energía Pacífico,Térmica,Biomasa,Región de O'Higgins,ernc,1.0,0.0,354.50880246222977,14.70824813354062,4,2024-10-01 03:00:00
HP EL RINCON,EL RINCON,Hidráulica,Pasada,Región Metropolitana,ernc,1.0,0.0,6.121672786009007,0.25488759609662015,4,2024-10-01 03:00:00
PMGD PFV MANAO,PMGD PFV MANAO,Solar,(en blanco),Región Metropolitana,ernc,1.0,0.0,23.93211634489082,0.0,4,2024-10-01 03:00:00
PMGD PFV UTFSM VALPARAISO VALDES,UTFSM Valparaíso Valdés,Solar,(en blanco),Región de Valparaíso,ernc,1.0,0.0,0.0,0.0,4,2024-10-01 03:00:00
HP GUAYACAN,GUAYACAN,Hidráulica,Pasada,Región Metropolitana,ernc,1.0,0.0,187.2349981788746,9.155134042305896,4,2024-10-01 03:00:00
PMGD PFV SAN EUGENIO SOLAR,PMGD PFV San Eugenio,Solar,(en blanco),Región del Bío-Bío,ernc,1.0,0.0,64.26203200347514,0.0,4,2024-10-01 03:00:00
PMGD PFV EL CONDOR,El Condor,Solar,(en blanco),Región del Maule,ernc,1.0,0.0,7.280177855802201,0.0,4,2024-10-01 03:00:00
PMGD PFV CHEQUEN SOLAR,PMGD PFV Chequen Solar,Solar,(en blanco),Región Metropolitana,ernc,1.0,0.0,46.706249104327924,0.0,4,2024-10-01 03:00:00
PMGD PFV SAN CARLOS SOLAR,PMGD PFV San Carlos,Solar,(en blanco),Región de Ñuble,ernc,1.0,0.0,18.149602907633394,0.0,4,2024-10-01 03:00:00
PFV ALTO DEL SOL [EN_REVISION],PFV Alto del Sol,Solar,(en blanco),Región de Ñuble,ernc,1.0,0.0,0.0,0.0,4,2024-10-01 03:00:00
TER LICANTEN,TER LICANTEN,Térmica,Biomasa,Región del Maule,ernc,0.33,0.0,0.0,0.0,4,2024-10-01 03:00:00
PMGD TER LOS ALAMOS,PMGD TER Los Álamos,Térmica,Diésel,Región del Bío-Bío,convencional,0.0,0.0,0.0,0.0,4,2024-10-01 03:00:00
PE KALLPA [EN_REVISION],PE KALLPA,Eólica,(en blanco),Región de Antofagasta,ernc,1.0,0.0,567.8584452863704,22.02234975641014,4,2024-10-01 03:00:00
PMGD PFV SANTA INES SOLAR,PFV SANTA INES,Solar,(en blanco),Región Metropolitana,ernc,1.0,0.0,20.82112515473543,0.0,4,2024-10-01 03:00:00
PMGD HP MARIA ELENA,PMGD HP MARIA ELENA,Hidráulica,Pasada,Región de los Lagos,ernc,1.0,0.0,4.243785665187566,0.1661468604125416,4,2024-10-01 03:00:00
HP LICAN,LICAN,Hidráulica,Pasada,Región de los Ríos,ernc,1.0,0.0,298.98766716085765,15.868899006663552,4,2024-10-01 03:00:00
PMGD PFV LOS TORDOS,PMGD PFV Los Tordos,Solar,(en blanco),Región del Maule,ernc,1.0,0.0,37.09129166133759,0.0,4,2024-10-01 03:00:00
PMGD PFV ERINOME,PMGD PFV Erinome,Solar,(en blanco),Región del Maule,ernc,1.0,0.0,15.908497435884179,0.0,4,2024-10-01 03:00:00
PMGD TER CENTRAL DE RESPALDO EGIDO,PMGD TER Egido,Térmica,Diésel,Región de Valparaíso,convencional,0.0,0.0,0.0,0.0,4,2024-10-01 03:00:00
PMGD PFV CE CALDERA,PMGD PFV Ce Caldera,Solar,(en blanco),Región de Atacama,ernc,1.0,0.0,7.942584083464937,0.0,4,2024-10-01 03:00:00
PMGD HP EL TARTARO,EL TÁRTARO,Hidráulica,Pasada,Región de Valparaíso,ernc,1.0,0.0,0.0,0.0,4,2024-10-01 03:00:00
PE EL ARRAYAN,PE EL ARRAYÁN,Eólica,(en blanco),Región de Coquimbo,ernc,1.0,0.0,1356.4406686856018,19.030672074826025,4,2024-10-01 03:00:00
PE NEGRETE,NEGRETE,Eólica,(en blanco),Región del Bío-Bío,ernc,1.0,0.0,189.3761989275669,14.09790586405356,4,2024-10-01 03:00:00
PMGD PFV BERRUECO,PMGD PFV BERRUECO,Solar,(en blanco),Región de Ñuble,ernc,1.0,0.0,62.740161259938056,0.0,4,2024-10-01 03:00:00
PMGD PFV VIÑAS DEL SOL,PMGD PFV Viñas del Sol,Solar,(en blanco),Región de Valparaíso,ernc,1.0,0.0,49.27006871543708,0.0,4,2024-10-01 03:00:00
PMGD PFV HOMERO SOLAR,Homero,Solar,(en blanco),Región de O'Higgins,ernc,1.0,0.0,13.791236300817006,0.0,4,2024-10-01 03:00:00
PMGD PFV VENTURADA,Venturada,Solar,(en blanco),Región de Ñuble,ernc,1.0,0.0,62.87430176023224,0.0,4,2024-10-01 03:00:00
PMGD PFV HELIOS,PMGD PFV Helios,Solar,(en blanco),Región de Valparaíso,ernc,1.0,0.0,23.215390348432464,0.0,4,2024-10-01 03:00:00
PMGD PFV CABILDO SUNLIGHT,PMGD PFV Cabildo Sunlight,Solar,(en blanco),Región de Valparaíso,ernc,1.0,0.0,88.02044396712523,0.0,4,2024-10-01 03:00:00
PMGD TER ETERSOL,ETERSOL,Térmica,Diésel,Región Metropolitana,convencional,0.0,0.0,0.0,0.0,4,2024-10-01 03:00:00
PFV DESIERTO DE ATACAMA [EN_REVISION],PFV DESIERTO DE ATACAMA,Solar,(en blanco),Región de Atacama,ernc,1.0,0.0,0.0,0.0,4,2024-10-01 03:00:00
PMGD TER ELECTRICA PINARES LIMITADA,PINARES,Térmica,Gas Natural,Región del Maule,convencional,0.0,0.0,0.0,0.0,4,2024-10-01 03:00:00
PMGD PFV VENTISQUERO SOLAR,PMGD PFV VENTISQUERO,Solar,(en blanco),Región de O'Higgins,ernc,1.0,0.0,38.3113701703605,0.0,4,2024-10-01 03:00:00
PMGD PFV LAS CATITAS,PMGD PFV Las Catitas,Solar,(en blanco),Región del Maule,ernc,1.0,0.0,46.81492050098519,0.0,4,2024-10-01 03:00:00
CSP CERRO DOMINADOR,CSP CERRO DOMINADOR,Solar,(en blanco),Región de Antofagasta,ernc,1.0,0.0,0.0,0.0,4,2024-10-01 03:00:00
TER NEWEN,Newen Butano,Térmica,Gas Natural,Región del Bío-Bío,convencional,0.0,0.0,0.0,0.0,4,2024-10-01 03:00:00
PMGD PFV FARAMALLA,PMGD PFV FARAMALLA,Solar,(en blanco),Región Metropolitana,ernc,1.0,0.0,18.318881044312015,0.0,4,2024-10-01 03:00:00
PFV CAMPOS DEL SOL,PFV Campos del Sol,Solar,(en blanco),Región de Atacama,ernc,1.0,0.0,1987.9748222181304,0.0,4,2024-10-01 03:00:00
PMGD PFV VILLA SOLAR,PMGD PFV VILLA SOLAR,Solar,(en blanco),Región del Maule,ernc,1.0,0.0,13.848111834741921,0.0,4,2024-10-01 03:00:00
PMGD PFV SAN RAMIRO,San Ramiro,Solar,(en blanco),Región Metropolitana,ernc,1.0,0.0,51.301696205423355,0.0,4,2024-10-01 03:00:00
PMGD PFV PARQUE SOLAR SAN JAVIER,San Javier,Solar,(en blanco),Región del Maule,ernc,1.0,0.0,36.97190223399237,0.0,4,2024-10-01 03:00:00
PMGD PFV PARQUE VALPARAISO,PMG PFV PARQUE VALPARAISO,Solar,(en blanco),Región de Valparaíso,ernc,1.0,0.0,53.96057695258881,0.0,4,2024-10-01 03:00:00
PMGD PFV MERCURIO SUR,Mercurio Sur,Solar,(en blanco),Región del Maule,ernc,1.0,0.0,16.795059975666035,0.0,4,2024-10-01 03:00:00
PMGD PFV PRETTY FIELD,PMGD PFV PRETTY FIELD,Solar,(en blanco),Región de Coquimbo,ernc,1.0,0.0,17.57558590233209,0.0,4,2024-10-01 03:00:00
PMGD PFV AXEL SOLAR,PMGD PFV Axel Solar,Solar,(en blanco),Región Metropolitana,ernc,1.0,0.0,22.641498087685772,0.0,4,2024-10-01 03:00:00
PMG PFV SOLAR PALERMO [EN_REVISION],PMG SOLAR PALERMO,Solar,(en blanco),Región Metropolitana,ernc,1.0,0.0,65.16654428146263,0.0,4,2024-10-01 03:00:00
PMGD PFV SANTA RITA,Santa Rita,Solar,(en blanco),Región de Ñuble,ernc,1.0,0.0,18.379816969935025,0.0,4,2024-10-01 03:00:00
TER NORGENER [No_Mostrar],NTO1 (Carbon),Térmica,Carbón,Región de Antofagasta,convencional,0.0,0.0,0.0,0.0,4,2024-10-01 03:00:00
PMGD HP ALLIPEN,ALLIPÉN,Hidráulica,Pasada,Región de la Araucanía,ernc,1.0,0.0,0.0,0.0,4,2024-10-01 03:00:00
PMGD TER ANCALI,ANCALI,Térmica,BioGas,Región del Bío-Bío,ernc,1.0,0.0,0.0,0.0,4,2024-10-01 03:00:00
PFV LA HUELLA,LA HUELLA,Solar,(en blanco),Región de Coquimbo,ernc,1.0,0.0,423.37742280451545,0.0,4,2024-10-01 03:00:00
TER ATACAMA,Atacama TG2A Gas Arg,Térmica,Gas Natural,Región de Antofagasta,convencional,0.0,0.0,0.0,0.0,4,2024-10-01 03:00:00
TER NEWEN,Newen GNL,Térmica,Gas Natural,Región del Bío-Bío,convencional,0.0,0.0,0.0,0.0,4,2024-10-01 03:00:00
TER NEWEN,Newen Propano,Térmica,Gas Natural,Región del Bío-Bío,convencional,0.0,0.0,0.0,0.0,4,2024-10-01 03:00:00
TER TRAPEN,TER TRAPÉN,Térmica,Diésel,Región de los Lagos,convencional,0.0,0.0,0.0,0.0,4,2024-10-01 03:00:00
PMGD PFV LO BOZA,PMGD PFV LO BOZA,Solar,(en blanco),Región Metropolitana,ernc,1.0,0.0,1.9503410427394197,0.0,4,2024-10-01 03:00:00
TER TERMOPACIFICO,Termopacífico,Térmica,Diésel,Región de Atacama,convencional,0.0,0.0,0.0,0.0,4,2024-10-01 03:00:00
BESS Don Humberto,BESS Don Humberto (inyección),Bess,(en blanco),Región Metropolitana,ernc,1.0,0.0,0.060033665851186205,0.0,4,2024-10-01 03:00:00
PMGD HP RIO TRUENO,TRUENO,Hidráulica,Pasada,Región de la Araucanía,ernc,1.0,0.0,109.81158045279474,4.572564215665349,4,2024-10-01 03:00:00
PMGD HP EL PORTAL,PMGD HP El Portal,Hidráulica,Pasada,Región del Maule,ernc,1.0,0.0,11.322584839775788,0.4508082484415301,4,2024-10-01 03:00:00
PMGD HP TRAILELFU,Trailelfú,Hidráulica,Pasada,Región de la Araucanía,ernc,1.0,0.0,61.56388878068607,2.5670110079898443,4,2024-10-01 03:00:00
PMGD PFV GABARDO DEL VERANO SOLAR,PMGD PFV GABARDO,Solar,(en blanco),Región Metropolitana,ernc,1.0,0.0,10.026304565108356,0.0,4,2024-10-01 03:00:00
HP VOLCAN,VOLCÁN,Hidráulica,Pasada,Región Metropolitana,ernc,1.0,0.0,132.06405926163447,4.22236783153343,4,2024-10-01 03:00:00
PMGD TER SANTA IRENE [No_Mostrar],PMGD TER Santa Irene,Térmica,BioGas,Región de O'Higgins,ernc,1.0,0.0,0.0,0.0,4,2024-10-01 03:00:00
HP PULELFU,Pulelfu,Hidráulica,Pasada,Región de los Lagos,ernc,1.0,0.0,225.8966789870385,9.395268705710642,4,2024-10-01 03:00:00
PMGD TER AGGREKO 01,PMGD TER AGGREKO,Térmica,Diésel,Región Metropolitana,convencional,0.0,0.0,0.0,0.0,4,2024-10-01 03:00:00
PFV QUILAPILUN,Quilapilun,Solar,(en blanco),Región Metropolitana,ernc,1.0,0.0,490.0348031212825,0.0,4,2024-10-01 03:00:00
TER SANTA MARIA,Santa María,Térmica,Carbón,Región del Bío-Bío,convencional,0.0,0.0,0.0,0.0,4,2024-10-01 03:00:00
HP CARILAFQUEN,Carilafquen,Hidráulica,Pasada,Región de la Araucanía,ernc,0.95,0.0,302.17945706194575,17.009538657836092,4,2024-10-01 03:00:00
PFV LUCAS SOLAR,PMG Lucas Solar,Solar,(en blanco),Región de Coquimbo,ernc,1.0,0.0,82.50252534920892,0.0,4,2024-10-01 03:00:00
PMGD PFV PUELCHE SOLAR,PMGD PFV Puelche,Solar,(en blanco),Región del Bío-Bío,ernc,1.0,0.0,18.957305226554595,0.0,4,2024-10-01 03:00:00
PMGD PFV LAS TORTOLAS DEL VERANO,PMGD PFV Las Tórtolas del Verano,Solar,(en blanco),Región de Valparaíso,ernc,1.0,0.0,22.124775864216417,0.0,4,2024-10-01 03:00:00
PMGD HP RIO MULCHEN,Hidroeléctrica Rio Mulchen,Hidráulica,Pasada,Región del Bío-Bío,ernc,1.0,0.0,70.42827090729944,2.7136128119696252,4,2024-10-01 03:00:00
PMGD HP ARRAYAN,Arrayán,Hidráulica,Pasada,Región Metropolitana,ernc,1.0,0.0,0.0,0.0,4,2024-10-01 03:00:00
TER ANDES GENERACION,Andes Generación Unidad 1 Diesel,Térmica,Diésel,Región de Atacama,convencional,0.0,0.0,0.0,0.0,4,2024-10-01 03:00:00
TER ANDES GENERACION,Andes Generación Unidad 1 FO6,Térmica,Diésel,Región de Atacama,convencional,0.0,0.0,0.0,0.0,4,2024-10-01 03:00:00
TER ANDES GENERACION,Andes Generación Unidad 2 Diesel,Térmica,Diésel,Región de Atacama,convencional,0.0,0.0,0.0,0.0,4,2024-10-01 03:00:00
PMGD PFV SALERNO SOLAR,PMGD PFV Salerno Solar,Solar,(en blanco),Región Metropolitana,ernc,1.0,0.0,22.599923043013064,0.0,4,2024-10-01 03:00:00
TER ANDES GENERACION,Andes Generación Unidad 2 FO6,Térmica,Diésel,Región de Atacama,convencional,0.0,0.0,0.0,0.0,4,2024-10-01 03:00:00
PMGD PFV EL MONTE,PMGD PFV El Monte,Solar,(en blanco),Región Metropolitana,ernc,1.0,0.0,16.125534045195952,0.0,4,2024-10-01 03:00:00
TER ANDES GENERACION,Andes Generación Unidad 3 Diesel,Térmica,Diésel,Región de Atacama,convencional,0.0,0.0,0.0,0.0,4,2024-10-01 03:00:00
PMGD PFV CONDOR PELVIN,PMGD PFV Condor Pelvin,Solar,(en blanco),Región Metropolitana,ernc,1.0,0.0,14.499950894017681,0.0,4,2024-10-01 03:00:00
PMGD HP CURILEUFU,Curileufu,Hidráulica,Pasada,Región de los Ríos,ernc,1.0,0.0,0.0,0.0,4,2024-10-01 03:00:00
PMGD PFV PSF HORIZONTE,PMGD PFV PSF Horizonte,Solar,(en blanco),Región Metropolitana,ernc,1.0,0.0,32.25233105624151,0.0,4,2024-10-01 03:00:00
PMGD TER TIRUA,PMGD TER Tirúa,Térmica,Diésel,Región del Bío-Bío,convencional,0.0,0.0,0.0,0.0,4,2024-10-01 03:00:00
PE CERRO TIGRE,PE CERRO TIGRE,Eólica,(en blanco),Región de Antofagasta,ernc,1.0,0.0,751.5514571800248,0.0,4,2024-10-01 03:00:00
TER NEWEN,Newen Propano+Butano,Térmica,Gas Natural,Región del Bío-Bío,convencional,0.0,0.0,0.0,0.0,4,2024-10-01 03:00:00
TER NEWEN,Newen Gas Arg,Térmica,Gas Natural,Región del Bío-Bío,convencional,0.0,0.0,0.0,0.0,4,2024-10-01 03:00:00
PMGD PFV GR RAULI,RAULI,Solar,(en blanco),Región del Maule,ernc,1.0,0.0,56.14609060119613,0.0,4,2024-10-01 03:00:00
PMGD PFV PARQUE ALHUE,PMGD PFV ALHUE,Solar,(en blanco),Región Metropolitana,ernc,1.0,0.0,13.153266398026563,0.0,4,2024-10-01 03:00:00
TER TARAPACA,Tarapacá TGTAR,Térmica,Diésel,Región de Tarapacá,convencional,0.0,0.0,0.0,0.0,4,2024-10-01 03:00:00
PMGD PFV QUEBRADA DE TALCA,PMGD PFV Quebrada de Talca,Solar,(en blanco),Región de Coquimbo,ernc,1.0,0.0,82.87163426856652,0.0,4,2024-10-01 03:00:00
PMGD HP MAISAN,MAISAN,Hidráulica,Pasada,Región de la Araucanía,ernc,1.0,0.0,8.843545822470997,0.39245507498168325,4,2024-10-01 03:00:00
BESS Andes Solar IIB,BESS Andes Solar IIB (inyección),Bess,(en blanco),Región de Antofagasta,ernc,1.0,0.0,506.3439490108548,0.0,4,2024-10-01 03:00:00
HP SAN ANDRES,SAN ANDRES,Hidráulica,Pasada,Región de O'Higgins,convencional,0.0,0.0,29.316440157329264,0.0,4,2024-10-01 03:00:00
PMGD PFV MACAO,PMGD PFV MACAO,Solar,(en blanco),Región Metropolitana,ernc,1.0,0.0,52.25137552431347,0.0,4,2024-10-01 03:00:00
BESS PFV El Manzano,BESS El Manzano (Retiro),Bess,(en blanco),Región Metropolitana,ernc,1.0,0.0,126.86114155453163,0.07003927682638392,4,2024-10-01 03:00:00
PFV SAN ANDRES,SAN ANDRES (SOLAR),Solar,(en blanco),Región de Atacama,ernc,1.0,0.0,30.907332302385697,0.0,4,2024-10-01 03:00:00
PMGD TER CHILLAN,Chillan,Térmica,Diésel,Región de Ñuble,convencional,0.0,0.0,0.0,0.0,4,2024-10-01 03:00:00
HP RUCUE,RUCÚE,Hidráulica,Pasada,Región del Bío-Bío,convencional,0.0,0.0,3895.1843526444654,171.0959476758807,4,2024-10-01 03:00:00
PFV LA CRUZ SOLAR,PFV LA CRUZ SOLAR,Solar,(en blanco),Región de Antofagasta,ernc,1.0,0.0,269.12091839989256,0.0,4,2024-10-01 03:00:00
PMGD HP PURISIMA,PURISIMA,Hidráulica,Pasada,Región del Maule,ernc,1.0,0.0,9.78639530580637,0.4099873218653362,4,2024-10-01 03:00:00
HP PEUCHEN,PEUCHÉN,Hidráulica,Pasada,Región del Bío-Bío,convencional,0.0,0.0,1221.9752627899202,71.70020824826672,4,2024-10-01 03:00:00
BESS Don Humberto,BESS Don Humberto (retiro),Bess,(en blanco),Región Metropolitana,ernc,1.0,0.0,1.8410324194363767,0.07003927682638392,4,2024-10-01 03:00:00
PMGD PFV DON ANDRONICO,DON ANDRÓNICO,Solar,(en blanco),Región Metropolitana,ernc,1.0,0.0,15.67886641244075,0.0,4,2024-10-01 03:00:00
HP RIO PICOIQUEN,PICOIQUÉN,Hidráulica,Pasada,Región de la Araucanía,ernc,1.0,0.0,351.11885773871256,19.00021847346818,4,2024-10-01 03:00:00
HP RIO HUASCO,RIO HUASCO,Hidráulica,Pasada,Región de Atacama,ernc,1.0,0.0,26.18468392209239,1.0906115962965495,4,2024-10-01 03:00:00
PMGD HP ROBLERIA,ROBLERIA,Hidráulica,Pasada,Región del Maule,ernc,1.0,0.0,0.0,0.0,4,2024-10-01 03:00:00
HP ALFALFAL II,ALFALFAL 2,Hidráulica,Pasada,Región Metropolitana,convencional,0.0,0.0,0.0,0.0,4,2024-10-01 03:00:00
BESS PFV El Manzano,BESS El Manzano (Inyección),Bess,(en blanco),Región Metropolitana,ernc,1.0,0.0,113.9038753416506,0.0,4,2024-10-01 03:00:00
PMGD TER LAS PAMPAS [No_Mostrar],Las Pampas,Térmica,BioGas,Región de O'Higgins,ernc,1.0,0.0,0.0,0.0,4,2024-10-01 03:00:00
TER EL PEÑON,TER EL PEÑON,Térmica,Diésel,Región de Coquimbo,convencional,0.0,0.0,0.0,0.0,4,2024-10-01 03:00:00
TER SANTA FE,TER SANTA FE,Térmica,Biomasa,Región del Bío-Bío,ernc,1.0,0.0,712.9998380925881,27.315317962289722,4,2024-10-01 03:00:00
PFV PMG NORTH WEST,PMG North West,Solar,(en blanco),Región de Atacama,ernc,1.0,0.0,88.89318435508116,0.0,4,2024-10-01 03:00:00
HP LAS LAJAS,LAS LAJAS,Hidráulica,Pasada,Región Metropolitana,convencional,0.0,0.0,0.0,0.0,4,2024-10-01 03:00:00
PFV CEME 1,PFV CEME 1,Solar,(en blanco),Región de Antofagasta,ernc,1.0,0.0,1999.1210728445008,0.0,4,2024-10-01 03:00:00
TER YUNGAY,TER Yungay U1 Diésel,Térmica,Diésel,Región del Bío-Bío,convencional,0.0,0.0,0.0,0.0,4,2024-10-01 03:00:00
PMGD PFV CURACAVI,PMGD PFV CURACAVI,Solar,(en blanco),Región Metropolitana,ernc,1.0,0.0,17.094425609584167,0.0,4,2024-10-01 03:00:00
PMGD PFV LAS ARBOLEDAS,PMGD PFV Las Arboledas,Solar,(en blanco),Región Metropolitana,ernc,1.0,0.0,11.8363091231517,0.0,4,2024-10-01 03:00:00
PMGD PFV MARAÑON,PMGD PFV Marañon,Solar,(en blanco),Región de Atacama,ernc,1.0,0.0,92.41763682033535,0.0,4,2024-10-01 03:00:00
TER RENCA [No_Mostrar],Renca U-2,Térmica,Diésel,Región Metropolitana,convencional,0.0,0.0,0.0,0.0,4,2024-10-01 03:00:00
TER LOS VIENTOS,Los Vientos Diésel,Térmica,Diésel,Región de Valparaíso,convencional,0.0,0.0,0.0,0.0,4,2024-10-01 03:00:00
PMGD PFV HUAQUELON,PMGD PFV Huaquelon,Solar,(en blanco),Región de Coquimbo,ernc,1.0,0.0,47.11787143167631,0.0,4,2024-10-01 03:00:00
TER CMPC CORDILLERA,CMPC Cordillera Gas Arg,Térmica,Gas Natural,Región Metropolitana,convencional,0.0,0.0,0.0,0.0,4,2024-10-01 03:00:00
PMGD PFV LA COLONIA,PMGD PFV Parque La Colonia,Solar,(en blanco),Región Metropolitana,ernc,1.0,0.0,55.98911169131316,0.0,4,2024-10-01 03:00:00
TER LOS VIENTOS,Los Vientos GNL,Térmica,Gas Natural,Región de Valparaíso,convencional,0.0,0.0,0.0,0.0,4,2024-10-01 03:00:00
PMGD PFV CENTAURO SOLAR,PMGD PFV Centauro Solar,Solar,(en blanco),Región de Ñuble,ernc,1.0,0.0,56.34185471435654,0.0,4,2024-10-01 03:00:00
PMGD PFV JARDIN SOLAR PETORCA,PMGD PFV Jardin Solar Petorca,Solar,(en blanco),Región Metropolitana,ernc,1.0,0.0,59.657925558568074,0.0,4,2024-10-01 03:00:00
PMGD PFV PIDUCO,PMGD PFV Piduco,Solar,(en blanco),Región del Maule,ernc,1.0,0.0,19.811295648050603,0.0,4,2024-10-01 03:00:00
TER LOS VIENTOS,Los Vientos Gas Arg,Térmica,Gas Natural,Región de Valparaíso,convencional,0.0,0.0,0.0,0.0,4,2024-10-01 03:00:00
TER CMPC CORDILLERA,CMPC Cordillera GNL,Térmica,Gas Natural,Región Metropolitana,convencional,0.0,0.0,0.0,0.0,4,2024-10-01 03:00:00
TER MANTOS BLANCOS,TER MANTOS BLANCOS,Térmica,Diésel,Región de Antofagasta,convencional,0.0,0.0,0.0,0.0,4,2024-10-01 03:00:00
PMGD PFV LAS CHILCAS,PMGD PFV Las Chilcas,Solar,(en blanco),Arica y Parinacota,ernc,1.0,0.0,36.28495025609347,0.0,4,2024-10-01 03:00:00
PFV ANDES SOLAR II-B,Solar Andes IIB,Solar,(en blanco),Región de Antofagasta,ernc,1.0,0.0,242.02572387905715,0.0,4,2024-10-01 03:00:00
TER MASISA,Masisa,Térmica,Biomasa,Región del Bío-Bío,ernc,1.0,0.0,113.84384167579944,4.782682046144501,4,2024-10-01 03:00:00
PMGD PFV ANCAHUAL SOLAR,PMGD PFV ANCAHUAL SOLAR [EN_REVISION],Solar,(en blanco),Región de la Araucanía,ernc,1.0,0.0,47.41437900454279,0.0,4,2024-10-01 03:00:00
BESS PFV COYA,BESS COYA (retiro),Bess,(en blanco),Región de Antofagasta,ernc,1.0,0.0,581.3660201028872,0.0,4,2024-10-01 03:00:00
PMGD PFV PAILLIHUE,PMGD PFV Paillihue,Solar,(en blanco),Región Metropolitana,ernc,1.0,0.0,51.03426582084585,0.0,4,2024-10-01 03:00:00
TER MAULE,Maule,Térmica,Diésel,Región del Maule,convencional,0.0,0.0,0.0,0.0,4,2024-10-01 03:00:00
TER LOS PINOS,Los Pinos,Térmica,Diésel,Región del Bío-Bío,convencional,0.0,0.0,0.0,0.0,4,2024-10-01 03:00:00
PMGD HP TRANCA DEL TORO,PMGD HP Tranca del Toro,Hidráulica,Pasada,Región de los Ríos,ernc,1.0,0.0,0.0,0.0,4,2024-10-01 03:00:00
PMGD PFV TURQUÍA,PMGD PFV Turquia,Solar,(en blanco),Región del Bío-Bío,ernc,1.0,0.0,6.024032240564106,0.0,4,2024-10-01 03:00:00
PMGD PFV AÑUÑUCA DEL VERANO SOLAR,PMGD PFV Añuñuca del Verano,Solar,(en blanco),Región de Valparaíso,ernc,1.0,0.0,19.919115510181886,0.0,4,2024-10-01 03:00:00
HP AILLIN,AILLIN,Hidráulica,Pasada,Región del Bío-Bío,ernc,1.0,0.0,59.9436153524094,2.531419576725018,4,2024-10-01 03:00:00
TER LAS VEGAS,Las Vegas,Térmica,Diésel,Región de Valparaíso,convencional,0.0,0.0,1.765344780205136,0.0,4,2024-10-01 03:00:00
TER COCHRANE,CCR1 (Carbon),Térmica,Carbón,Región de Antofagasta,convencional,0.0,0.0,4312.648459362638,274.84412787770566,4,2024-10-01 03:00:00
TER LAUTARO,Lautaro 1,Térmica,Biomasa,Región de la Araucanía,ernc,1.0,0.0,329.43173967509176,12.396951998269952,4,2024-10-01 03:00:00
PMGD TER LAS DALIAS,PMGD TER Las Dalias,Térmica,Diésel,Región de los Lagos,convencional,0.0,0.0,0.0,0.0,4,2024-10-01 03:00:00
TER LAUTARO,Lautaro 2,Térmica,Biomasa,Región de la Araucanía,ernc,1.0,0.0,373.57249305327394,16.97051677503282,4,2024-10-01 03:00:00
TER CMPC TISSUE,CMPC Tissue,Térmica,Gas Natural,Región Metropolitana,convencional,0.0,0.0,46.12586659566141,1.3007294267757012,4,2024-10-01 03:00:00
PMGD TER EL JARDIN,PMGD TER El Jardin,Térmica,Diésel,Región de los Lagos,convencional,0.0,0.0,0.0,0.0,4,2024-10-01 03:00:00
TER LINARES NORTE,Linares Norte,Térmica,Diésel,Región del Maule,convencional,0.0,0.0,0.0,0.0,4,2024-10-01 03:00:00
TER LOMA LOS COLORADOS II,Loma Los Colorados II,Térmica,BioGas,Región Metropolitana,ernc,1.0,0.0,284.1593516956147,16.00897756031632,4,2024-10-01 03:00:00
TER RENCA [No_Mostrar],Renca U-1,Térmica,Diésel,Región Metropolitana,convencional,0.0,0.0,0.0,0.0,4,2024-10-01 03:00:00
PFV LEYDA [EN_REVISION],PFV LEYDA,Solar,(en blanco),Región de Valparaíso,ernc,0.3,0.0,0.0,0.0,4,2024-10-01 03:00:00
BESS ALFALFAL VR2,BESS ALFALFAL VR2 (retiro),Bess,(en blanco),Región Metropolitana,ernc,1.0,0.0,199.73597739822767,0.06934284708051512,4,2024-10-01 03:00:00
PMGD PFV OLIVIA,PMGD PFV Olivia,Solar,(en blanco),Región de Coquimbo,ernc,1.0,0.0,24.542477737001516,0.0,4,2024-10-01 03:00:00
TER LOS ESPINOS,Espinos,Térmica,Diésel,Región de Coquimbo,convencional,0.0,0.0,0.0,0.0,4,2024-10-01 03:00:00
PMGD PFV CONDOR PETORCA,PMGD PFV Condor Petorca,Solar,(en blanco),Región de Valparaíso,ernc,1.0,0.0,22.77796652214555,0.0,4,2024-10-01 03:00:00
TER CMPC LAJA,CMPC Laja,Térmica,Biomasa,Región del Bío-Bío,ernc,1.0,0.0,0.0,0.0,4,2024-10-01 03:00:00
PMGD PFV TALLADO,PMGD PFV Tallado,Solar,(en blanco),Región de Antofagasta,ernc,1.0,0.0,79.84919762428314,0.0,4,2024-10-01 03:00:00
TER LOS GUINDOS,Los Guindos TG1 Diésel,Térmica,Diésel,Región del Bío-Bío,convencional,0.0,0.0,0.0,0.0,4,2024-10-01 03:00:00
PMGD PFV PARQUE SOLAR EL RECONQUISTADOR,PMGD PFV El Reconquistador,Solar,(en blanco),Región de Ñuble,ernc,1.0,0.0,16.708109244585863,0.0,4,2024-10-01 03:00:00
TER LOS GUINDOS,Los Guindos TG2 Diésel,Térmica,Diésel,Región del Bío-Bío,convencional,0.0,0.0,0.0,0.0,4,2024-10-01 03:00:00
PMGD PFV SOY SOLAR,PMGD PFV Soy Solar,Solar,(en blanco),Región de Coquimbo,ernc,1.0,0.0,18.427596680678146,0.0,4,2024-10-01 03:00:00
TER LAJA,Laja Energía Verde,Térmica,Biomasa,Región del Bío-Bío,ernc,0.3144,0.0,87.24892770372394,3.7020760608231496,4,2024-10-01 03:00:00
TER MEJILLONES,CTM3-TG Gas Arg,Térmica,Gas Natural,Región de Antofagasta,convencional,0.0,0.0,0.0,0.0,4,2024-10-01 03:00:00
TER MEJILLONES,CTM1,Térmica,Carbón,Región de Antofagasta,convencional,0.0,0.0,0.0,0.0,4,2024-10-01 03:00:00
TER NEHUENCO,Nehuenco Gas Natural,Térmica,Gas Natural,Región de Valparaíso,convencional,0.0,0.0,2501.402743799425,0.0,4,2024-10-01 03:00:00
TER ESPERANZA,TER ESPERANZA-DS2,Térmica,Diésel,Región de O'Higgins,convencional,0.0,0.0,0.0,0.0,4,2024-10-01 03:00:00
TER NEHUENCO,Nehuenco GNL,Térmica,Gas Natural,Región de Valparaíso,convencional,0.0,0.0,621.3484415597773,311.1745013286485,4,2024-10-01 03:00:00
PMGD PFV PSF COYUNCHE,PMGD PFV Coyunche,Solar,(en blanco),Región del Bío-Bío,ernc,1.0,0.0,15.552770438679207,0.0,4,2024-10-01 03:00:00
TER CEMENTOS BIO BIO CENTRO,Cementos Bío Bío Diésel,Térmica,Diésel,Región del Maule,convencional,0.0,0.0,0.0,0.0,4,2024-10-01 03:00:00
PFV TAIRA [EN_REVISION],PFV TAIRA,Solar,(en blanco),Región de Antofagasta,ernc,1.0,0.0,0.0,0.0,4,2024-10-01 03:00:00
TER NEHUENCO 9B,Nehuenco 9B Diésel,Térmica,Diésel,Región de Valparaíso,convencional,0.0,0.0,0.0,0.0,4,2024-10-01 03:00:00
PMGD TER CENTRAL LA GLORIA 21 [EN_REVISION],PMGD TER La Gloria-21,Térmica,Biomasa,Región del Maule,ernc,1.0,0.0,0.0,0.0,4,2024-10-01 03:00:00
TER NEHUENCO 9B,Nehuenco 9B Gas Natural,Térmica,Gas Natural,Región de Valparaíso,convencional,0.0,0.0,0.0,0.0,4,2024-10-01 03:00:00
HP CIPRESILLOS,Cipresillos,Hidráulica,Pasada,Región de O'Higgins,ernc,1.0,0.0,34.41930175468009,2.00112219503954,4,2024-10-01 03:00:00
BESS Andes Solar IIA,BESS Andes Solar IIA (retiro),Bess,(en blanco),Región de Antofagasta,ernc,0.95,0.0,259.66229265503995,0.0,4,2024-10-01 03:00:00
TER NEHUENCO 9B,Nehuenco 9B GNL,Térmica,Gas Natural,Región de Valparaíso,convencional,0.0,0.0,0.0,0.0,4,2024-10-01 03:00:00
PMGD PFV PARQUE PUEBLO SECO,PMGD PFV Pueblo Seco,Solar,(en blanco),Región de Ñuble,ernc,1.0,0.0,65.17043429211394,0.0,4,2024-10-01 03:00:00
PMGD PFV SANTA BLANCA DE ISLA DE MAIPO SUNLIGHT,PMGD PFV SANTA BLANCA DE ISLA DE MAIPO SUNLIGHT [EN_REVISION],Solar,(en blanco),Región Metropolitana,ernc,1.0,0.0,11.78815384109462,0.0,4,2024-10-01 03:00:00
PMGD PFV PSF CHAMPA,PMGD PFV Champa,Solar,(en blanco),Región Metropolitana,ernc,1.0,0.0,46.3825874435142,0.0,4,2024-10-01 03:00:00
PMGD PFV ITAHUE SOLAR,PMGD PFV Itahue Solar,Solar,(en blanco),Región del Maule,ernc,1.0,0.0,22.263869179364313,0.0,4,2024-10-01 03:00:00
TER MAITENCILLO,TER MAITENCILLO,Térmica,Diésel,Región de Atacama,convencional,0.0,0.0,0.0,0.0,4,2024-10-01 03:00:00
TER NEHUENCO II,Nehuenco II Diésel,Térmica,Diésel,Región de Valparaíso,convencional,0.0,0.0,0.0,0.0,4,2024-10-01 03:00:00
TER CELCO,CELCO,Térmica,Biomasa,Región del Maule,ernc,1.0,0.0,84.51739590749497,2.8616047389065424,4,2024-10-01 03:00:00
TER NEHUENCO II,Nehuenco II Gas Natural,Térmica,Gas Natural,Región de Valparaíso,convencional,0.0,0.0,0.0,0.0,4,2024-10-01 03:00:00
PMGD PFV LOS LIRIOS,PMGD PFV Los Lirios,Solar,(en blanco),Región de O'Higgins,ernc,1.0,0.0,44.6498398456504,0.0,4,2024-10-01 03:00:00
PMGD PFV EL PICHON,PMGD PFV Pichon,Solar,(en blanco),Región del Maule,ernc,1.0,0.0,12.477910612773814,0.0,4,2024-10-01 03:00:00
PMGD LAJA ANDINO,PMGD PFV Laja Andino,Solar,(en blanco),Región Metropolitana,ernc,1.0,0.0,55.14348481014726,0.0,4,2024-10-01 03:00:00
TER NEHUENCO,Nehuenco Diésel,Térmica,Diésel,Región de Valparaíso,convencional,0.0,0.0,0.0,0.0,4,2024-10-01 03:00:00
TER MEJILLONES,CTM3-TG GNL,Térmica,Gas Natural,Región de Antofagasta,convencional,0.0,0.0,0.0,0.0,4,2024-10-01 03:00:00
TER MEJILLONES,CTM3-TG + CTM3-TV GNL,Térmica,Gas Natural,Región de Antofagasta,convencional,0.0,0.0,3709.860426161853,234.89172325374122,4,2024-10-01 03:00:00
PFV GUANCHOI,PFV GUANCHOI,Solar,(en blanco),Región de Atacama,ernc,1.0,0.0,1572.041573979162,0.0,4,2024-10-01 03:00:00
PMGD PFV CARACOLES,PMGD PFV CARACOLES,Solar,(en blanco),Región del Maule,ernc,1.0,0.0,18.308798162904882,0.0,4,2024-10-01 03:00:00
TER CHUYACA,Chuyaca,Térmica,Diésel,Región de los Lagos,convencional,0.0,0.0,0.0,0.0,4,2024-10-01 03:00:00
PMGD PFV CARA DE GALLO,PMGD PFV Cara De Gallo,Solar,(en blanco),Región de O'Higgins,ernc,1.0,0.0,5.092241393522488,0.0,4,2024-10-01 03:00:00
TER MEJILLONES,CTM3-TG + CTM3-TV Diesel,Térmica,Diésel,Región de Antofagasta,convencional,0.0,0.0,0.0,0.0,4,2024-10-01 03:00:00
PMGD PFV EL GAVIOTIN,PMGD PFV El Gaviotin,Solar,(en blanco),Región de Coquimbo,ernc,1.0,0.0,90.83114952304206,0.0,4,2024-10-01 03:00:00
PMGD PFV BLU,PMGD PFV Blu,Solar,(en blanco),Región de Ñuble,ernc,1.0,0.0,19.982699639071914,0.0,4,2024-10-01 03:00:00
PMGD PFV PESARO SOLAR,PMGD PFV Pesaro,Solar,(en blanco),Región de Valparaíso,ernc,1.0,0.0,21.189989218282108,0.0,4,2024-10-01 03:00:00
PMGD PFV PARQUE FOTOVOLTAICO EL SHARON,PMGD PFV El Sharon,Solar,(en blanco),Región de O'Higgins,ernc,1.0,0.0,9.482176443781064,0.0,4,2024-10-01 03:00:00
PMGD PFV CONDOR CHEPICA,PMGD PFV Condor Chepica,Solar,(en blanco),Región Metropolitana,ernc,1.0,0.0,16.70139604743993,0.0,4,2024-10-01 03:00:00
TER MEJILLONES,CTM3-TG Diesel,Térmica,Diésel,Región de Antofagasta,convencional,0.0,0.0,0.0,0.0,4,2024-10-01 03:00:00
TER MEJILLONES,CTM3-TG + CTM3-TV Gas Arg,Térmica,Gas Natural,Región de Antofagasta,convencional,0.0,0.0,0.0,0.0,4,2024-10-01 03:00:00
TER CENIZAS,Cenizas,Térmica,Diésel,Región de Atacama,convencional,0.0,0.0,0.0,0.0,4,2024-10-01 03:00:00
PMGD PFV RINCONADA ALCONES,PMGD PFV Rinconada Alcones,Solar,(en blanco),Región de O'Higgins,ernc,1.0,0.0,74.01843072721226,0.0,4,2024-10-01 03:00:00
PMGD PFV COLCHAGUA,PMGD PFV Colchagua,Solar,(en blanco),Región de O'Higgins,ernc,1.0,0.0,10.21608483953454,0.0,4,2024-10-01 03:00:00
TER MEJILLONES,CTM2,Térmica,Carbón,Región de Antofagasta,convencional,0.0,0.0,0.0,0.0,4,2024-10-01 03:00:00
TER CEMENTOS BIO BIO CENTRO,Cementos Bío Bío Fuel Oil,Térmica,Fuel Oil,Región del Maule,convencional,0.0,0.0,0.0,0.0,4,2024-10-01 03:00:00
PMGD PFV SOL DEL MAULE,PMGD PFV Sol del Maule,Solar,(en blanco),Región del Maule,ernc,1.0,0.0,16.055404992925034,0.0,4,2024-10-01 03:00:00
PMGD PFV LOCKMA,PMGD PFV Lockma,Solar,(en blanco),Región de Antofagasta,ernc,1.0,0.0,70.90576228838454,0.0,4,2024-10-01 03:00:00
PMGD PFV DON RODRIGO,PMGD PFV Don Rodrigo,Solar,(en blanco),Región del Maule,ernc,1.0,0.0,34.030322769630075,0.0,4,2024-10-01 03:00:00
PMGD PFV REN,PMGD PFV REN,Solar,(en blanco),Región de la Araucanía,ernc,1.0,0.0,38.07010946899295,0.0,4,2024-10-01 03:00:00
PMGD PFV PARQUE SOLAR NANCAGUA,PMGD PFV NANCAGUA,Solar,(en blanco),Región de O'Higgins,ernc,1.0,0.0,38.16662038696212,0.0,4,2024-10-01 03:00:00
PMGD PFV CARANCA SOLAR [EN_REVISION],PMGD PFV CARANCA SOLAR,Solar,(en blanco),Región de Atacama,ernc,1.0,0.0,0.0,0.0,4,2024-10-01 03:00:00
PE ATACAMA,PE ATACAMA,Eólica,(en blanco),Región de Atacama,ernc,1.0,0.0,2132.1656819817044,60.413879068243716,4,2024-10-01 03:00:00
BESS Salvador,BESS Salvador (retiro),Bess,(en blanco),Región de Atacama,ernc,1.0,0.0,278.51439926871495,0.2940577285357468,4,2024-10-01 03:00:00
BESS Salvador,BESS Salvador (inyección),Bess,(en blanco),Región de Atacama,ernc,1.0,0.0,284.72351398496016,0.8642771981441029,4,2024-10-01 03:00:00
TER HORCONES,Horcones TG,Térmica,Gas Natural,Región del Bío-Bío,convencional,0.0,0.0,0.0,0.0,4,2024-10-01 03:00:00
PMGD PFV SANTA LUCIA,PMGD PFV Santa Lucía,Solar,(en blanco),Región de Coquimbo,ernc,1.0,0.0,51.666459735461096,0.0,4,2024-10-01 03:00:00
PMGD PFV DOÑA IGNA,PMGD PFV Doña Igna,Solar,(en blanco),Región Metropolitana,ernc,1.0,0.0,15.665202832839425,0.0,4,2024-10-01 03:00:00
TER DEGAÑ,Degañ Nave 5,Térmica,Diésel,Región de los Lagos,convencional,0.0,0.0,0.0,0.0,4,2024-10-01 03:00:00
TER HORNITOS,TER HORNITOS,Térmica,Carbón,Región de Antofagasta,convencional,0.0,0.0,0.0,0.0,4,2024-10-01 03:00:00
PMGD PFV RUCAPAINE,PMGD PFV Rucapaine,Solar,(en blanco),Región Metropolitana,ernc,1.0,0.0,53.94514205696381,0.0,4,2024-10-01 03:00:00
TER HUASCO,Huasco TG,Térmica,Diésel,Región de Atacama,convencional,0.0,0.0,0.0,0.0,4,2024-10-01 03:00:00
TER HUASCO,Huasco TG IFO,Térmica,Fuel Oil,Región de Atacama,convencional,0.0,0.0,0.0,0.0,4,2024-10-01 03:00:00
PMGD PFV EA SF GRANEROS [En_Revision],PMGD PFV EA SF Graneros,Solar,(en blanco),Región Metropolitana,ernc,1.0,0.0,10.907202536697426,0.0,4,2024-10-01 03:00:00
TER IEM,TER IEM,Térmica,Carbón,Región de Antofagasta,convencional,0.0,0.0,0.0,0.0,4,2024-10-01 03:00:00
BESS PFV COYA,BESS COYA (Inyección),Bess,(en blanco),Región de Antofagasta,ernc,1.0,0.0,515.058836170252,0.0,4,2024-10-01 03:00:00
PMGD PFV PSF EL PERAL,PMGD PFV PSF El Peral,Solar,(en blanco),Región Metropolitana,ernc,1.0,0.0,48.96481509273572,0.0,4,2024-10-01 03:00:00
TER DEGAÑ,Degañ Nave 1+2,Térmica,Diésel,Región de los Lagos,convencional,0.0,0.0,0.0,0.0,4,2024-10-01 03:00:00
TER CORONEL,Coronel TG GNL,Térmica,Gas Natural,Región del Bío-Bío,convencional,0.0,0.0,0.0,0.0,4,2024-10-01 03:00:00
PMGD TER LOS PINOS,PMGD TER Los Pinos,Térmica,Diésel,Región del Bío-Bío,convencional,0.0,0.0,27.850021592924115,1.159091221697137,4,2024-10-01 03:00:00
TER KELAR,KELAR TG1 (Diesel),Térmica,Diésel,Región de Antofagasta,convencional,0.0,0.0,0.0,0.0,4,2024-10-01 03:00:00
PMGD PFV EL RAYADOR,PMGD PFV El Rayador,Solar,(en blanco),Región Metropolitana,ernc,1.0,0.0,84.19738085143472,0.0,4,2024-10-01 03:00:00
PFV RUCASOL [EN_REVISION],PFV RUCASOL,Solar,(en blanco),Región Metropolitana,ernc,1.0,0.0,0.0,0.0,4,2024-10-01 03:00:00
PMGD PFV EL CHERCAN,PMGD PFV El Chercan,Solar,(en blanco),Región del Maule,ernc,1.0,0.0,50.908223097746365,0.0,4,2024-10-01 03:00:00
PMGD PFV PARQUE PVP ITIHUE,PMGD PFV Parque PVP Itihue,Solar,(en blanco),Región de Ñuble,ernc,1.0,0.0,58.12455052102003,0.0,4,2024-10-01 03:00:00
TER CORONEL,Coronel TG Gas Natural,Térmica,Gas Natural,Región del Bío-Bío,convencional,0.0,0.0,0.0,0.0,4,2024-10-01 03:00:00
PMGD PFV SIETE COLORES,PMGD PFV Siete Colores,Solar,(en blanco),Región de Coquimbo,ernc,1.0,0.0,48.289423247060896,0.0,4,2024-10-01 03:00:00
TER HORCONES,Horcones Diésel,Térmica,Diésel,Región del Bío-Bío,convencional,0.0,0.0,0.0,0.0,4,2024-10-01 03:00:00
PMGD PFV PARQUE EL TRIGAL,PMGD PFV El Trigal,Solar,(en blanco),Región de Ñuble,ernc,1.0,0.0,26.229987263129807,0.0,4,2024-10-01 03:00:00
TER ESPERANZA,TER ESPERANZA-TG1,Térmica,Diésel,Región de O'Higgins,convencional,0.0,0.0,0.0,0.0,4,2024-10-01 03:00:00
TER GUACOLDA,Guacolda 1,Térmica,Carbón,Región de Atacama,convencional,0.0,0.0,2356.7316147090423,138.3575885650338,4,2024-10-01 03:00:00
PMGD PFV YAHUTELA,PMGD PFV Yahutela,Solar,(en blanco),Región de Valparaíso,ernc,1.0,0.0,46.15253803374688,0.0,4,2024-10-01 03:00:00
PMGD PFV CORSO,PMGD PFV Corso,Solar,(en blanco),Región de Atacama,ernc,1.0,0.0,28.893382190270056,0.0,4,2024-10-01 03:00:00
TER GUACOLDA,Guacolda 2,Térmica,Carbón,Región de Atacama,convencional,0.0,0.0,0.0,0.0,4,2024-10-01 03:00:00
PMGD PFV PARQUE SOLAR CANTILLANA,PMGD PFV CANTILLANA,Solar,(en blanco),Región Metropolitana,ernc,1.0,0.0,0.0,0.0,4,2024-10-01 03:00:00
PE LOS CERRILLOS,PE Los Cerrillos,Eólica,(en blanco),Región de O'Higgins,ernc,1.0,0.0,213.34964282414057,0.300168329255931,4,2024-10-01 03:00:00
PMGD PFV PARQUE LA TRAVESIA,PMGD PFV Parque La Travesía,Solar,(en blanco),Región de Atacama,ernc,1.0,0.0,1.7209944144799412,0.0,4,2024-10-01 03:00:00
TER GUACOLDA,Guacolda 3,Térmica,Carbón,Región de Atacama,convencional,0.0,0.0,2536.152230716287,154.32654368144935,4,2024-10-01 03:00:00
TER EMELDA,Emelda 2,Térmica,Diésel,Región de Atacama,convencional,0.0,0.0,0.0,0.0,4,2024-10-01 03:00:00
PMGD PFV GUARANA,PMGD PFV GUARANA,Solar,(en blanco),Región de O'Higgins,ernc,1.0,0.0,11.607105822868094,0.0,4,2024-10-01 03:00:00
TER EMELDA,Emelda 1,Térmica,Diésel,Región de Atacama,convencional,0.0,0.0,0.0,0.0,4,2024-10-01 03:00:00
TER GUACOLDA,Guacolda 4,Térmica,Carbón,Región de Atacama,convencional,0.0,0.0,2298.518970055341,135.02572011029295,4,2024-10-01 03:00:00
TER EL TOTORAL,El Totoral,Térmica,Diésel,Región de Valparaíso,convencional,0.0,0.0,0.0,0.0,4,2024-10-01 03:00:00
TER EL SALVADOR,El Salvador TG,Térmica,Diésel,Región de Atacama,convencional,0.0,0.0,0.0,0.0,4,2024-10-01 03:00:00
HP PILMAIQUEN,HE Pilmaiquén,Hidráulica,Pasada,Región de los Ríos,convencional,0.0,0.0,610.7224827041172,24.8039096075151,4,2024-10-01 03:00:00
PMGD PFV MACARENA SOLAR,PMGD PFV Macarena Solar,Solar,(en blanco),Región Metropolitana,ernc,1.0,0.0,2.3143054388365467,0.0,4,2024-10-01 03:00:00
TER GUACOLDA,Guacolda 5,Térmica,Carbón,Región de Atacama,convencional,0.0,0.0,1390.3196674476214,154.76679056435805,4,2024-10-01 03:00:00
TER DIEGO DE ALMAGRO,Diego de Almagro,Térmica,Diésel,Región de Atacama,convencional,0.0,0.0,0.0,0.0,4,2024-10-01 03:00:00
PFV CARACAS II,PFV CARACAS II,Solar,(en blanco),Región de Coquimbo,ernc,1.0,0.0,84.92447662088408,0.0,4,2024-10-01 03:00:00
PMGD PFV PARQUE EL INGENIO,PMGD PFV El Ingenio,Solar,(en blanco),Región de Valparaíso,ernc,1.0,0.0,19.47895518121116,0.0,4,2024-10-01 03:00:00
PMGD PFV PARQUE SOLAR JOTABECHE,PMGD PFV Parque Jotabeche,Solar,(en blanco),Región de Atacama,ernc,1.0,0.0,33.39586750668945,0.0,4,2024-10-01 03:00:00
TER KELAR,KELAR TG2 (Diesel),Térmica,Diésel,Región de Antofagasta,convencional,0.0,0.0,0.0,0.0,4,2024-10-01 03:00:00
TER CORONEL,Coronel TG Diésel,Térmica,Diésel,Región del Bío-Bío,convencional,0.0,0.0,0.0,0.0,4,2024-10-01 03:00:00
TER KELAR,KELAR TG1 + 0.5 TV (GNL),Térmica,Gas Natural,Región de Antofagasta,convencional,0.0,0.0,0.0,0.0,4,2024-10-01 03:00:00
BESS Nueva Imperial,BESS Nueva Imperial (Inyección),Bess,(en blanco),Región de la Araucanía,convencional,0.0,0.0,0.0,0.0,4,2024-10-01 03:00:00
PMGD PFV LOS CISNES,PMGD PFV Los Cisnes,Solar,(en blanco),Región Metropolitana,ernc,1.0,0.0,44.876598192145806,0.0,4,2024-10-01 03:00:00
TER KELAR,KELAR TG1 + 0.5 TV (Gas Arg),Térmica,Gas Natural,Región de Antofagasta,convencional,0.0,0.0,0.0,0.0,4,2024-10-01 03:00:00
TER KELAR,KELAR TG1 (Gas Arg),Térmica,Gas Natural,Región de Antofagasta,convencional,0.0,0.0,0.0,0.0,4,2024-10-01 03:00:00
PMGD PFV VIOLETA,PMGD PFV Violeta,Solar,(en blanco),Región Metropolitana,ernc,1.0,0.0,37.55708109597165,0.0,4,2024-10-01 03:00:00
PMGD PFV LIMA,PMGD PFV Lima,Solar,(en blanco),Región Metropolitana,ernc,1.0,0.0,16.21703271698334,0.0,4,2024-10-01 03:00:00
TER COLIHUES,TER COLIHUES (HFO),Térmica,Fuel Oil,Región de O'Higgins,convencional,0.0,0.0,0.0,0.0,4,2024-10-01 03:00:00
PMGD PFV EL CARPINTERO,PMGD PFV El Carpintero,Solar,(en blanco),Región del Maule,ernc,1.0,0.0,60.39483853093664,0.0,4,2024-10-01 03:00:00
TER KELAR,KELAR TG1 + TG2 + TV (Gas Arg),Térmica,Gas Natural,Región de Antofagasta,convencional,0.0,0.0,0.0,0.0,4,2024-10-01 03:00:00
TER COCHRANE,CCR2 (Carbon),Térmica,Carbón,Región de Antofagasta,convencional,0.0,0.0,4450.725890820368,275.0242288752592,4,2024-10-01 03:00:00
PMGD PFV INDEPENDENCIA,PMGD PFV Independencia,Solar,(en blanco),Región Metropolitana,ernc,1.0,0.0,19.210330058845184,0.0,4,2024-10-01 03:00:00
PMGD PFV EA MAITEN [En_Revision],PMGD PFV Ea Maiten,Solar,(en blanco),Región Metropolitana,ernc,1.0,0.0,17.644053603946023,0.0,4,2024-10-01 03:00:00
PMGD PFV SAN RAFAEL,PMGD PFV San Rafael,Solar,(en blanco),Región del Maule,ernc,1.0,0.0,7.595384246945574,0.0,4,2024-10-01 03:00:00
TER KELAR,KELAR TG2 + 0.5 TV (Gas Arg),Térmica,Gas Natural,Región de Antofagasta,convencional,0.0,0.0,0.0,0.0,4,2024-10-01 03:00:00
PMGD PFV ROSARIO,PMGD PFV Rosario,Solar,(en blanco),Región de O'Higgins,ernc,1.0,0.0,0.0,0.0,4,2024-10-01 03:00:00
TER TOCOPILLA,U16-TG + U16-TV Gas Arg,Térmica,Gas Natural,Región de Antofagasta,convencional,0.0,0.0,0.0,0.0,4,2024-10-01 03:00:00
TER KELAR,KELAR TG2 (Gas Arg),Térmica,Gas Natural,Región de Antofagasta,convencional,0.0,0.0,0.0,0.0,4,2024-10-01 03:00:00
PMGD PFV NAN,PMGD PFV Nan,Solar,(en blanco),Región de O'Higgins,ernc,1.0,0.0,26.65242214357271,0.0,4,2024-10-01 03:00:00
PMGD PFV TIERRA,PMGD PFV Tierra,Solar,(en blanco),Región de Atacama,ernc,1.0,0.0,39.76306657763218,0.0,4,2024-10-01 03:00:00
TER LA PORTADA,TECNET_1_6,Térmica,Diésel,Región de Antofagasta,convencional,0.0,0.0,0.0,0.0,4,2024-10-01 03:00:00
TER COLIHUES,TER COLIHUES (Diésel),Térmica,Diésel,Región de O'Higgins,convencional,0.0,0.0,0.0,0.0,4,2024-10-01 03:00:00
TER KELAR,KELAR TG1 + TG2 + TV (Diesel),Térmica,Diésel,Región de Antofagasta,convencional,0.0,0.0,0.0,0.0,4,2024-10-01 03:00:00
PE PUNTA DE TALCA [En_Revision],PE PUNTA DE TALCA,Eólica,(en blanco),Región Metropolitana,ernc,1.0,0.0,982.85116609367,8.134561722835732,4,2024-10-01 03:00:00
TER COLMITO,TER Colmito Gas Argentino,Térmica,Gas Natural,Región de Valparaíso,convencional,0.0,0.0,180.55125004744252,0.0,4,2024-10-01 03:00:00
PMGD PFV CLEMENTINA,PMGD PFV Clementina,Solar,(en blanco),Región Metropolitana,ernc,1.0,0.0,42.275496630757715,0.0,4,2024-10-01 03:00:00
PE MANANTIALES,PE Manantiales,Eólica,(en blanco),Región de O'Higgins,ernc,1.0,0.0,120.41752808650432,0.24013466340474482,4,2024-10-01 03:00:00
TER KELAR,KELAR TG1 (GNL),Térmica,Gas Natural,Región de Antofagasta,convencional,0.0,0.0,0.0,0.0,4,2024-10-01 03:00:00
PFV VENEZIA SOLAR [EN_REVISION],PFV VENEZIA SOLAR,Solar,(en blanco),Región del Maule,ernc,1.0,0.0,18.370301750462982,0.0,4,2024-10-01 03:00:00
PMGD PFV LAS TAGUAS,PMGD PFV Las Taguas,Solar,(en blanco),Región de Coquimbo,ernc,1.0,0.0,83.79571065126872,0.0,4,2024-10-01 03:00:00
TER COLMITO,TER Colmito GNL,Térmica,Gas Natural,Región de Valparaíso,convencional,0.0,0.0,0.0,0.0,4,2024-10-01 03:00:00
TER KELAR,KELAR TG1 + 0.5 TV (Diesel),Térmica,Diésel,Región de Antofagasta,convencional,0.0,0.0,0.0,0.0,4,2024-10-01 03:00:00
HP LA CONFIANZA  [EN_REVISION],La Confianza,Hidráulica,Pasada,Región del Bío-Bío,ernc,1.0,0.0,36.060221954612494,1.500841646279655,4,2024-10-01 03:00:00
PMGD PFV EL MIRLO,PMGD PFV El Mirlo,Solar,(en blanco),Región de O'Higgins,ernc,1.0,0.0,47.8539099604719,0.0,4,2024-10-01 03:00:00
BESS Nueva Imperial,BESS Nueva Imperial (Retiro),Bess,(en blanco),Región de la Araucanía,convencional,0.0,0.0,0.0,0.0,4,2024-10-01 03:00:00
PMGD PFV LOS NOGALES,PMGD PFV Los Nogales,Solar,(en blanco),Región de Coquimbo,ernc,1.0,0.0,38.02064961695538,0.0,4,2024-10-01 03:00:00
TER KELAR,KELAR TG1 + TG2 + TV (GNL),Térmica,Gas Natural,Región de Antofagasta,convencional,0.0,0.0,0.0,0.0,4,2024-10-01 03:00:00
TER KELAR,KELAR TG2 (GNL),Térmica,Gas Natural,Región de Antofagasta,convencional,0.0,0.0,0.0,0.0,4,2024-10-01 03:00:00
PFV PMG LLANCAY [En_Revision],PFV PMG LLANCAY,Solar,(en blanco),Región Metropolitana,ernc,1.0,0.0,0.0,0.0,4,2024-10-01 03:00:00
PMGD PFV OLIVIER,PMGD PFV Olivier,Solar,(en blanco),Región de Coquimbo,ernc,1.0,0.0,23.028658277086336,0.0,4,2024-10-01 03:00:00
TER COLMITO,TER Colmito Diésel,Térmica,Diésel,Región de Valparaíso,convencional,0.0,0.0,0.0,0.0,4,2024-10-01 03:00:00
PMGD TER DIESEL COYA,PMGD TER Diesel Coya,Térmica,Diésel,Región Metropolitana,convencional,0.0,0.0,0.0,0.0,4,2024-10-01 03:00:00
TER KELAR,KELAR TG2 + 0.5 TV (Diesel),Térmica,Diésel,Región de Antofagasta,convencional,0.0,0.0,0.0,0.0,4,2024-10-01 03:00:00
PMGD PFV RIMINI,PMGD PFV Rimini,Solar,(en blanco),Región de Valparaíso,ernc,1.0,0.0,71.22748493012959,0.0,4,2024-10-01 03:00:00
BESS Andes Solar IIA,BESS Andes Solar IIA (inyección),Bess,(en blanco),Región de Antofagasta,ernc,0.95,0.0,171.67122892764976,0.41730772272070743,4,2024-10-01 03:00:00
PE RENAICO II,PE Renaico II,Eólica,(en blanco),Región de la Araucanía,ernc,1.0,0.0,392.6501914996835,15.958949505440332,4,2024-10-01 03:00:00
TER KELAR,KELAR TG2 + 0.5 TV (GNL),Térmica,Gas Natural,Región de Antofagasta,convencional,0.0,0.0,0.0,0.0,4,2024-10-01 03:00:00
PMGD PFV CABRERO SOLAR,PMGD PFV Cabrero,Solar,(en blanco),Región del Bío-Bío,ernc,1.0,0.0,45.80953345685725,0.0,4,2024-10-01 03:00:00
PMGD PFV LIQUIDAMBAR,PMGD PFV Liquidambar,Solar,(en blanco),Región de Valparaíso,ernc,1.0,0.0,68.98486349085178,0.0,4,2024-10-01 03:00:00
BESS Uribe Solar,BESS Uribe Solar (retiro),Bess,(en blanco),Región de Antofagasta,ernc,1.0,0.0,3.0326576502483844,0.0028483973324192812,4,2024-10-01 03:00:00
TER CALLE CALLE,Calle Calle,Térmica,Diésel,Región de los Ríos,convencional,0.0,0.0,0.0,0.0,4,2024-10-01 03:00:00
PMGD PFV MITCHI,PMGD PFV MITCHI,Solar,(en blanco),Región de Antofagasta,ernc,1.0,0.0,0.0,0.0,4,2024-10-01 03:00:00
PMGD PFV LAS BANDURRIAS,PMGD PFV Las Bandurrias,Solar,(en blanco),Región del Maule,ernc,1.0,0.0,3.155391014816308,0.0,4,2024-10-01 03:00:00
TER SAN ISIDRO,San Isidro Diésel,Térmica,Diésel,Región de Valparaíso,convencional,0.0,0.0,0.0,0.0,4,2024-10-01 03:00:00
PFV GRAN TENO,PFV GRAN TENO,Solar,(en blanco),Región del Maule,ernc,1.0,0.0,759.5959684040839,0.0,4,2024-10-01 03:00:00
TER SAN ISIDRO,San Isidro GNL,Térmica,Gas Natural,Región de Valparaíso,convencional,0.0,0.0,0.0,0.0,4,2024-10-01 03:00:00
TER SAN ISIDRO,San Isidro Gas Arg,Térmica,Gas Natural,Región de Valparaíso,convencional,0.0,0.0,2764.990559330033,369.4171628152743,4,2024-10-01 03:00:00
PMGD PFV POCILLAS,PMGD PFV Pocillas,Solar,(en blanco),Región del Maule,ernc,1.0,0.0,17.116126893692467,0.0,4,2024-10-01 03:00:00
TER ATACAMA,Atacama TG2A + TG2B + TV2C Gas Arg,Térmica,Gas Natural,Región de Antofagasta,convencional,0.0,0.0,0.0,0.0,4,2024-10-01 03:00:00
PMGD PFV COLTAUCO ALMENDRO,PMGD PFV Coltauco Almendro,Solar,(en blanco),Región de O'Higgins,ernc,1.0,0.0,13.736935334965755,0.0,4,2024-10-01 03:00:00
PMGD PFV COLINA,PMGD PFV Colina,Solar,(en blanco),Región Metropolitana,ernc,1.0,0.0,74.94680590280385,0.0,4,2024-10-01 03:00:00
PFV ELENA,PFV ELENA,Solar,(en blanco),Región de Antofagasta,ernc,1.0,0.0,340.8111210371841,0.0,4,2024-10-01 03:00:00
PMGD PFV CONCON,PMGD PFV Abastible Concon,Solar,(en blanco),Región de Valparaíso,ernc,1.0,0.0,0.0,0.0,4,2024-10-01 03:00:00
HE RAPEL,RAPEL,Hidráulica,Embalse,Región de O'Higgins,convencional,0.0,0.0,2659.5655647539375,156.59541602618518,4,2024-10-01 03:00:00
PMGD PFV PARQUE FAROL SOLAR,PMGD PFV Parque Farol Solar,Solar,(en blanco),Región de Antofagasta,ernc,1.0,0.0,10.602494367276913,0.0,4,2024-10-01 03:00:00
TER SAN ISIDRO II,San Isidro II Diésel,Térmica,Diésel,Región de Valparaíso,convencional,0.0,0.0,0.0,0.0,4,2024-10-01 03:00:00
PFV DON HUMBERTO [EN_REVISION],PFV DON HUMBERTO,Solar,(en blanco),Región Metropolitana,ernc,1.0,0.0,106.90995326998741,0.0,4,2024-10-01 03:00:00
PFV LAS SALINAS,PFV LAS SALINAS,Solar,(en blanco),Región de Antofagasta,ernc,1.0,0.0,1021.8730488969412,0.0,4,2024-10-01 03:00:00
TER ATACAMA,Atacama TG1A Gas Arg,Térmica,Gas Natural,Región de Antofagasta,convencional,0.0,0.0,0.0,0.0,4,2024-10-01 03:00:00
TER SAN GREGORIO,San Gregorio,Térmica,Diésel,Región de Ñuble,convencional,0.0,0.0,0.0,0.0,4,2024-10-01 03:00:00
TER SAN ISIDRO II,San Isidro II GNL,Térmica,Gas Natural,Región de Valparaíso,convencional,0.0,0.0,0.0,0.0,4,2024-10-01 03:00:00
PMGD PFV LO MIGUEL,PMGD PFV Lo Miguel,Solar,(en blanco),Región de O'Higgins,ernc,1.0,0.0,29.486412159115545,0.0,4,2024-10-01 03:00:00
PFV CASTILLA,PFV CASTILLA,Solar,(en blanco),Región de Atacama,ernc,1.0,0.0,25.40424626602696,0.0,4,2024-10-01 03:00:00
PMGD PFV RCU (RTN),PMGD PFV Rcu,Solar,(en blanco),Región del Maule,ernc,1.0,0.0,23.86685689911178,0.0,4,2024-10-01 03:00:00
PMGD PFV PSF LA GAMBOINA,PMGD PFV La Gamboina,Solar,(en blanco),Región de O'Higgins,ernc,1.0,0.0,22.548577362435157,0.0,4,2024-10-01 03:00:00
TER QUINTERO,Quintero TG 1A Diésel,Térmica,Diésel,Región de Valparaíso,convencional,0.0,0.0,0.0,0.0,4,2024-10-01 03:00:00
PMGD PFV MAIKONO,PMGD PFV Maikono,Solar,(en blanco),Región de Valparaíso,ernc,1.0,0.0,22.351980947234015,0.0,4,2024-10-01 03:00:00
TER QUINTERO,Quintero TG 1A GNL,Térmica,Gas Natural,Región de Valparaíso,convencional,0.0,0.0,0.0,0.0,4,2024-10-01 03:00:00
PMGD PFV CHAÑAR DEL VERANO,PMGD PFV Chañar del Verano,Solar,(en blanco),Región de Antofagasta,ernc,1.0,0.0,17.0948314923963,0.0,4,2024-10-01 03:00:00
PE LA CABAÑA,PE LA CABAÑA,Eólica,(en blanco),Región de la Araucanía,ernc,1.0,0.0,507.6746952705561,20.801665217436017,4,2024-10-01 03:00:00
TER QUINTERO,Quintero TG 1B Diésel,Térmica,Diésel,Región de Valparaíso,convencional,0.0,0.0,0.0,0.0,4,2024-10-01 03:00:00
PMGD PFV LA PAZ,PMGD PFV La Paz,Solar,(en blanco),Región Metropolitana,ernc,1.0,0.0,62.06278565730632,0.0,4,2024-10-01 03:00:00
PE HORIZONTE [EN_REVISION],PE Horizonte,Eólica,(en blanco),Región de Antofagasta,ernc,1.0,0.0,79.74471947232567,10.806059853213517,4,2024-10-01 03:00:00
PMGD PFV MALVILLA,PMGD-PFV-Malvilla,Solar,(en blanco),Región de Valparaíso,ernc,1.0,0.0,19.066604497713108,0.0,4,2024-10-01 03:00:00
TER QUINTERO,Quintero TG 1B GNL,Térmica,Gas Natural,Región de Valparaíso,convencional,0.0,0.0,0.0,0.0,4,2024-10-01 03:00:00
PMGD PFV PELUMPEN SOLAR,PMGD PFV Pelumpen,Solar,(en blanco),Región de Valparaíso,ernc,1.0,0.0,22.45157233307679,0.0,4,2024-10-01 03:00:00
TER QUINTERO,Quintero TG 1A Gas Arg,Térmica,Gas Natural,Región de Valparaíso,convencional,0.0,0.0,66.03703243630483,0.0,4,2024-10-01 03:00:00
TER NEHUENCO II,Nehuenco II GNL,Térmica,Gas Natural,Región de Valparaíso,convencional,0.0,0.0,0.0,0.0,4,2024-10-01 03:00:00
TER CAMPICHE,Campiche,Térmica,Carbón,Región de Valparaíso,convencional,0.0,0.0,2317.299501855787,268.15037413529836,4,2024-10-01 03:00:00
PE LLANOS DEL  VIENTO,llanos del viento,Eólica,(en blanco),Región de Antofagasta,ernc,1.0,0.0,825.6430064513638,0.0,4,2024-10-01 03:00:00
PMGD PFV LENGA SOLAR [EN_REVISION],PMGD PFV LENGA SOLAR,Solar,(en blanco),Región del Bío-Bío,ernc,1.0,0.0,9.288918075599499,0.0,4,2024-10-01 03:00:00
TER QUINTERO,Quintero TG 1B Gas Arg,Térmica,Gas Natural,Región de Valparaíso,convencional,0.0,0.0,105.05891523957585,0.0,4,2024-10-01 03:00:00
PMGD PFV TRANQUE DEL SOL,PMGD PFV Tranque del Sol,Solar,(en blanco),Región de Valparaíso,ernc,1.0,0.0,78.80383181704985,0.0,4,2024-10-01 03:00:00
TER SAN ISIDRO II,San Isidro II Gas Arg,Térmica,Gas Natural,Región de Valparaíso,convencional,0.0,0.0,6459.112159427898,365.5850138117736,4,2024-10-01 03:00:00
PMGD PFV SAMO BAJO,PMGD PFV SAMO BAJO,Solar,(en blanco),Región de Coquimbo,ernc,1.0,0.0,14.177064790923435,0.0,4,2024-10-01 03:00:00
PMGD PFV CAÑONES SUNLIGHT,PMGD PFV CAÑONES SUNLIGHT,Solar,(en blanco),Región de Valparaíso,ernc,1.0,0.0,66.46318237158683,0.0,4,2024-10-01 03:00:00
PMGD PFV EL CARDENAL,PMGD PFV El Cardenal,Solar,(en blanco),Región de O'Higgins,ernc,1.0,0.0,20.51429039275825,0.0,4,2024-10-01 03:00:00
TER TALTAL,Taltal 2 GNL,Térmica,Gas Natural,Región de Antofagasta,convencional,0.0,0.0,227.1273691369878,0.0,4,2024-10-01 03:00:00
PFV MACHICURA,PFV Machicura,Solar,(en blanco),Región del Maule,ernc,1.0,0.0,52.229289290531995,0.0,4,2024-10-01 03:00:00
TER ATACAMA,Atacama TG2B + 0.5TV2C Gas Arg,Térmica,Gas Natural,Región de Antofagasta,convencional,0.0,0.0,0.0,0.0,4,2024-10-01 03:00:00
PMGD PFV ARICA,PMGD PFV Arica,Solar,(en blanco),Arica y Parinacota,ernc,1.0,0.0,48.67952099919633,0.0,4,2024-10-01 03:00:00
TER ATACAMA,Atacama TG1B + 0.5TV1C Gas Arg,Térmica,Gas Natural,Región de Antofagasta,convencional,0.0,0.0,0.0,0.0,4,2024-10-01 03:00:00
PMGD PFV VILLA MOSCOSO,PMGD PFV Villa Moscoso,Solar,(en blanco),Región de Valparaíso,ernc,1.0,0.0,15.92335946245403,0.0,4,2024-10-01 03:00:00
TER TALTAL,Taltal 1 Gas Arg,Térmica,Gas Natural,Región de Antofagasta,convencional,0.0,0.0,0.0,0.0,4,2024-10-01 03:00:00
PFV MANZANO,PFV El Manzano,Solar,(en blanco),Región Metropolitana,ernc,1.0,0.0,359.9818716656628,0.0,4,2024-10-01 03:00:00
PMGD PFV PARQUE SOLAR ALCALDESA,PFV Alcaldesa,Solar,(en blanco),Región de Ñuble,ernc,1.0,0.0,35.06176908595137,0.0,4,2024-10-01 03:00:00
PFV TAMANGO,PFV TAMANGO,Solar,(en blanco),Región del Maule,ernc,1.0,0.0,138.47765589673617,0.0,4,2024-10-01 03:00:00
PMGD PFV FLORENCIA SOLAR,PMGD PFV Florencia Solar,Solar,(en blanco),Región de Coquimbo,ernc,1.0,0.0,78.49666577299537,0.0,4,2024-10-01 03:00:00
TER TALTAL,Taltal 2 Gas Arg,Térmica,Gas Natural,Región de Antofagasta,convencional,0.0,0.0,0.0,0.0,4,2024-10-01 03:00:00
TER ATACAMA,Atacama TG2A + 0.5TV2C Gas Arg,Térmica,Gas Natural,Región de Antofagasta,convencional,0.0,0.0,0.0,0.0,4,2024-10-01 03:00:00
PMGD PFV TAMARAMA [En_Revision],PMGD PFV TAMARAMA,Solar,(en blanco),Región de Atacama,ernc,1.0,0.0,15.585676704949513,0.0,4,2024-10-01 03:00:00
TER TENO,TER TENO,Térmica,Diésel,Región del Maule,convencional,0.0,0.0,27.085188909860175,0.0,4,2024-10-01 03:00:00
PMGD PFV MAITENLAHUE,PMGD PFV Maitenlahue,Solar,(en blanco),Región Metropolitana,ernc,1.0,0.0,22.199667372391,0.0,4,2024-10-01 03:00:00
PMGD PFV GRANATE,PMGD PFV Granate,Solar,(en blanco),Región de Coquimbo,ernc,1.0,0.0,82.88780515662347,0.0,4,2024-10-01 03:00:00
TER TENO GAS,Teno Gas 50,Térmica,Diésel,Región del Maule,convencional,0.0,0.0,30.126894646320277,0.0,4,2024-10-01 03:00:00
HP MC3,HP MC3,Hidráulica,Pasada,Región de los Lagos,ernc,1.0,0.0,55.34103430381845,2.311296135270669,4,2024-10-01 03:00:00
PMGD PFV EL INTERLOCUTOR,PMGD PFV El Interlocutor,Solar,(en blanco),Región Metropolitana,ernc,1.0,0.0,0.9999806806319242,0.0,4,2024-10-01 03:00:00
TER TALTAL,Taltal 2 Diésel,Térmica,Diésel,Región de Antofagasta,convencional,0.0,0.0,0.0,0.0,4,2024-10-01 03:00:00
PMGD PFV DON MATIAS,PMGD PFV Don Matías,Solar,(en blanco),Región de O'Higgins,ernc,1.0,0.0,17.027379629147113,0.0,4,2024-10-01 03:00:00
PMGD PFV FULGOR,PMGD PFV Fulgor,Solar,(en blanco),Región del Bío-Bío,ernc,1.0,0.0,17.602790518114492,0.0,4,2024-10-01 03:00:00
PMGD PFV ALBOR SOLAR,PMGD PFV Albor Solar,Solar,(en blanco),Región del Bío-Bío,ernc,1.0,0.0,30.213817327770695,0.0,4,2024-10-01 03:00:00
TER SAN LORENZO DE D. DE ALMAGRO,TER SAN LORENZO U1,Térmica,Diésel,Región de Atacama,convencional,0.0,0.0,0.0,0.0,4,2024-10-01 03:00:00
TER ATACAMA,Atacama TG1A + 0.5TV1C Gas Arg,Térmica,Gas Natural,Región de Antofagasta,convencional,0.0,0.0,0.0,0.0,4,2024-10-01 03:00:00
PMGD PFV MAIMALICAN,PMGD PFV Maimalicán,Solar,(en blanco),Región de Coquimbo,ernc,1.0,0.0,71.95565079076778,0.0,4,2024-10-01 03:00:00
TER SAN LORENZO DE D. DE ALMAGRO,TER SAN LORENZO U2,Térmica,Diésel,Región de Atacama,convencional,0.0,0.0,0.0,0.0,4,2024-10-01 03:00:00
TER SAN LORENZO DE D. DE ALMAGRO,TER SAN LORENZO U3,Térmica,Diésel,Región de Atacama,convencional,0.0,0.0,0.0,0.0,4,2024-10-01 03:00:00
PMGD PFV JAVIERA CARRERA,PMGD PFV Javiera Carrera,Solar,(en blanco),Región Metropolitana,ernc,1.0,0.0,44.52475528647282,0.0,4,2024-10-01 03:00:00
PMGD PFV ALBATROS,PMGD PFV Albatros,Solar,(en blanco),Región del Maule,ernc,1.0,0.0,8.235964119262208,0.0,4,2024-10-01 03:00:00
TER CANDELARIA,Candelaria 1 GNL,Térmica,Gas Natural,Región de O'Higgins,convencional,0.0,0.0,0.0,0.0,4,2024-10-01 03:00:00
TER SANTA LIDIA,Santa Lidia,Térmica,Diésel,Región del Bío-Bío,convencional,0.0,0.0,0.0,0.0,4,2024-10-01 03:00:00
PMGD PFV LOS ROBLES,PMGD PFV Los Robles,Solar,(en blanco),Región del Maule,ernc,1.0,0.0,12.395936326098402,0.0,4,2024-10-01 03:00:00
PE PUELCHE SUR,puelche sur,Eólica,(en blanco),Región de los Lagos,ernc,1.0,0.0,602.9581285873638,39.10192769107261,4,2024-10-01 03:00:00
PFV CHERCAN SOLAR,PFV CHERCÁN SOLAR,Solar,(en blanco),Región de Coquimbo,ernc,1.0,0.0,74.57181859814845,0.0,4,2024-10-01 03:00:00
TER SANTA MARTA,Santa Marta,Térmica,BioGas,Región Metropolitana,ernc,1.0,0.0,143.88068582334296,10.005610975197701,4,2024-10-01 03:00:00
PMGD TER CENTRAL DE RESPALDO TIGRE,PMGD TER Central Tigre,Térmica,Diésel,Región Metropolitana,convencional,0.0,0.0,0.0,0.0,4,2024-10-01 03:00:00
TER TALTAL,Taltal 1 Diésel,Térmica,Diésel,Región de Antofagasta,convencional,0.0,0.0,0.0,0.0,4,2024-10-01 03:00:00
PFV TENO SOLAR,PFV TENO SOLAR,Solar,(en blanco),Región del Maule,ernc,1.0,0.0,50.59837470157477,0.0,4,2024-10-01 03:00:00
PE CARDONAL,Pe Cardonal,Eólica,(en blanco),Región de O'Higgins,ernc,1.0,0.0,194.81925129807445,0.6303534914374551,4,2024-10-01 03:00:00
TER TALTAL,Taltal 1 GNL,Térmica,Gas Natural,Región de Antofagasta,convencional,0.0,0.0,0.0,0.0,4,2024-10-01 03:00:00
PFV DOMEYKO,PFV Domeyko,Solar,(en blanco),Región de Antofagasta,ernc,1.0,0.0,1026.5056467784577,0.0,4,2024-10-01 03:00:00
PFV COYA,PFV COYA,Solar,(en blanco),Región de Antofagasta,ernc,1.0,0.0,698.7418424529313,0.0,4,2024-10-01 03:00:00
TER CANDELARIA,Candelaria 1 Diésel,Térmica,Diésel,Región de O'Higgins,convencional,0.0,0.0,0.0,0.0,4,2024-10-01 03:00:00
PMGD PFV TALAGANTE,PMGD PFV Talagante,Solar,(en blanco),Región Metropolitana,ernc,1.0,0.0,24.507581185313256,0.0,4,2024-10-01 03:00:00
TER NUEVA RENCA,Nueva Renca FA Gas Arg,Térmica,Gas Natural,Región Metropolitana,convencional,0.0,0.0,0.0,0.0,4,2024-10-01 03:00:00
BESS Andes IV,BESS Andes IV (retiro),Bess,(en blanco),Región de Antofagasta,ernc,1.0,0.0,0.0,0.0,4,2024-10-01 03:00:00
PMGD PFV EL TURPIAL,PMGD PFV El Turpial,Solar,(en blanco),Región Metropolitana,ernc,1.0,0.0,22.115693963342018,0.0,4,2024-10-01 03:00:00
PMGD PFV MALLOCO,PMGD PFV Malloco,Solar,(en blanco),Región Metropolitana,ernc,1.0,0.0,15.31823987655844,0.0,4,2024-10-01 03:00:00
TER NUEVA RENCA,Nueva Renca FA GLP,Térmica,Gas Natural,Región Metropolitana,convencional,0.0,0.0,0.0,0.0,4,2024-10-01 03:00:00
PMGD PFV LOS JOTES,PMGD PFV Los Jotes,Solar,(en blanco),Región de Valparaíso,ernc,1.0,0.0,22.867903995139404,0.0,4,2024-10-01 03:00:00
PMGD PFV PENCAHUE,PMGD PFV Pencahue,Solar,(en blanco),Región Metropolitana,ernc,1.0,0.0,0.0,0.0,4,2024-10-01 03:00:00
PMGD PFV NEWENTUN,PMGD PFV Newentun,Solar,(en blanco),Región de O'Higgins,ernc,1.0,0.0,41.95895620000779,0.0,4,2024-10-01 03:00:00
TER NUEVA VENTANAS,Nueva Ventanas,Térmica,Carbón,Región de Valparaíso,convencional,0.0,0.0,0.0,0.0,4,2024-10-01 03:00:00
PMGD PFV LAS GOLONDRINAS,PMGD PFV Golondrinas,Solar,(en blanco),Región del Maule,ernc,1.0,0.0,27.81346066818396,0.0,4,2024-10-01 03:00:00
TER CANDELARIA,Candelaria 2 GNL,Térmica,Gas Natural,Región de O'Higgins,convencional,0.0,0.0,0.0,0.0,4,2024-10-01 03:00:00
PMGD PFV FOTOVOLT LIN,PMGD PFV Fotovolt Lin,Solar,(en blanco),Región del Maule,ernc,1.0,0.0,27.21609153731075,0.0,4,2024-10-01 03:00:00
TER OLIVOS,Olivos,Térmica,Diésel,Región de Coquimbo,convencional,0.0,0.0,0.0,0.0,4,2024-10-01 03:00:00
PMGD TER BELLET,PMGD TER BELLET,Térmica,Diésel,Región Metropolitana,ernc,1.0,0.0,0.0,0.0,4,2024-10-01 03:00:00
PE CAMPO LINDO,PE CAMPO LINDO,Eólica,(en blanco),Región del Bío-Bío,ernc,1.0,0.0,304.87096641427394,9.09510037645471,4,2024-10-01 03:00:00
TER PETROPOWER,Cogen. Biobío,Térmica,PetCoke,Región del Bío-Bío,convencional,0.0,0.0,1155.6480676353344,49.52777432722862,4,2024-10-01 03:00:00
PMGD PFV PATRICIA DEL VERANO SOLAR,PMGD PFV Patricia Del Verano,Solar,(en blanco),Región Metropolitana,ernc,1.0,0.0,47.5314215882183,0.0,4,2024-10-01 03:00:00
TER NUEVA RENCA,Nueva Renca Gas Arg,Térmica,Gas Natural,Región Metropolitana,convencional,0.0,0.0,0.0,0.0,4,2024-10-01 03:00:00
TER NUEVA RENCA,Nueva Renca FA GNL,Térmica,Gas Natural,Región Metropolitana,convencional,0.0,0.0,0.0,0.0,4,2024-10-01 03:00:00
BESS Andes IV,BESS Andes IV (inyección),Bess,(en blanco),Región de Antofagasta,ernc,1.0,0.0,598.8758393094831,0.0,4,2024-10-01 03:00:00
TER NUEVA ALDEA,Nueva Aldea Bloque 1 + 3,Térmica,Biomasa,Región de Ñuble,ernc,1.0,0.0,107.77043581385445,4.902749377846874,4,2024-10-01 03:00:00
TER CARDONES,TER Cardones,Térmica,Diésel,Región de Atacama,convencional,0.0,0.0,0.0,0.0,4,2024-10-01 03:00:00
PMGD PFV QUEMADOS,PMGD PFV Quemados,Solar,(en blanco),Región de O'Higgins,ernc,1.0,0.0,22.158336049893517,0.0,4,2024-10-01 03:00:00
TER NUEVA ALDEA,Nueva Aldea Bloque 2,Térmica,Biomasa,Región de Ñuble,ernc,0.32,0.0,892.0602521047261,39.78230923738606,4,2024-10-01 03:00:00
PMGD PFV ARMAZONES,PMGD PFV Armazones,Solar,(en blanco),Región de Antofagasta,ernc,1.0,0.0,44.85274417272042,0.0,4,2024-10-01 03:00:00
TER NUEVA ALDEA II,Nueva Aldea 2,Térmica,Diésel,Región de Ñuble,convencional,0.0,0.0,0.0,0.0,4,2024-10-01 03:00:00
PMGD PFV TIJERAL,PMGD PFV Tijeral,Solar,(en blanco),Región Metropolitana,ernc,1.0,0.0,22.78791954272895,0.0,4,2024-10-01 03:00:00
PMGD PFV LLOICA,PMGD PFV Lloica,Solar,(en blanco),Región de Atacama,ernc,1.0,0.0,22.581953334908654,0.0,4,2024-10-01 03:00:00
TER CANDELARIA,Candelaria 2 Gas Arg,Térmica,Gas Natural,Región de O'Higgins,convencional,0.0,0.0,0.0,0.0,4,2024-10-01 03:00:00
BESS Uribe Solar,BESS Uribe Solar (inyección),Bess,(en blanco),Región de Antofagasta,ernc,1.0,0.0,2.7015004663737496,0.0,4,2024-10-01 03:00:00
TER NUEVA RENCA,Nueva Renca Diésel,Térmica,Diésel,Región Metropolitana,convencional,0.0,0.0,0.0,0.0,4,2024-10-01 03:00:00
PMGD PFV DOÑA REGINA SOLAR,PMGD PFV Doña Regina,Solar,(en blanco),Región Metropolitana,ernc,1.0,0.0,20.617259329873903,0.0,4,2024-10-01 03:00:00
PMGD PFV AYLA SOLAR,PMGD PFV Ayla,Solar,(en blanco),Región de O'Higgins,ernc,1.0,0.0,40.82721958770691,0.0,4,2024-10-01 03:00:00
TER CANDELARIA,Candelaria 1 Gas Arg,Térmica,Gas Natural,Región de O'Higgins,convencional,0.0,0.0,715.4011847266355,0.0,4,2024-10-01 03:00:00
TER NUEVA RENCA,Nueva Renca GNL,Térmica,Gas Natural,Región Metropolitana,convencional,0.0,0.0,0.0,0.0,4,2024-10-01 03:00:00
PFV MESETA DE LOS ANDES,PFV Meseta de Los Andes,Solar,(en blanco),Región de Valparaíso,ernc,1.0,0.0,715.6113025571148,0.0,4,2024-10-01 03:00:00
PMGD PFV PARANAL,PMGD PFV Paranal,Solar,(en blanco),Región de Antofagasta,ernc,1.0,0.0,18.482838190570376,0.0,4,2024-10-01 03:00:00
PMGD PFV JILGUERO,PMGD PFV Jilguero,Solar,(en blanco),Región del Maule,ernc,1.0,0.0,12.37908658155036,0.0,4,2024-10-01 03:00:00
PMGD PFV SANTA ELIZABETH,PMGD PFV Santa Elizabeth,Solar,(en blanco),Región de O'Higgins,ernc,1.0,0.0,50.76449538340682,0.0,4,2024-10-01 03:00:00
TER ESPERANZA,TER ESPERANZA-DS1,Térmica,Diésel,Región de O'Higgins,convencional,0.0,0.0,0.0,0.0,4,2024-10-01 03:00:00
PMGD PFV HIJUELA 4 [EN_REVISION],PMGD PFV HIJUELA 4 [EN_REVISION],Solar,(en blanco),Región del Maule,ernc,1.0,0.0,19.59922285216035,0.0,4,2024-10-01 03:00:00
PMGD PFV EL CUERVO,PMGD PFV El Cuervo,Solar,(en blanco),Región del Maule,ernc,1.0,0.0,17.600431561652137,0.0,4,2024-10-01 03:00:00
PFV PATAGUILLA [EN_REVISION],PFV PATAGUILLA,Solar,(en blanco),Región Metropolitana,ernc,1.0,0.0,0.0,0.0,4,2024-10-01 03:00:00
TER PUNTA COLORADA,TER PUNTA COLORADA (Diésel),Térmica,Diésel,Región de Coquimbo,convencional,0.0,0.0,0.0,0.0,4,2024-10-01 03:00:00
TER PUNTA COLORADA,TER PUNTA COLORADA (IFO),Térmica,Fuel Oil,Región de Coquimbo,convencional,0.0,0.0,0.0,0.0,4,2024-10-01 03:00:00
TER PLACILLA,Placilla,Térmica,Diésel,Región de Valparaíso,convencional,0.0,0.0,0.0,0.0,4,2024-10-01 03:00:00
PMGD PFV ORQUIDEA SOLAR,PMGD PFV Orquidea Solar,Solar,(en blanco),Región de Coquimbo,ernc,1.0,0.0,26.250321768071757,0.0,4,2024-10-01 03:00:00
TER CANDELARIA,Candelaria 2 Diésel,Térmica,Diésel,Región de O'Higgins,convencional,0.0,0.0,0.0,0.0,4,2024-10-01 03:00:00
PFV VALLE DEL SOL,PFV VALLE DEL SOL,Solar,(en blanco),Región de Antofagasta,ernc,1.0,0.0,706.1660057965281,0.0,4,2024-10-01 03:00:00
TER QUINTAY,Quintay,Térmica,Diésel,Región de Valparaíso,convencional,0.0,0.0,0.0,0.0,4,2024-10-01 03:00:00
PMGD PFV LOS TAURETES,PMGD PFV Los Tauretes,Solar,(en blanco),Región Metropolitana,ernc,1.0,0.0,21.170997156259137,0.0,4,2024-10-01 03:00:00
HP MARIPOSAS,MARIPOSAS,Hidráulica,Pasada,Región del Maule,ernc,1.0,0.0,46.9263154736772,2.00112219503954,5,2024-10-01 04:00:00
TER UJINA,TER UJINA-UG6 (Diésel),Térmica,Diésel,Región de Tarapacá,convencional,0.0,0.0,0.0,0.0,5,2024-10-01 04:00:00
PMGD HP MARIA ELENA,PMGD HP MARIA ELENA,Hidráulica,Pasada,Región de los Lagos,ernc,1.0,0.0,4.243785665187566,0.15552757439889708,5,2024-10-01 04:00:00
PMGD PFV PITOTOY,Pitotoy,Solar,(en blanco),Región de O'Higgins,ernc,1.0,0.0,16.238889866598342,0.0,5,2024-10-01 04:00:00
PMGD PFV VILLA ALEGRE,Villa Alegre,Solar,(en blanco),Región del Maule,ernc,1.0,0.0,49.48342980067793,0.0,5,2024-10-01 04:00:00
TER NEWEN,Newen Propano,Térmica,Gas Natural,Región del Bío-Bío,convencional,0.0,0.0,0.0,0.0,5,2024-10-01 04:00:00
PFV CONEJO SOLAR,PFV CONEJO SOLAR,Solar,(en blanco),Región de Antofagasta,ernc,1.0,0.0,511.45681621918084,0.0,5,2024-10-01 04:00:00
PMGD PFV QUEBRADA DE TALCA,PMGD PFV Quebrada de Talca,Solar,(en blanco),Región de Coquimbo,ernc,1.0,0.0,82.87163426856652,0.0,5,2024-10-01 04:00:00
PMGD PFV SANTA AMELIA,SANTA AMELIA,Solar,(en blanco),Región de O'Higgins,ernc,1.0,0.0,23.60649736524622,0.0,5,2024-10-01 04:00:00
TER COCHRANE,CCR2 (Carbon),Térmica,Carbón,Región de Antofagasta,convencional,0.0,0.0,4450.725890820368,275.0942681520856,5,2024-10-01 04:00:00
TER NEWEN,Newen Gas Arg,Térmica,Gas Natural,Región del Bío-Bío,convencional,0.0,0.0,0.0,0.0,5,2024-10-01 04:00:00
PMGD PFV COCHARCAS,Cocharcas,Solar,(en blanco),Región de Ñuble,ernc,1.0,0.0,16.611486729234795,0.0,5,2024-10-01 04:00:00
HP LICAN,LICAN,Hidráulica,Pasada,Región de los Ríos,ernc,1.0,0.0,298.98766716085765,15.868899006663552,5,2024-10-01 04:00:00
PMGD PFV JAHUEL,JAHUEL,Solar,(en blanco),Región de Valparaíso,ernc,1.0,0.0,49.99412697960553,0.0,5,2024-10-01 04:00:00
(en blanco),Termoandes TV10 SEN,(en blanco),(en blanco),(en blanco),convencional,0.0,0.0,0.0,0.0,5,2024-10-01 04:00:00
TER ATACAMA,Atacama TG1A + 0.5TV1C Diésel,Térmica,Gas Natural,Región de Antofagasta,convencional,0.0,0.0,0.0,0.0,5,2024-10-01 04:00:00
PMGD PFV EL PICURIO,El Picurio,Solar,(en blanco),Región de O'Higgins,ernc,1.0,0.0,19.120353901657897,0.0,5,2024-10-01 04:00:00
TER UJINA,TER UJINA-UG1 (HFO),Térmica,Fuel Oil,Región de Tarapacá,convencional,0.0,0.0,0.0,0.0,5,2024-10-01 04:00:00
PFV LALACKAMA,PFV Lalackama I,Solar,(en blanco),Región de Antofagasta,ernc,1.0,0.0,263.3176640342779,0.0,5,2024-10-01 04:00:00
TER CMPC CORDILLERA,CMPC Cordillera Gas Arg,Térmica,Gas Natural,Región Metropolitana,convencional,0.0,0.0,0.0,0.0,5,2024-10-01 04:00:00
PFV LALACKAMA II,PFV Lalackama II,Solar,(en blanco),Región de Antofagasta,ernc,1.0,0.0,77.64354116753417,0.0,5,2024-10-01 04:00:00
PMGD PFV ANTONIA SOLAR,Solar Antonia,Solar,(en blanco),Región de O'Higgins,ernc,1.0,0.0,6.552625425765396,0.0,5,2024-10-01 04:00:00
PE LEBU,LEBU (EOLICA),Eólica,(en blanco),Región del Bío-Bío,ernc,1.0,0.0,0.0,0.0,5,2024-10-01 04:00:00
TER CEMENTOS BIO BIO CENTRO,Cementos Bío Bío Fuel Oil,Térmica,Fuel Oil,Región del Maule,convencional,0.0,0.0,0.0,0.0,5,2024-10-01 04:00:00
PFV CHAÑARES,PFV Chañares,Solar,(en blanco),Región de Atacama,ernc,1.0,0.0,152.89574131199606,0.0,5,2024-10-01 04:00:00
PMGD PFV QUELTEHUE SOLAR,Queltehue Solar,Solar,(en blanco),Región de O'Higgins,ernc,1.0,0.0,0.0,0.0,5,2024-10-01 04:00:00
PMGD PFV CASUTO,Casuto,Solar,(en blanco),Región de Valparaíso,ernc,1.0,0.0,20.878687652898112,0.0,5,2024-10-01 04:00:00
TER CMPC CORDILLERA,CMPC Cordillera GNL,Térmica,Gas Natural,Región Metropolitana,convencional,0.0,0.0,0.0,0.0,5,2024-10-01 04:00:00
PMGD PFV EL CONDOR,El Condor,Solar,(en blanco),Región del Maule,ernc,1.0,0.0,7.280177855802201,0.0,5,2024-10-01 04:00:00
TER NEWEN,Newen Propano+Butano,Térmica,Gas Natural,Región del Bío-Bío,convencional,0.0,0.0,0.0,0.0,5,2024-10-01 04:00:00
PMGD PFV VICTORIA,PMGD PFV Victoria,Solar,(en blanco),Región de Antofagasta,ernc,1.0,0.0,24.341478640251996,0.0,5,2024-10-01 04:00:00
TER CMPC TISSUE,CMPC Tissue,Térmica,Gas Natural,Región Metropolitana,convencional,0.0,0.0,46.12586659566141,1.6008977560316322,5,2024-10-01 04:00:00
PMGD PFV SOL DE SEPTIEMBRE,Sol de Septiembre,Solar,(en blanco),Región Metropolitana,ernc,1.0,0.0,51.27451962005993,0.0,5,2024-10-01 04:00:00
PMGD PFV GR LEMU,LEMU,Solar,(en blanco),Región del Maule,ernc,1.0,0.0,31.69895299850837,0.0,5,2024-10-01 04:00:00
PMGD PFV EL CAIQUEN,PMGD PFV EL CAIQUEN,Solar,(en blanco),Región del Maule,ernc,1.0,0.0,32.50371641964605,0.0,5,2024-10-01 04:00:00
PMGD PFV QUILLAY,Quillay,Solar,(en blanco),Región Metropolitana,ernc,1.0,0.0,16.837715035492725,0.0,5,2024-10-01 04:00:00
PMGD PFV MARIA PINTO,María Pinto,Solar,(en blanco),Región Metropolitana,ernc,1.0,0.0,17.83688855268122,0.0,5,2024-10-01 04:00:00
PMGD HP PURISIMA,PURISIMA,Hidráulica,Pasada,Región del Maule,ernc,1.0,0.0,9.78639530580637,0.408837995342715,5,2024-10-01 04:00:00
PFV LUCAS SOLAR,PMG Lucas Solar,Solar,(en blanco),Región de Coquimbo,ernc,1.0,0.0,82.50252534920892,0.0,5,2024-10-01 04:00:00
PMGD TER BOLDOS,Boldos,Térmica,Diésel,Región del Bío-Bío,convencional,0.0,0.0,0.0,0.0,5,2024-10-01 04:00:00
HP PEUCHEN,PEUCHÉN,Hidráulica,Pasada,Región del Bío-Bío,convencional,0.0,0.0,1221.9752627899202,71.69020263729153,5,2024-10-01 04:00:00
PMGD HP EL PORTAL,PMGD HP El Portal,Hidráulica,Pasada,Región del Maule,ernc,1.0,0.0,11.322584839775788,0.4528420808799136,5,2024-10-01 04:00:00
PFV ALMEYDA,PFV Almeyda,Solar,(en blanco),Región de Atacama,ernc,1.0,0.0,287.8614277564378,0.0,5,2024-10-01 04:00:00
PMGD  TER AROMOS,Aromos,Térmica,Diésel,Región de la Araucanía,convencional,0.0,0.0,0.0,0.0,5,2024-10-01 04:00:00
PMGD PFV LA CHIMBA BIS,LA CHIMBA BIS,Solar,(en blanco),Región de Coquimbo,ernc,1.0,0.0,17.247336556923443,0.0,5,2024-10-01 04:00:00
PMGD PFV HORMIGA SOLAR,Hormiga Solar,Solar,(en blanco),Región de Valparaíso,ernc,1.0,0.0,12.36920298770028,0.0,5,2024-10-01 04:00:00
HP PALMUCHO,PALMUCHO,Hidráulica,Pasada,Región del Bío-Bío,ernc,0.3,0.0,688.169343576712,28.527947984428806,5,2024-10-01 04:00:00
TER NORGENER [No_Mostrar],NTO1 (Carbon),Térmica,Carbón,Región de Antofagasta,convencional,0.0,0.0,0.0,0.0,5,2024-10-01 04:00:00
PMGD PFV ILLAPEL 5X,PMGD PFV ILLAPEL 5X,Solar,(en blanco),Región de Coquimbo,ernc,1.0,0.0,19.551956375830287,0.0,5,2024-10-01 04:00:00
PMGD HP MAISAN,MAISAN,Hidráulica,Pasada,Región de la Araucanía,ernc,1.0,0.0,8.843545822470997,0.3900837119619329,5,2024-10-01 04:00:00
PMGD HP COSAPILLA,Cosapilla,Hidráulica,Pasada,Arica y Parinacota,ernc,1.0,0.0,11.339614272589925,0.483227444771358,5,2024-10-01 04:00:00
TER UJINA,TER UJINA-UG1 (Diésel),Térmica,Diésel,Región de Tarapacá,convencional,0.0,0.0,0.0,0.0,5,2024-10-01 04:00:00
PMGD PFV EL CHUCAO,PFV El Chucao,Solar,(en blanco),Región del Maule,ernc,1.0,0.0,16.49169728616761,0.0,5,2024-10-01 04:00:00
PFV ANDES SOLAR II,Solar Andes IIA,Solar,(en blanco),Región de Antofagasta,ernc,1.0,0.0,373.21929498584944,0.0,5,2024-10-01 04:00:00
PMGD PFV UTFSM VIÑA DEL MAR,UTFSM Viña del Mar,Solar,(en blanco),Región de Valparaíso,ernc,1.0,0.0,0.9944383215719268,0.0,5,2024-10-01 04:00:00
PMGD PFV HURTADO,PMGD PFV Hurtado,Solar,(en blanco),Región del Bío-Bío,ernc,1.0,0.0,19.38179172520984,0.0,5,2024-10-01 04:00:00
HP MAMPIL,MAMPIL,Hidráulica,Pasada,Región del Bío-Bío,convencional,0.0,0.0,741.1756385987449,46.49607420174372,5,2024-10-01 04:00:00
PMGD HP LAS VERTIENTES,LAS VERTIENTES,Hidráulica,Pasada,Región Metropolitana,ernc,1.0,0.0,38.294519069151676,1.4767428048623004,5,2024-10-01 04:00:00
PMGD PFV CITRINO,Citrino,Solar,(en blanco),Región Metropolitana,ernc,1.0,0.0,12.143549630263795,0.0,5,2024-10-01 04:00:00
PMGD PFV SOLARPARK MALLOA,PMGD PFV SOLARPARK MALLOA,Solar,(en blanco),Región de O'Higgins,ernc,1.0,0.0,15.33645403094414,0.0,5,2024-10-01 04:00:00
PMGD PFV PARQUE SOLAR SANTA FE,Santa Fe,Solar,(en blanco),Región del Maule,ernc,1.0,0.0,50.651717398145024,0.0,5,2024-10-01 04:00:00
PMGD HP LOS PORTONES,PMGD HP LOS PORTONES,Hidráulica,Pasada,Región de los Ríos,ernc,1.0,0.0,16.34615300112633,0.6777089508677102,5,2024-10-01 04:00:00
TER ATACAMA,Atacama TG2A + TG2B + TV2C GNL,Térmica,Gas Natural,Región de Antofagasta,convencional,0.0,0.0,0.0,0.0,5,2024-10-01 04:00:00
PMGD PFV SANTA INES SOLAR,PFV SANTA INES,Solar,(en blanco),Región Metropolitana,ernc,1.0,0.0,20.82112515473543,0.0,5,2024-10-01 04:00:00
PMGD PFV HORNITOS,Solar Hornitos,Solar,(en blanco),Región de Atacama,ernc,1.0,0.0,0.3131000318331632,0.0006654002450563899,5,2024-10-01 04:00:00
PMGD PFV DON MARIANO,Don Mariano,Solar,(en blanco),Región de O'Higgins,ernc,1.0,0.0,16.644368985640778,0.0,5,2024-10-01 04:00:00
TER UJINA,TER UJINA-UG2 (HFO),Térmica,Fuel Oil,Región de Tarapacá,convencional,0.0,0.0,0.0,0.0,5,2024-10-01 04:00:00
TER CHUYACA,Chuyaca,Térmica,Diésel,Región de los Lagos,convencional,0.0,0.0,0.0,0.0,5,2024-10-01 04:00:00
TER UJINA,TER UJINA-UG2 (Diésel),Térmica,Diésel,Región de Tarapacá,convencional,0.0,0.0,0.0,0.0,5,2024-10-01 04:00:00
PMGD PFV GR SANTA ROSA,GR Santa Rosa,Solar,(en blanco),Región Metropolitana,ernc,1.0,0.0,52.02745834269465,0.0,5,2024-10-01 04:00:00
TER COCHRANE,CCR1 (Carbon),Térmica,Carbón,Región de Antofagasta,convencional,0.0,0.0,4312.648459362638,274.95418959843283,5,2024-10-01 04:00:00
PMGD PE EL ARREBOL,El Arrebol,Eólica,(en blanco),Región del Bío-Bío,ernc,1.0,0.0,107.7907553754164,2.3324231257249233,5,2024-10-01 04:00:00
TER TARAPACA,Tarapacá TGTAR,Térmica,Diésel,Región de Tarapacá,convencional,0.0,0.0,0.0,0.0,5,2024-10-01 04:00:00
HP MAITENES,MAITENES,Hidráulica,Pasada,Región Metropolitana,ernc,0.3725,0.0,0.0,0.0,5,2024-10-01 04:00:00
PMGD PFV TREBAL SOLAR,Trebal Solar,Solar,(en blanco),Región Metropolitana,ernc,1.0,0.0,16.414173162167177,0.0,5,2024-10-01 04:00:00
PMGD PFV EL LAUREL,El Laurel,Solar,(en blanco),Región Metropolitana,ernc,1.0,0.0,40.107851475595375,0.0,5,2024-10-01 04:00:00
TER ATACAMA,Atacama TG2B + 0.5TV2C Diésel,Térmica,Gas Natural,Región de Antofagasta,convencional,0.0,0.0,0.0,0.0,5,2024-10-01 04:00:00
HP SAN ANDRES,SAN ANDRES,Hidráulica,Pasada,Región de O'Higgins,convencional,0.0,0.0,29.316440157329264,0.0,5,2024-10-01 04:00:00
TER NEWEN,Newen Diésel,Térmica,Diésel,Región del Bío-Bío,convencional,0.0,0.0,0.0,0.0,5,2024-10-01 04:00:00
PMGD HP LOS BAJOS,LOS BAJOS,Hidráulica,Pasada,Región Metropolitana,ernc,1.0,0.0,127.23089370480218,5.351656146371045,5,2024-10-01 04:00:00
PMGD PFV  ARGOMEDO,Argomedo,Solar,(en blanco),Región de O'Higgins,ernc,1.0,0.0,44.75381882718166,0.0,5,2024-10-01 04:00:00
PFV SAN ANDRES,SAN ANDRES (SOLAR),Solar,(en blanco),Región de Atacama,ernc,1.0,0.0,30.907332302385697,0.0,5,2024-10-01 04:00:00
PMGD PFV FILOMENA SOLAR,Filomena,Solar,(en blanco),Región de Valparaíso,ernc,1.0,0.0,22.219536182679377,0.0,5,2024-10-01 04:00:00
PMGD PFV CHEQUEN SOLAR,PMGD PFV Chequen Solar,Solar,(en blanco),Región Metropolitana,ernc,1.0,0.0,46.706249104327924,0.0,5,2024-10-01 04:00:00
TER UJINA,TER UJINA-UG4 (HFO),Térmica,Fuel Oil,Región de Tarapacá,convencional,0.0,0.0,0.0,0.0,5,2024-10-01 04:00:00
TER UJINA,TER UJINA-UG3 (HFO),Térmica,Fuel Oil,Región de Tarapacá,convencional,0.0,0.0,0.0,0.0,5,2024-10-01 04:00:00
TER ATACAMA,Atacama TG2A + TG2B + TV2C Diésel,Térmica,Gas Natural,Región de Antofagasta,convencional,0.0,0.0,0.0,0.0,5,2024-10-01 04:00:00
PMGD PFV COVADONGA,Covadonga,Solar,(en blanco),Región de Atacama,ernc,1.0,0.0,86.9543979550874,0.0,5,2024-10-01 04:00:00
PE RENAICO I,PE Renaico I,Eólica,(en blanco),Región de la Araucanía,ernc,1.0,0.0,315.7070431004131,16.28913466762186,5,2024-10-01 04:00:00
PMGD TER LOS ALAMOS,PMGD TER Los Álamos,Térmica,Diésel,Región del Bío-Bío,convencional,0.0,0.0,0.0,0.0,5,2024-10-01 04:00:00
PMGD TER CHILLAN,Chillan,Térmica,Diésel,Región de Ñuble,convencional,0.0,0.0,0.0,0.0,5,2024-10-01 04:00:00
PMGD PFV LLANOS DE POTROSO,Llanos de Potroso,Solar,(en blanco),Región de Coquimbo,ernc,1.0,0.0,33.36535459006861,0.0,5,2024-10-01 04:00:00
PMGD PFV GIRASOLES,Girasoles,Solar,(en blanco),Región Metropolitana,ernc,1.0,0.0,13.308459117444528,0.0,5,2024-10-01 04:00:00
PMGD PFV EL LITRE SOLAR,El Litre,Solar,(en blanco),Región Metropolitana,ernc,1.0,0.0,46.88360198348378,0.0,5,2024-10-01 04:00:00
TER CENIZAS,Cenizas,Térmica,Diésel,Región de Atacama,convencional,0.0,0.0,0.0,0.0,5,2024-10-01 04:00:00
PMGD HP EL TORO Nº2,Minihidro El Toro,Hidráulica,Pasada,Región de Tarapacá,ernc,1.0,0.0,23.52552281840778,0.9763783314389021,5,2024-10-01 04:00:00
TER LICANTEN,TER LICANTEN,Térmica,Biomasa,Región del Maule,ernc,0.33,0.0,0.0,0.0,5,2024-10-01 04:00:00
TER SAN JAVIER II,TER SAN JAVIER 2,Térmica,Diésel,Región del Maule,convencional,0.0,0.0,0.0,0.0,5,2024-10-01 04:00:00
TER NEWEN,Newen GNL,Térmica,Gas Natural,Región del Bío-Bío,convencional,0.0,0.0,0.0,0.0,5,2024-10-01 04:00:00
PFV DIEGO DE ALMAGRO,PFV Diego de Almagro,Solar,(en blanco),Región de Atacama,ernc,1.0,0.0,144.47101687087962,0.0,5,2024-10-01 04:00:00
BESS ALFALFAL VR1,BESS ALFALFAL VR1 (Inyección),Bess,(en blanco),Región Metropolitana,ernc,1.0,0.0,0.0,0.0,5,2024-10-01 04:00:00
PMGD PFV DARLIN SOLAR,Darlin,Solar,(en blanco),Región Metropolitana,ernc,1.0,0.0,46.66176797807447,0.0,5,2024-10-01 04:00:00
PMGD PFV EL QUELTEHUE,El Queltehue,Solar,(en blanco),Región Metropolitana,ernc,1.0,0.0,20.026097726275633,0.0,5,2024-10-01 04:00:00
TER NEWEN,Newen Butano,Térmica,Gas Natural,Región del Bío-Bío,convencional,0.0,0.0,0.0,0.0,5,2024-10-01 04:00:00
PMGD PFV ALDEBARAN,PMGD PFV Aldebaran,Solar,(en blanco),Región de O'Higgins,ernc,1.0,0.0,31.519829745557235,0.0,5,2024-10-01 04:00:00
TER CMPC LAJA,CMPC Laja,Térmica,Biomasa,Región del Bío-Bío,ernc,1.0,0.0,0.0,0.0,5,2024-10-01 04:00:00
PMGD PFV GR RAULI,RAULI,Solar,(en blanco),Región del Maule,ernc,1.0,0.0,56.14609060119613,0.0,5,2024-10-01 04:00:00
PMGD PFV ALICAHUE,Alicahue,Solar,(en blanco),Región de Valparaíso,ernc,1.0,0.0,19.543979571274974,0.0,5,2024-10-01 04:00:00
PMGD PFV EL RESPLANDOR,El Resplandor,Solar,(en blanco),Región del Bío-Bío,ernc,1.0,0.0,14.75375006454389,0.0,5,2024-10-01 04:00:00
PMGD HP ENSENADA,ENSENADA,Hidráulica,Pasada,Región de los Lagos,ernc,1.0,0.0,26.021632860650858,1.0168070244572371,5,2024-10-01 04:00:00
TER UJINA,TER UJINA-UG3 (Diésel),Térmica,Diésel,Región de Tarapacá,convencional,0.0,0.0,0.0,0.0,5,2024-10-01 04:00:00
TER UJINA,TER UJINA-UG5 (Diésel),Térmica,Diésel,Región de Tarapacá,convencional,0.0,0.0,0.0,0.0,5,2024-10-01 04:00:00
PMGD PFV EL ESTERO,Estero,Solar,(en blanco),Región de O'Higgins,ernc,1.0,0.0,13.48703171119542,0.0,5,2024-10-01 04:00:00
HP GUAYACAN,GUAYACAN,Hidráulica,Pasada,Región Metropolitana,ernc,1.0,0.0,187.2349981788746,9.145128431330699,5,2024-10-01 04:00:00
PFV LA HUELLA,LA HUELLA,Solar,(en blanco),Región de Coquimbo,ernc,1.0,0.0,423.37742280451545,0.0,5,2024-10-01 04:00:00
BESS ALFALFAL VR2,BESS ALFALFAL VR2 (retiro),Bess,(en blanco),Región Metropolitana,ernc,1.0,0.0,199.73597739822767,0.07015580857539208,5,2024-10-01 04:00:00
PMGD PFV DON JORGE (EX PERALILLO),Don Jorge,Solar,(en blanco),Región de O'Higgins,ernc,1.0,0.0,20.467706451782323,0.0,5,2024-10-01 04:00:00
CSP CERRO DOMINADOR,CSP CERRO DOMINADOR,Solar,(en blanco),Región de Antofagasta,ernc,1.0,0.0,0.0,0.0,5,2024-10-01 04:00:00
PMGD PFV CANELILLO,PFV CANELILLO,Solar,(en blanco),Región de Coquimbo,ernc,1.0,0.0,18.60432841210499,0.0,5,2024-10-01 04:00:00
TER YUNGAY,TER Yungay U2 GNL,Térmica,Gas Natural,Región del Bío-Bío,convencional,0.0,0.0,0.0,0.0,5,2024-10-01 04:00:00
PMGD TER ELECTRICA PINARES LIMITADA,PINARES,Térmica,Gas Natural,Región del Maule,convencional,0.0,0.0,0.0,0.0,5,2024-10-01 04:00:00
PFV JAMA,PFV JAMA-2,Solar,(en blanco),Región de Antofagasta,ernc,1.0,0.0,49.55779116015421,0.0,5,2024-10-01 04:00:00
PMGD PFV HUINGAN,PMGD PFV Huigan,Solar,(en blanco),Región Metropolitana,ernc,1.0,0.0,66.75409614744778,0.0,5,2024-10-01 04:00:00
TER CALLE CALLE,Calle Calle,Térmica,Diésel,Región de los Ríos,convencional,0.0,0.0,0.0,0.0,5,2024-10-01 04:00:00
PMGD TER ETERSOL,ETERSOL,Térmica,Diésel,Región Metropolitana,convencional,0.0,0.0,0.0,0.0,5,2024-10-01 04:00:00
PMGD PFV LO MIRANDA,Lo Miranda,Solar,(en blanco),Región de O'Higgins,ernc,1.0,0.0,19.258802426218278,0.0,5,2024-10-01 04:00:00
TER YUNGAY,TER Yungay U3 Diésel,Térmica,Diésel,Región del Bío-Bío,convencional,0.0,0.0,0.0,0.0,5,2024-10-01 04:00:00
BESS ALFALFAL VR2,BESS ALFALFAL VR2 (Inyección),Bess,(en blanco),Región Metropolitana,ernc,1.0,0.0,170.7089788296821,0.0,5,2024-10-01 04:00:00
PMGD PFV VENTURADA,Venturada,Solar,(en blanco),Región de Ñuble,ernc,1.0,0.0,62.87430176023224,0.0,5,2024-10-01 04:00:00
PMGD PFV  COCINILLAS,PFV COCINILLAS,Solar,(en blanco),Región de Coquimbo,ernc,1.0,0.0,17.49787732529355,0.0,5,2024-10-01 04:00:00
PMGD PFV CHIMBARONGO,PMGD PFV CHIMBARONGO,Solar,(en blanco),Región de O'Higgins,ernc,1.0,0.0,9.205279762066334,0.0,5,2024-10-01 04:00:00
TER ATACAMA,Atacama TG1B Gas Arg,Térmica,Gas Natural,Región de Antofagasta,convencional,0.0,0.0,0.0,0.0,5,2024-10-01 04:00:00
PMGD PFV HOMERO SOLAR,Homero,Solar,(en blanco),Región de O'Higgins,ernc,1.0,0.0,13.791236300817006,0.0,5,2024-10-01 04:00:00
PMGD PFV EL SALITRAL,PFV EL SALITRAL,Solar,(en blanco),Región de Coquimbo,ernc,1.0,0.0,30.086554905384748,0.0,5,2024-10-01 04:00:00
TER YUNGAY,TER Yungay U3 GNL,Térmica,Gas Natural,Región del Bío-Bío,convencional,0.0,0.0,0.0,0.0,5,2024-10-01 04:00:00
PMGD PFV KONDA,Konda,Solar,(en blanco),Región de Valparaíso,ernc,1.0,0.0,19.87665612058371,0.0,5,2024-10-01 04:00:00
TER ATACAMA,Atacama TG2A + TG2B + TV2C Gas Arg,Térmica,Gas Natural,Región de Antofagasta,convencional,0.0,0.0,0.0,0.0,5,2024-10-01 04:00:00
PMGD PFV LAS ROJAS,Las Rojas,Solar,(en blanco),Región de Coquimbo,ernc,1.0,0.0,21.605253027110926,0.0,5,2024-10-01 04:00:00
TER ATACAMA,Atacama TG1A + TG1B + TV1C Gas Arg,Térmica,Gas Natural,Región de Antofagasta,convencional,0.0,0.0,0.0,0.0,5,2024-10-01 04:00:00
PMGD PFV PLAYERITO,PFV PLAYERITO,Solar,(en blanco),Región del Maule,ernc,1.0,0.0,12.215699277849941,0.0,5,2024-10-01 04:00:00
TER YUNGAY,TER Yungay U2 Diésel,Térmica,Diésel,Región del Bío-Bío,convencional,0.0,0.0,0.0,0.0,5,2024-10-01 04:00:00
TER CANDELARIA,Candelaria 1 GNL,Térmica,Gas Natural,Región de O'Higgins,convencional,0.0,0.0,0.0,0.0,5,2024-10-01 04:00:00
PMGD TER PRP CAMPESINA (EX ALDEA),PRP CAMPESINA,Térmica,Diésel,Región de los Ríos,convencional,0.0,0.0,0.0,0.0,5,2024-10-01 04:00:00
TER YUNGAY,TER Yungay U1 Diésel,Térmica,Diésel,Región del Bío-Bío,convencional,0.0,0.0,0.0,0.0,5,2024-10-01 04:00:00
PFV ESPERANZA,PMG PFV ESPERANZA,Solar,(en blanco),Región de Atacama,ernc,1.0,0.0,0.0,0.0,5,2024-10-01 04:00:00
PMGD TER PRP RAPACO,PRP RAPACO,Térmica,Diésel,Región de los Ríos,convencional,0.0,0.0,0.0,0.0,5,2024-10-01 04:00:00
PMGD PFV PARQUE SOLAR SAN JAVIER,San Javier,Solar,(en blanco),Región del Maule,ernc,1.0,0.0,36.97190223399237,0.0,5,2024-10-01 04:00:00
TER ATACAMA,Atacama TG1A + TG1B + TV1C Diésel,Térmica,Gas Natural,Región de Antofagasta,convencional,0.0,0.0,0.0,0.0,5,2024-10-01 04:00:00
PMGD PFV ECLIPSE SOLAR,Eclipse Solar,Solar,(en blanco),Región Metropolitana,ernc,1.0,0.0,48.278044521066334,0.0,5,2024-10-01 04:00:00
BESS PFV COYA,BESS COYA (Inyección),Bess,(en blanco),Región de Antofagasta,ernc,1.0,0.0,515.058836170252,0.0,5,2024-10-01 04:00:00
PMGD PFV DON SIMON,PMGD PFV Don Simon,Solar,(en blanco),Región de O'Higgins,ernc,1.0,0.0,28.99429785104352,0.0,5,2024-10-01 04:00:00
PMGD PFV SAN RAMIRO,San Ramiro,Solar,(en blanco),Región Metropolitana,ernc,1.0,0.0,51.301696205423355,0.0,5,2024-10-01 04:00:00
PMGD PFV BERRUECO,PMGD PFV BERRUECO,Solar,(en blanco),Región de Ñuble,ernc,1.0,0.0,62.740161259938056,0.0,5,2024-10-01 04:00:00
HP PULLINQUE,HP Pullinque,Hidráulica,Pasada,Región de los Ríos,convencional,0.0,0.0,756.7243580542018,30.24696197802265,5,2024-10-01 04:00:00
TER CANDELARIA,Candelaria 1 Diésel,Térmica,Diésel,Región de O'Higgins,convencional,0.0,0.0,0.0,0.0,5,2024-10-01 04:00:00
TER YUNGAY,TER Yungay U1 GNL,Térmica,Gas Natural,Región del Bío-Bío,convencional,0.0,0.0,0.0,0.0,5,2024-10-01 04:00:00
PMGD PFV EL QUEMADO,EL QUEMADO,Solar,(en blanco),Región de Valparaíso,ernc,1.0,0.0,19.325227462540514,0.0,5,2024-10-01 04:00:00
PMGD PFV VILLA SOLAR,PMGD PFV VILLA SOLAR,Solar,(en blanco),Región del Maule,ernc,1.0,0.0,13.848111834741921,0.0,5,2024-10-01 04:00:00
HP PALACIOS,PMG Palacios,Hidráulica,Pasada,Región de O'Higgins,ernc,1.0,0.0,0.0,0.0,5,2024-10-01 04:00:00
PMGD  PFV PLAYERO,PFV PLAYERO,Solar,(en blanco),Región del Maule,ernc,1.0,0.0,12.636988408075764,0.0,5,2024-10-01 04:00:00
PMGD HP LA PALOMA,LA PALOMA,Hidráulica,Pasada,Región de Coquimbo,ernc,1.0,0.0,0.0,0.0,5,2024-10-01 04:00:00
PMGD PFV CHALINGA SOLAR,Chalinga,Solar,(en blanco),Región de Coquimbo,ernc,1.0,0.0,5.764766838568948,0.0,5,2024-10-01 04:00:00
PMGD HP LA BIFURCADA,PMGD LA BIFURCADA,Hidráulica,Pasada,Región del Bío-Bío,ernc,1.0,0.0,2.485090466954067,0.10280581884172073,5,2024-10-01 04:00:00
PFV CAMPOS DEL SOL,PFV Campos del Sol,Solar,(en blanco),Región de Atacama,ernc,1.0,0.0,1987.9748222181304,0.0,5,2024-10-01 04:00:00
TER CAMPICHE,Campiche,Térmica,Carbón,Región de Valparaíso,convencional,0.0,0.0,2317.299501855787,267.1498130377786,5,2024-10-01 04:00:00
PMGD PFV PARQUE SOLAR BICENTENARIO,PARQUE SOLAR BICENTENARIO,Solar,(en blanco),Región del Maule,ernc,1.0,0.0,19.499525852190988,0.0,5,2024-10-01 04:00:00
PMGD PFV LA ESTANCIA,La Estancia,Solar,(en blanco),Región Metropolitana,ernc,1.0,0.0,19.923037964627138,0.0,5,2024-10-01 04:00:00
PMGD PFV EL ROBLE,EL ROBLE,Solar,(en blanco),Región Metropolitana,ernc,1.0,0.0,67.74933372652963,0.0,5,2024-10-01 04:00:00
PE NEGRETE,NEGRETE,Eólica,(en blanco),Región del Bío-Bío,ernc,1.0,0.0,189.3761989275669,10.145689528850468,5,2024-10-01 04:00:00
PMGD PFV LAS TORTOLAS,LAS TORTOLAS,Solar,(en blanco),Región de Ñuble,ernc,1.0,0.0,16.848201386458676,0.0,5,2024-10-01 04:00:00
PFV AZABACHE,PFV Azabache,Solar,(en blanco),Región de Antofagasta,ernc,1.0,0.0,277.69572700563697,0.0,5,2024-10-01 04:00:00
PMGD PFV PARQUE SAN FRANCISCO PARRAL,PMGD PFV Parque San Francisco Parral,Solar,(en blanco),Región Metropolitana,ernc,1.0,0.0,6.295918218361933,0.0,5,2024-10-01 04:00:00
PMGD PFV CIPRES,PFV CIPRES,Solar,(en blanco),Región del Maule,ernc,1.0,0.0,47.43812545734664,0.0,5,2024-10-01 04:00:00
PE EL MAITEN,Parque Eolico El Maitén,Eólica,(en blanco),Región del Bío-Bío,ernc,1.0,0.0,47.396579189511506,1.6809426438332136,5,2024-10-01 04:00:00
PE SAN GABRIEL,San Gabriel,Eólica,(en blanco),Región de la Araucanía,ernc,1.0,0.0,666.8239434420508,28.53600250126384,5,2024-10-01 04:00:00
PMGD PFV QUINANTU SOLAR,PMGD PFV Quinantu Solar,Solar,(en blanco),Región del Maule,ernc,1.0,0.0,61.45344326213165,0.0,5,2024-10-01 04:00:00
PMGD PFV EL QUEULE,El Queule,Solar,(en blanco),Región de O'Higgins,ernc,1.0,0.0,25.604210761089583,0.0,5,2024-10-01 04:00:00
PMGD TER DOÑA JAVIERA,PMGD TER DOÑA JAVIERA,Térmica,Diésel,Región de Valparaíso,convencional,0.0,0.0,0.6936621030220955,0.05657194577788257,5,2024-10-01 04:00:00
TER ATACAMA,Atacama TG1B + 0.5TV1C Gas Arg,Térmica,Gas Natural,Región de Antofagasta,convencional,0.0,0.0,0.0,0.0,5,2024-10-01 04:00:00
PFV ATACAMA SOLAR II,PFV Atacama Solar 2,Solar,(en blanco),Región de Tarapacá,ernc,1.0,0.0,641.8299272260069,0.0,5,2024-10-01 04:00:00
PMGD PFV EL ROMERAL,EL ROMERAL,Solar,(en blanco),Región de O'Higgins,ernc,1.0,0.0,45.64513801721146,0.0,5,2024-10-01 04:00:00
PMGD PFV EL TRILE,PMGD PFV El Trile,Solar,(en blanco),Región del Maule,ernc,1.0,0.0,1.2974829443039564,0.0,5,2024-10-01 04:00:00
PE PUNTA PALMERAS,PUNTA PALMERAS,Eólica,(en blanco),Región de Coquimbo,ernc,1.0,0.0,470.97411421353104,5.363007482705968,5,2024-10-01 04:00:00
PMGD HP LA MONTAÑA II,La Montaña 2,Hidráulica,Pasada,Región del Maule,ernc,1.0,0.0,7.096271003490504,0.7504208231398275,5,2024-10-01 04:00:00
PMGD LORETO SOLAR,Loreto,Solar,(en blanco),Región de O'Higgins,ernc,1.0,0.0,14.422117402529265,0.0,5,2024-10-01 04:00:00
TER ATACAMA,Atacama TG2A + 0.5TV2C Gas Arg,Térmica,Gas Natural,Región de Antofagasta,convencional,0.0,0.0,0.0,0.0,5,2024-10-01 04:00:00
HP FLORIDA II,Florida U-2,Hidráulica,Pasada,Región Metropolitana,ernc,0.845,0.0,151.98523071325306,9.705442645941769,5,2024-10-01 04:00:00
PFV HUATACONDO,Huatacondo,Solar,(en blanco),Región de Tarapacá,ernc,1.0,0.0,508.27503192906806,0.0,5,2024-10-01 04:00:00
PMGD PFV  SANTA CAROLINA,SANTA CAROLINA,Solar,(en blanco),Región de O'Higgins,ernc,1.0,0.0,17.782036931131685,0.0,5,2024-10-01 04:00:00
TER ATACAMA,Atacama TG2A Gas Arg,Térmica,Gas Natural,Región de Antofagasta,convencional,0.0,0.0,0.0,0.0,5,2024-10-01 04:00:00
PMGD PFV PVP MAYOS,PMGD PFV Parque PVP Mayos,Solar,(en blanco),Región de O'Higgins,ernc,1.0,0.0,14.47030183543364,0.0,5,2024-10-01 04:00:00
HP FLORIDA III,Florida U-3,Hidráulica,Pasada,Región Metropolitana,convencional,0.0,0.0,55.23097258309127,2.301290524295471,5,2024-10-01 04:00:00
PMGD TER ALERCE,Alerce,Térmica,Diésel,Región de los Lagos,convencional,0.0,0.0,0.0,0.0,5,2024-10-01 04:00:00
HP DIGUA,HP DIGUA,Hidráulica,Pasada,Región del Maule,ernc,1.0,0.0,393.2205113252696,22.092389033236522,5,2024-10-01 04:00:00
TER CHAGUAL,Chagual,Térmica,Fuel Oil,Región de Coquimbo,convencional,0.0,0.0,0.0,0.0,5,2024-10-01 04:00:00
PMGD PFV RINCONADA,Rinconada,Solar,(en blanco),Región de O'Higgins,ernc,1.0,0.0,43.412005991033894,0.0,5,2024-10-01 04:00:00
PMGD PFV ALTOS DE TILTIL,Altos de Til Til,Solar,(en blanco),Región Metropolitana,ernc,1.0,0.0,11.378649821757058,0.0,5,2024-10-01 04:00:00
PMGD PFV CHILENER,PMGD PFV Chilener,Solar,(en blanco),Región Metropolitana,ernc,1.0,0.0,11.335784308911919,0.0,5,2024-10-01 04:00:00
HP MALALCAHUELLO,Malalcahuello,Hidráulica,Pasada,Región de la Araucanía,ernc,1.0,0.0,142.8801247258232,8.304657109414093,5,2024-10-01 04:00:00
TER ATACAMA,Atacama TG2B Gas Arg,Térmica,Gas Natural,Región de Antofagasta,convencional,0.0,0.0,0.0,0.0,5,2024-10-01 04:00:00
TER YUNGAY,TER Yungay U4,Térmica,Diésel,Región del Bío-Bío,convencional,0.0,0.0,0.0,0.0,5,2024-10-01 04:00:00
PMGD HP CENTRAL EL ATAJO,HP EL ATAJO,Hidráulica,Pasada,Región del Bío-Bío,ernc,1.0,0.0,16.882640194352057,0.6326764035867876,5,2024-10-01 04:00:00
TER ATACAMA,Atacama TG1A Gas Arg,Térmica,Gas Natural,Región de Antofagasta,convencional,0.0,0.0,0.0,0.0,5,2024-10-01 04:00:00
PMGD PFV CASABERMEJA,PMGD PFV Casabermeja,Solar,(en blanco),Región Metropolitana,ernc,1.0,0.0,30.01511497529601,0.0,5,2024-10-01 04:00:00
HP OJOS DE AGUA,OJOS DE AGUA,Hidráulica,Pasada,Región del Maule,ernc,1.0,0.0,125.04192837094891,5.196231957849177,5,2024-10-01 04:00:00
TER COLIHUES,TER COLIHUES (HFO),Térmica,Fuel Oil,Región de O'Higgins,convencional,0.0,0.0,0.0,0.0,5,2024-10-01 04:00:00
PMGD PFV ROMA,PMGD PFV Roma,Solar,(en blanco),Región de O'Higgins,ernc,1.0,0.0,17.35970324773835,0.0,5,2024-10-01 04:00:00
PFV CERRO DOMINADOR,PFV CERRO DOMINADOR,Solar,(en blanco),Región de Antofagasta,ernc,1.0,0.0,508.9354022534311,0.0,5,2024-10-01 04:00:00
PMGD TER CENTRAL QUITRALMAN,QUITRALMAN,Térmica,Diésel,Región del Bío-Bío,convencional,0.0,0.0,0.0,0.0,5,2024-10-01 04:00:00
PMGD PFV PITRA,PFV PITRA,Solar,(en blanco),Región de Valparaíso,ernc,1.0,0.0,20.175126660448434,0.0,5,2024-10-01 04:00:00
PMGD PFV LAS MERCEDES,Las Mercedes 1,Solar,(en blanco),Región de O'Higgins,ernc,1.0,0.0,11.766155974067704,0.0,5,2024-10-01 04:00:00
PMGD PFV PLOMO DE VERANO,PMGD PFV Plomo Verano,Solar,(en blanco),Región Metropolitana,ernc,1.0,0.0,17.667992707084885,0.0031126972472829946,5,2024-10-01 04:00:00
TER ATACAMA,Atacama TG1A + 0.5TV1C Gas Arg,Térmica,Gas Natural,Región de Antofagasta,convencional,0.0,0.0,0.0,0.0,5,2024-10-01 04:00:00
PMGD HP LA MONTAÑA,La Montaña 1,Hidráulica,Pasada,Región del Maule,ernc,1.0,0.0,47.83155999669518,1.9984635997448514,5,2024-10-01 04:00:00
PMGD TER CALAFATE,Calafate,Térmica,Diésel,Región de los Lagos,convencional,0.0,0.0,0.0,0.0,5,2024-10-01 04:00:00
PFV SAN PEDRO,PFV GPG SAN PEDRO,Solar,(en blanco),Región de Antofagasta,ernc,1.0,0.0,517.4501771933242,0.0,5,2024-10-01 04:00:00
PFV NUEVO QUILLAGUA,PFV NUEVO QUILLAGUA,Solar,(en blanco),Región de Antofagasta,ernc,1.0,0.0,351.07687789773695,0.0,5,2024-10-01 04:00:00
PFV JAMA,PFV JAMA-1,Solar,(en blanco),Región de Antofagasta,ernc,1.0,0.0,159.03918645076743,0.0,5,2024-10-01 04:00:00
TER ATACAMA,Atacama TG2B + 0.5TV2C Gas Arg,Térmica,Gas Natural,Región de Antofagasta,convencional,0.0,0.0,0.0,0.0,5,2024-10-01 04:00:00
PMGD PFV LUMBRERAS,LUMBRERAS,Solar,(en blanco),Región Metropolitana,ernc,1.0,0.0,21.07287311908036,0.0,5,2024-10-01 04:00:00
PFV FINIS TERRAE,PFV Finis Terrae,Solar,(en blanco),Región de Antofagasta,ernc,1.0,0.0,1366.2361618303205,0.0,5,2024-10-01 04:00:00
PMGD TER PRP LOS NEGROS,PRP LOS NEGROS,Térmica,Diésel,Región de los Lagos,convencional,0.0,0.0,0.0,0.0,5,2024-10-01 04:00:00
PMGD PFV EL SAUCE,EL SAUCE SOLAR,Solar,(en blanco),Región de O'Higgins,ernc,1.0,0.0,21.274918319867094,0.0,5,2024-10-01 04:00:00
PMGD PFV MERCURIO SUR,Mercurio Sur,Solar,(en blanco),Región del Maule,ernc,1.0,0.0,16.795059975666035,0.0,5,2024-10-01 04:00:00
HP PALMAR,Palmar,Hidráulica,Pasada,Región de los Lagos,ernc,1.0,0.0,89.02992645730913,3.8321490035007195,5,2024-10-01 04:00:00
PMGD PFV FRANCISCO,PMGD PFV Francisco,Solar,(en blanco),Región de O'Higgins,ernc,1.0,0.0,13.24240594515727,0.0,5,2024-10-01 04:00:00
TER CARDONES,TER Cardones,Térmica,Diésel,Región de Atacama,convencional,0.0,0.0,0.0,0.0,5,2024-10-01 04:00:00
PMGD TER CURACAUTIN,Curacautin,Térmica,Diésel,Región de la Araucanía,convencional,0.0,0.0,0.7419792543526904,0.0,5,2024-10-01 04:00:00
HP SAUZALITO,SAUZALITO,Hidráulica,Pasada,Región de O'Higgins,ernc,1.0,0.0,0.0,0.0,5,2024-10-01 04:00:00
HP NALCAS,NALCAS,Hidráulica,Pasada,Región de los Lagos,ernc,1.0,0.0,131.3064578982707,6.185174228229766,5,2024-10-01 04:00:00
TER UJINA,TER UJINA-UG6 (HFO),Térmica,Fuel Oil,Región de Tarapacá,convencional,0.0,0.0,0.0,0.0,5,2024-10-01 04:00:00
PMGD TER PRP TAMBORES,PRP TAMBORES,Térmica,Diésel,Región de los Ríos,convencional,0.0,0.0,0.0,0.0,5,2024-10-01 04:00:00
TER CONSTITUCION,Constitución 1 Elektragen,Térmica,Diésel,Región del Maule,convencional,0.0,0.0,0.0,0.0,5,2024-10-01 04:00:00
PMGD PFV TRICA-DOS,Trica-dos,Solar,(en blanco),Región del Maule,ernc,1.0,0.0,14.504220633514436,0.0,5,2024-10-01 04:00:00
TER ATACAMA,Atacama TG2A Diésel,Térmica,Gas Natural,Región de Antofagasta,convencional,0.0,0.0,0.0,0.0,5,2024-10-01 04:00:00
PMGD PFV CORDILLERILLA SOLAR,Solar Cordillerilla,Solar,(en blanco),Región del Maule,ernc,1.0,0.0,8.314631024314673,0.0,5,2024-10-01 04:00:00
PMGD PFV FOTOVOLT SOLAR [NO_MOSTRAR],FOTOVOLT SOLAR I,Solar,(en blanco),Región Metropolitana,ernc,1.0,0.0,0.0,0.0,5,2024-10-01 04:00:00
PMGD HP LA COMPAÑIA II,CH La Compañía II,Hidráulica,Pasada,Región de O'Higgins,ernc,1.0,0.0,44.46018162266857,1.9127397459764597,5,2024-10-01 04:00:00
PMGD HP LAS FLORES,PMGD HP LAS FLORES,Hidráulica,Pasada,Región de los Ríos,ernc,1.0,0.0,75.11391874152046,3.0860720470268896,5,2024-10-01 04:00:00
PFV TAMARICO [EN_REVISION],PFV Tamarico Etapa 2,Solar,(en blanco),Región Metropolitana,ernc,0.33,0.0,0.0,0.0,5,2024-10-01 04:00:00
HP MOCHO,Mocho,Hidráulica,Pasada,Región de los Ríos,ernc,1.0,0.0,252.5316154030148,14.398074193309492,5,2024-10-01 04:00:00
TER VALDIVIA,VALDIVIA,Térmica,Biomasa,Región de los Ríos,ernc,1.0,0.0,87.98934291588859,3.912193891302301,5,2024-10-01 04:00:00
PE LA FLOR,Eólica La Flor,Eólica,(en blanco),Región de la Araucanía,ernc,1.0,0.0,204.1644919489091,6.693753742407262,5,2024-10-01 04:00:00
PMGD PFV SAN EDUARDO,PMGD PFV San Eduardo,Solar,(en blanco),Región de Ñuble,ernc,1.0,0.0,1.8755201144448217,0.0,5,2024-10-01 04:00:00
PMGD PFV CHACABUCO,Chacabuco,Solar,(en blanco),Región de Valparaíso,ernc,1.0,0.0,66.98144850465424,0.0,5,2024-10-01 04:00:00
TER CANDELARIA,Candelaria 2 Gas Arg,Térmica,Gas Natural,Región de O'Higgins,convencional,0.0,0.0,0.0,0.0,5,2024-10-01 04:00:00
PMGD PFV EL PILPEN,El Pilpen,Solar,(en blanco),Región Metropolitana,ernc,1.0,0.0,20.364972833529457,0.0,5,2024-10-01 04:00:00
PMGD HP EYZAGUIRRE,EYZAGUIRRE,Hidráulica,Pasada,Región Metropolitana,ernc,1.0,0.0,0.0,0.0,5,2024-10-01 04:00:00
PMGD TER PRP CHIFIN,PRP CHIFIN,Térmica,Diésel,Región de los Lagos,convencional,0.0,0.0,0.0,0.0,5,2024-10-01 04:00:00
PMGD PFV PULLALLI SOLAR,Pullalli,Solar,(en blanco),Región de Valparaíso,ernc,1.0,0.0,7.858865365242202,0.0,5,2024-10-01 04:00:00
PMGD PFV LOS TILOS,PMGD PFV Los Tilos,Solar,(en blanco),Región de Valparaíso,ernc,1.0,0.0,32.8863033446383,0.0,5,2024-10-01 04:00:00
PMGD PFV LIRIO DEL CAMPO,Lirio del campo,Solar,(en blanco),Región Metropolitana,ernc,1.0,0.0,16.768736649095516,0.0,5,2024-10-01 04:00:00
TER UJINA,TER UJINA-UG4 (Diésel),Térmica,Diésel,Región de Tarapacá,convencional,0.0,0.0,0.0,0.0,5,2024-10-01 04:00:00
TER ATACAMA,Atacama TG1A GNL,Térmica,Gas Natural,Región de Antofagasta,convencional,0.0,0.0,21.512063596675056,0.0,5,2024-10-01 04:00:00
HP PIEDRAS NEGRAS,HP PIEDRAS NEGRAS,Hidráulica,Pasada,Región Metropolitana,ernc,1.0,0.0,32.378874291519644,1.4980992025642088,5,2024-10-01 04:00:00
PMGD PFV SANTA PAMELA,PMGD PFV Santa Pamela,Solar,(en blanco),Región del Bío-Bío,ernc,1.0,0.0,57.10176242918269,0.0,5,2024-10-01 04:00:00
PMGD PFV GRANADA,Granada,Solar,(en blanco),Región del Maule,ernc,1.0,0.0,47.64129137171036,0.0,5,2024-10-01 04:00:00
PMGD PFV CATEMU,Catemu,Solar,(en blanco),Región de Valparaíso,ernc,1.0,0.0,16.668749859917334,0.0,5,2024-10-01 04:00:00
PMGD PFV ALTURAS DE OVALLE,Alturas de Ovalle,Solar,(en blanco),Región de Coquimbo,ernc,1.0,0.0,30.787394351237722,0.0,5,2024-10-01 04:00:00
TER CEMENTOS BIO BIO CENTRO,Cementos Bío Bío Diésel,Térmica,Diésel,Región del Maule,convencional,0.0,0.0,0.0,0.0,5,2024-10-01 04:00:00
PMGD PFV UTFSM VALPARAISO VALDES,UTFSM Valparaíso Valdés,Solar,(en blanco),Región de Valparaíso,ernc,1.0,0.0,0.0,0.0,5,2024-10-01 04:00:00
TER NORGENER [No_Mostrar],NTO2 (Carbon),Térmica,Carbón,Región de Antofagasta,convencional,0.0,0.0,0.0,0.0,5,2024-10-01 04:00:00
TER PAJONALES,Pajonales,Térmica,Fuel Oil,Región de Atacama,convencional,0.0,0.0,0.0,0.0,5,2024-10-01 04:00:00
PMGD PFV LOS PERALES,Los Perales,Solar,(en blanco),Región de Valparaíso,ernc,1.0,0.0,17.815256375927145,0.0,5,2024-10-01 04:00:00
PMGD TER EL FARO,El Faro,Térmica,Diésel,Región de Coquimbo,convencional,0.0,0.0,0.0,0.0,5,2024-10-01 04:00:00
PMGD PFV VILLA CRUZ,Villa Cruz,Solar,(en blanco),Región del Maule,ernc,1.0,0.0,11.63636057403129,0.0,5,2024-10-01 04:00:00
HP EL RINCON,EL RINCON,Hidráulica,Pasada,Región Metropolitana,ernc,1.0,0.0,6.121672786009007,0.254997188954417,5,2024-10-01 04:00:00
PFV DOÑA CARMEN SOLAR,PFV DOÑA CARMEN SOLAR,Solar,(en blanco),Región de Valparaíso,ernc,1.0,0.0,148.24313220852912,0.0,5,2024-10-01 04:00:00
TER UJINA,TER UJINA-UG5 (HFO),Térmica,Fuel Oil,Región de Tarapacá,convencional,0.0,0.0,0.0,0.0,5,2024-10-01 04:00:00
PMGD TER BLUEGATE,BLUEGATE,Térmica,Diésel,Región de los Lagos,convencional,0.0,0.0,0.0,0.0,5,2024-10-01 04:00:00
TER CELCO,CELCO,Térmica,Biomasa,Región del Maule,ernc,1.0,0.0,84.51739590749497,4.292407108359813,5,2024-10-01 04:00:00
TER ATACAMA,Atacama TG2A GNL,Térmica,Gas Natural,Región de Antofagasta,convencional,0.0,0.0,71.13989403365565,0.0,5,2024-10-01 04:00:00
TER ENERGIA PACIFICO,Energía Pacífico,Térmica,Biomasa,Región de O'Higgins,ernc,1.0,0.0,354.50880246222977,15.198523071325306,5,2024-10-01 04:00:00
PMGD PFV CINTAC,PMGD PFV Cintac,Solar,(en blanco),Región Metropolitana,ernc,1.0,0.0,0.11481959836343114,0.0,5,2024-10-01 04:00:00
PMGD PFV EA SF PICHILEMU [En_Revision],PMGD PFV EA SF Pichilemu,Solar,(en blanco),Región de O'Higgins,ernc,1.0,0.0,23.319135768186275,0.0,5,2024-10-01 04:00:00
PMGD PFV ALTO SOLAR,Alto Solar,Solar,(en blanco),Región Metropolitana,ernc,1.0,0.0,20.103545920896163,0.0,5,2024-10-01 04:00:00
HP SAN IGNACIO,SAN IGNACIO,Hidráulica,Pasada,Región del Maule,ernc,0.0575,0.0,668.3748131432063,30.016832925593103,5,2024-10-01 04:00:00
PE CABO LEONES III,PE CABO LEONES III,Eólica,(en blanco),Región de Atacama,ernc,1.0,0.0,2609.763510660816,74.17159415914055,5,2024-10-01 04:00:00
PFV LA HUAYCA II,PFV LA HUAYCA II,Solar,(en blanco),Región de Tarapacá,ernc,1.0,0.0,94.41294516196551,0.0,5,2024-10-01 04:00:00
TER CANDELARIA,Candelaria 2 GNL,Térmica,Gas Natural,Región de O'Higgins,convencional,0.0,0.0,0.0,0.0,5,2024-10-01 04:00:00
PMGD TER ANCALI,ANCALI,Térmica,BioGas,Región del Bío-Bío,ernc,1.0,0.0,0.0,0.0,5,2024-10-01 04:00:00
PMGD PFV SANTA TERESITA,PMGD PFV Santa Teresita,Solar,(en blanco),Región Metropolitana,ernc,1.0,0.0,73.14099804139606,0.0,5,2024-10-01 04:00:00
PMGD PFV LAS CHACRAS,Las Chacras,Solar,(en blanco),Región de Valparaíso,ernc,1.0,0.0,16.28271416891619,0.0,5,2024-10-01 04:00:00
PMGD PFV RCU (RTN),PMGD PFV Rcu,Solar,(en blanco),Región del Maule,ernc,1.0,0.0,23.86685689911178,0.0,5,2024-10-01 04:00:00
TER YUNGAY,TER Yungay U2 Gas Argentino,Térmica,Gas Natural,Región del Bío-Bío,convencional,0.0,0.0,0.0,0.0,5,2024-10-01 04:00:00
PMGD PFV PEPA SOLAR,PMGD PFV PEPA SOLAR,Solar,(en blanco),Región Metropolitana,ernc,1.0,0.0,48.02301709705661,0.0,5,2024-10-01 04:00:00
PMGD TER DEUCO,Deuco,Térmica,Diésel,Región Metropolitana,convencional,0.0,0.0,0.0,0.0,5,2024-10-01 04:00:00
PMGD HP ALLIPEN,ALLIPÉN,Hidráulica,Pasada,Región de la Araucanía,ernc,1.0,0.0,0.0,0.0,5,2024-10-01 04:00:00
PMGD HP LA ARENA,PMGD HP LA ARENA,Hidráulica,Pasada,Región de los Lagos,ernc,1.0,0.0,126.7005150628473,6.145311786255314,5,2024-10-01 04:00:00
PMGD PFV PARAGUAY,Paraguay,Solar,(en blanco),Región del Maule,ernc,1.0,0.0,54.83057564164699,0.0,5,2024-10-01 04:00:00
PE EL ARRAYAN,PE EL ARRAYÁN,Eólica,(en blanco),Región de Coquimbo,ernc,1.0,0.0,1356.4406686856018,16.599308607852986,5,2024-10-01 04:00:00
PMGD PFV EL GUANACO SOLAR,PMGD PFV Guanaco Solar,Solar,(en blanco),Región Metropolitana,ernc,1.0,0.0,61.532101181445064,0.0,5,2024-10-01 04:00:00
TER YUNGAY,TER Yungay U3 Gas Argentino,Térmica,Gas Natural,Región del Bío-Bío,convencional,0.0,0.0,0.0,0.0,5,2024-10-01 04:00:00
PMGD PFV PUENTE SOLAR,Puente Solar,Solar,(en blanco),Región Metropolitana,ernc,1.0,0.0,17.059504582270396,0.0,5,2024-10-01 04:00:00
TER CANDELARIA,Candelaria 2 Diésel,Térmica,Diésel,Región de O'Higgins,convencional,0.0,0.0,0.0,0.0,5,2024-10-01 04:00:00
PMGD PFV SANTA RITA,Santa Rita,Solar,(en blanco),Región de Ñuble,ernc,1.0,0.0,18.379816969935025,0.0,5,2024-10-01 04:00:00
TER ATACAMA,Atacama TG1A + 0.5TV1C GNL,Térmica,Gas Natural,Región de Antofagasta,convencional,0.0,0.0,882.995168561197,0.0,5,2024-10-01 04:00:00
PMGD PFV GUADALAO,Guadalao,Solar,(en blanco),Región de O'Higgins,ernc,1.0,0.0,14.945406590839976,0.0,5,2024-10-01 04:00:00
BESS PFV COYA,BESS COYA (retiro),Bess,(en blanco),Región de Antofagasta,ernc,1.0,0.0,581.3660201028872,0.0,5,2024-10-01 04:00:00
PMGD PFV PRETTY FIELD,PMGD PFV PRETTY FIELD,Solar,(en blanco),Región de Coquimbo,ernc,1.0,0.0,17.57558590233209,0.0,5,2024-10-01 04:00:00
PMGD PFV CANDELARIA SOLAR,Candelaria Solar,Solar,(en blanco),Región de O'Higgins,ernc,1.0,0.0,13.32215752777833,0.0,5,2024-10-01 04:00:00
PFV JAVIERA,JAVIERA (SOLAR),Solar,(en blanco),Región de Atacama,ernc,1.0,0.0,343.182450838306,0.0,5,2024-10-01 04:00:00
PMGD PFV PUEBLO HUNDIDO,PMGD PFV Pueblo Hundido,Solar,(en blanco),Región de O'Higgins,ernc,1.0,0.0,15.030784962668013,0.0,5,2024-10-01 04:00:00
PMGD PFV CRUCERO,Crucero,Solar,(en blanco),Región de O'Higgins,ernc,1.0,0.0,10.501537046141035,0.0,5,2024-10-01 04:00:00
PFV LA SILLA,PFV La Silla,Solar,(en blanco),Región de Coquimbo,ernc,1.0,0.0,14.318029305507912,0.0,5,2024-10-01 04:00:00
PE PUNTA COLORADA,PE PUNTA COLORADA,Eólica,(en blanco),Región de Coquimbo,ernc,1.0,0.0,0.0,0.0,5,2024-10-01 04:00:00
PFV USYA,PFV Usya,Solar,(en blanco),Región de Antofagasta,ernc,1.0,0.0,244.97737911674048,0.0,5,2024-10-01 04:00:00
TER ATACAMA,Atacama TG1B + 0.5TV1C GNL,Térmica,Gas Natural,Región de Antofagasta,convencional,0.0,0.0,0.0,0.0,5,2024-10-01 04:00:00
PE PUNTA SIERRA,PARQUE EÓLICO PUNTA SIERRA,Eólica,(en blanco),Región de Coquimbo,ernc,1.0,0.0,1000.9313051258524,16.549280552976995,5,2024-10-01 04:00:00
HP MC2,HP MC2,Hidráulica,Pasada,Región de los Lagos,ernc,1.0,0.0,49.133267113742825,2.2561273191438533,5,2024-10-01 04:00:00
PMGD PFV LOS PALTOS,Los Paltos,Solar,(en blanco),Región de Valparaíso,ernc,1.0,0.0,22.15058794308798,0.0,5,2024-10-01 04:00:00
HP PROVIDENCIA,PROVIDENCIA,Hidráulica,Pasada,Región del Maule,ernc,1.0,0.0,64.27489759357763,2.7104362259946386,5,2024-10-01 04:00:00
TER ESCUADRON,Escuadrón,Térmica,Biomasa,Región del Bío-Bío,ernc,1.0,0.0,16.48924688712581,0.5202917707102804,5,2024-10-01 04:00:00
PMGD PFV ENCON SOLAR,Encon Solar I,Solar,(en blanco),Región de Valparaíso,ernc,1.0,0.0,68.94963430232646,0.0,5,2024-10-01 04:00:00
PMGD PFV PARQUE PVP UNIHUE,PMGD PFV PVP Unihue,Solar,(en blanco),Región del Maule,ernc,1.0,0.0,19.307867473856305,0.0,5,2024-10-01 04:00:00
TER VIÑALES,Viñales,Térmica,Biomasa,Región del Maule,ernc,1.0,0.0,381.543963317214,22.032355367385335,5,2024-10-01 04:00:00
PMGD PFV CABIMAS [EN_REVISION],PMGD PFV Cabimas,Solar,(en blanco),Región del Maule,ernc,1.0,0.0,0.411148950786932,0.0,5,2024-10-01 04:00:00
HP MC1,HP MC1,Hidráulica,Pasada,Región de los Lagos,ernc,1.0,0.0,168.2224276857054,9.05587134618669,5,2024-10-01 04:00:00
TER ATACAMA,Atacama TG1B GNL,Térmica,Gas Natural,Región de Antofagasta,convencional,0.0,0.0,0.0,0.0,5,2024-10-01 04:00:00
TER ATACAMA,Atacama TG2A + 0.5TV2C Diésel,Térmica,Gas Natural,Región de Antofagasta,convencional,0.0,0.0,0.0,0.0,5,2024-10-01 04:00:00
PMGD PFV RAUQUEN,Rauquén,Solar,(en blanco),Región del Maule,ernc,1.0,0.0,52.12681515829444,0.0,5,2024-10-01 04:00:00
TER CANDELARIA,Candelaria 1 Gas Arg,Térmica,Gas Natural,Región de O'Higgins,convencional,0.0,0.0,715.4011847266355,0.0,5,2024-10-01 04:00:00
PFV CARRERA PINTO,PFV Carrera Pinto,Solar,(en blanco),Región de Atacama,ernc,1.0,0.0,371.8085038383466,0.0,5,2024-10-01 04:00:00
PMGD PFV LAS TORCAZAS,Las Torcazas,Solar,(en blanco),Región de O'Higgins,ernc,1.0,0.0,17.84005479155373,0.0,5,2024-10-01 04:00:00
PFV GRANJA SOLAR,PFV Granja Solar,Solar,(en blanco),Región de Tarapacá,ernc,1.0,0.0,608.9014615066312,0.0,5,2024-10-01 04:00:00
PE TOLPAN SUR,PE Tolpán Sur,Eólica,(en blanco),Región de la Araucanía,ernc,1.0,0.0,437.7855026088002,24.303629058755213,5,2024-10-01 04:00:00
PFV EL ROMERO,El Romero,Solar,(en blanco),Región de Atacama,ernc,1.0,0.0,890.0091018548106,0.0,5,2024-10-01 04:00:00
PMGD HP LA VIÑA - ALTO LA VIÑA,PMGD La Viña - Alto la Viña,Hidráulica,Pasada,Región del Bío-Bío,ernc,1.0,0.0,9.276862606599039,0.3514913379198159,5,2024-10-01 04:00:00
PE CABO LEONES II,PE CABO LEONES II,Eólica,(en blanco),Región de Atacama,ernc,1.0,0.0,2210.7097281370066,47.26650624683394,5,2024-10-01 04:00:00
PMGD HP EL TARTARO,EL TÁRTARO,Hidráulica,Pasada,Región de Valparaíso,ernc,1.0,0.0,0.0,0.0,5,2024-10-01 04:00:00
TER YUNGAY,TER Yungay U1 Gas Argentino,Térmica,Gas Natural,Región del Bío-Bío,convencional,0.0,0.0,0.0,0.0,5,2024-10-01 04:00:00
PMGD PFV CHUCHIÑI,Chuchiñi,Solar,(en blanco),Región de Coquimbo,ernc,1.0,0.0,0.0,0.0,5,2024-10-01 04:00:00
PMGD PFV ÑIQUEN,Niquen,Solar,(en blanco),Región de Ñuble,ernc,1.0,0.0,18.514187676324845,0.0,5,2024-10-01 04:00:00
HP CARENA,CARENA,Hidráulica,Pasada,Región Metropolitana,ernc,1.0,0.0,110.46194516618255,4.602581048590942,5,2024-10-01 04:00:00
PMGD PFV DON ANDRONICO,DON ANDRÓNICO,Solar,(en blanco),Región Metropolitana,ernc,1.0,0.0,15.67886641244075,0.0,5,2024-10-01 04:00:00
PMGD PFV LOS TAURETES,PMGD PFV Los Tauretes,Solar,(en blanco),Región Metropolitana,ernc,1.0,0.0,21.170997156259137,0.0,5,2024-10-01 04:00:00
PFV SOL DE LOS ANDES,PFV SOL DE LOS ANDES,Solar,(en blanco),Región de Atacama,ernc,1.0,0.0,402.2555780358731,0.0,5,2024-10-01 04:00:00
PFV COYA,PFV COYA,Solar,(en blanco),Región de Antofagasta,ernc,1.0,0.0,698.7418424529313,0.0,5,2024-10-01 04:00:00
PMGD PFV CABILSOL,Cabilsol,Solar,(en blanco),Región de Valparaíso,ernc,1.0,0.0,20.322029698054877,0.0,5,2024-10-01 04:00:00
PMGD PFV CONDOR PELVIN,PMGD PFV Condor Pelvin,Solar,(en blanco),Región Metropolitana,ernc,1.0,0.0,14.499950894017681,0.0,5,2024-10-01 04:00:00
TER KELAR,KELAR TG1 + 0.5 TV (Gas Arg),Térmica,Gas Natural,Región de Antofagasta,convencional,0.0,0.0,0.0,0.0,5,2024-10-01 04:00:00
TER NEHUENCO II,Nehuenco II GNL,Térmica,Gas Natural,Región de Valparaíso,convencional,0.0,0.0,0.0,0.0,5,2024-10-01 04:00:00
PMGD PFV PSF LA GAMBOINA,PMGD PFV La Gamboina,Solar,(en blanco),Región de O'Higgins,ernc,1.0,0.0,22.548577362435157,0.0,5,2024-10-01 04:00:00
PMGD PFV EL MONTE,PMGD PFV El Monte,Solar,(en blanco),Región Metropolitana,ernc,1.0,0.0,16.125534045195952,0.0,5,2024-10-01 04:00:00
PMGD PFV SALERNO SOLAR,PMGD PFV Salerno Solar,Solar,(en blanco),Región Metropolitana,ernc,1.0,0.0,22.599923043013064,0.0,5,2024-10-01 04:00:00
PMGD PFV LAS TORTOLAS DEL VERANO,PMGD PFV Las Tórtolas del Verano,Solar,(en blanco),Región de Valparaíso,ernc,1.0,0.0,22.124775864216417,0.0,5,2024-10-01 04:00:00
PMGD PFV MAIKONO,PMGD PFV Maikono,Solar,(en blanco),Región de Valparaíso,ernc,1.0,0.0,22.351980947234015,0.0,5,2024-10-01 04:00:00
PMGD PFV PUELCHE SOLAR,PMGD PFV Puelche,Solar,(en blanco),Región del Bío-Bío,ernc,1.0,0.0,18.957305226554595,0.0,5,2024-10-01 04:00:00
TER NEHUENCO II,Nehuenco II Gas Natural,Térmica,Gas Natural,Región de Valparaíso,convencional,0.0,0.0,0.0,0.0,5,2024-10-01 04:00:00
PMGD PFV PELUMPEN SOLAR,PMGD PFV Pelumpen,Solar,(en blanco),Región de Valparaíso,ernc,1.0,0.0,22.45157233307679,0.0,5,2024-10-01 04:00:00
TER KELAR,KELAR TG1 (Gas Arg),Térmica,Gas Natural,Región de Antofagasta,convencional,0.0,0.0,0.0,0.0,5,2024-10-01 04:00:00
PMGD TER AGGREKO 01,PMGD TER AGGREKO,Térmica,Diésel,Región Metropolitana,convencional,0.0,0.0,0.0,0.0,5,2024-10-01 04:00:00
PMGD PFV DIEGO DE ALMAGRO SOLAR,PMGD PFV Diego de Almagro,Solar,(en blanco),Región de Atacama,ernc,1.0,0.0,72.86611229367867,0.0,5,2024-10-01 04:00:00
PE LLANOS DEL  VIENTO,llanos del viento,Eólica,(en blanco),Región de Antofagasta,ernc,1.0,0.0,825.6430064513638,0.9805498755693747,5,2024-10-01 04:00:00
PMGD HP CALIBORO,Caliboro,Hidráulica,Pasada,Región del Bío-Bío,ernc,1.0,0.0,18.299037665685276,0.6929166214688135,5,2024-10-01 04:00:00
PFV TAMAYA SOLAR,TAMAYA SOLAR,Solar,(en blanco),Región de Antofagasta,ernc,1.0,0.0,304.6308317508692,0.0,5,2024-10-01 04:00:00
TER NUEVA ALDEA II,Nueva Aldea 2,Térmica,Diésel,Región de Ñuble,convencional,0.0,0.0,0.0,0.0,5,2024-10-01 04:00:00
PMGD PFV MALLOCO,PMGD PFV Malloco,Solar,(en blanco),Región Metropolitana,ernc,1.0,0.0,15.31823987655844,0.0,5,2024-10-01 04:00:00
PMGD PFV SOLARPARK VILLA ALEMANA,PMGD PFV SolarPark Villa Alemana,Solar,(en blanco),Región de Valparaíso,ernc,1.0,0.0,18.14160219286964,0.0,5,2024-10-01 04:00:00
PMGD PFV LOS JOTES,PMGD PFV Los Jotes,Solar,(en blanco),Región de Valparaíso,ernc,1.0,0.0,22.867903995139404,0.0,5,2024-10-01 04:00:00
PMGD PFV NAZARINO DEL VERANO SOLAR,PMGD PFV Nazarino del Verano Solar,Solar,(en blanco),Región Metropolitana,ernc,1.0,0.0,17.62591891042062,0.0,5,2024-10-01 04:00:00
PMGD PFV REXNER,PMGD PFV Rexner,Solar,(en blanco),Región de Valparaíso,ernc,1.0,0.0,22.728938585518733,0.0,5,2024-10-01 04:00:00
TER NUEVA ALDEA,Nueva Aldea Bloque 2,Térmica,Biomasa,Región de Ñuble,ernc,0.32,0.0,892.0602521047261,37.65111409966895,5,2024-10-01 04:00:00
PMGD PFV PATRICIA DEL VERANO SOLAR,PMGD PFV Patricia Del Verano,Solar,(en blanco),Región Metropolitana,ernc,1.0,0.0,47.5314215882183,0.0,5,2024-10-01 04:00:00
PFV RIO ESCONDIDO,PFV RÍO ESCONDIDO,Solar,(en blanco),Región de Atacama,ernc,1.0,0.0,814.8269409871751,0.0,5,2024-10-01 04:00:00
PE MALLECO NORTE,MALLECO NORTE,Eólica,(en blanco),Región de la Araucanía,ernc,1.0,0.0,510.3361877899587,18.650458857768516,5,2024-10-01 04:00:00
PE CAMPO LINDO,PE CAMPO LINDO,Eólica,(en blanco),Región del Bío-Bío,ernc,1.0,0.0,304.87096641427394,14.378062971359094,5,2024-10-01 04:00:00
PE TCHAMMA,PE TCHAMMA,Eólica,(en blanco),Región de Antofagasta,ernc,1.0,0.0,961.9594503774573,24.473724445333577,5,2024-10-01 04:00:00
TER SAN JAVIER I,TER SAN JAVIER 1,Térmica,Diésel,Región del Maule,convencional,0.0,0.0,0.0,0.0,5,2024-10-01 04:00:00
TER KELAR,KELAR TG1 + 0.5 TV (GNL),Térmica,Gas Natural,Región de Antofagasta,convencional,0.0,0.0,0.0,0.0,5,2024-10-01 04:00:00
TER NUEVA ALDEA,Nueva Aldea Bloque 1 + 3,Térmica,Biomasa,Región de Ñuble,ernc,1.0,0.0,107.77043581385445,5.5230972583091305,5,2024-10-01 04:00:00
PFV SOL DEL DESIERTO,Sol del Desierto,Solar,(en blanco),Región de Antofagasta,ernc,1.0,0.0,1182.1629367196083,0.0,5,2024-10-01 04:00:00
PMGD PFV SANTA ELIZABETH,PMGD PFV Santa Elizabeth,Solar,(en blanco),Región de O'Higgins,ernc,1.0,0.0,50.76449538340682,0.0,5,2024-10-01 04:00:00
PFV VALLE DEL SOL,PFV VALLE DEL SOL,Solar,(en blanco),Región de Antofagasta,ernc,1.0,0.0,706.1660057965281,0.0,5,2024-10-01 04:00:00
PMGD PFV BELENOS TIL TIL [EN_REVISION],PMGD PFV BELENOS TIL TIL [EN_REVISION],Solar,(en blanco),Región Metropolitana,ernc,1.0,0.0,0.0,0.0,5,2024-10-01 04:00:00
PMGD TER SANTA IRENE [No_Mostrar],PMGD TER Santa Irene,Térmica,BioGas,Región de O'Higgins,ernc,1.0,0.0,0.0,0.0,5,2024-10-01 04:00:00
PFV CASTILLA,PFV CASTILLA,Solar,(en blanco),Región de Atacama,ernc,1.0,0.0,25.40424626602696,0.0,5,2024-10-01 04:00:00
PMGD PFV MANAO,PMGD PFV MANAO,Solar,(en blanco),Región Metropolitana,ernc,1.0,0.0,23.93211634489082,0.0,5,2024-10-01 04:00:00
PMGD PFV TREBO,PMGD PFV TREBO,Solar,(en blanco),Región Metropolitana,ernc,1.0,0.0,17.895553766527968,0.0,5,2024-10-01 04:00:00
PMGD PFV ALBOR SOLAR,PMGD PFV Albor Solar,Solar,(en blanco),Región del Bío-Bío,ernc,1.0,0.0,30.213817327770695,0.0,5,2024-10-01 04:00:00
PMGD HP CAVANCHA,CAVANCHA,Hidráulica,Pasada,Región de Tarapacá,ernc,1.0,0.0,40.48328698999911,1.6875329789802447,5,2024-10-01 04:00:00
PMGD HP DONGUIL,PMGD HP DONGUIL,Hidráulica,Pasada,Región de la Araucanía,ernc,1.0,0.0,4.800229812731338,0.19369267263206144,5,2024-10-01 04:00:00
PMGD PFV PARQUE CURICURA,PMGD PFV Curicura,Solar,(en blanco),Región del Maule,ernc,1.0,0.0,57.12710854424974,0.0,5,2024-10-01 04:00:00
TER NEHUENCO 9B,Nehuenco 9B Diésel,Térmica,Diésel,Región de Valparaíso,convencional,0.0,0.0,0.0,0.0,5,2024-10-01 04:00:00
PMGD TER CENTRAL DE RESPALDO EGIDO,PMGD TER Egido,Térmica,Diésel,Región de Valparaíso,convencional,0.0,0.0,0.0,0.0,5,2024-10-01 04:00:00
PMG PFV SOLAR PALERMO [EN_REVISION],PMG SOLAR PALERMO,Solar,(en blanco),Región Metropolitana,ernc,1.0,0.0,65.16654428146263,0.0,5,2024-10-01 04:00:00
PMGD PFV PARQUE VALPARAISO,PMG PFV PARQUE VALPARAISO,Solar,(en blanco),Región de Valparaíso,ernc,1.0,0.0,53.96057695258881,0.0,5,2024-10-01 04:00:00
PMGD PFV JAVIERA CARRERA,PMGD PFV Javiera Carrera,Solar,(en blanco),Región Metropolitana,ernc,1.0,0.0,44.52475528647282,0.0,5,2024-10-01 04:00:00
PMGD PFV FARAMALLA,PMGD PFV FARAMALLA,Solar,(en blanco),Región Metropolitana,ernc,1.0,0.0,18.318881044312015,0.0,5,2024-10-01 04:00:00
PMGD PFV LAS CATITAS,PMGD PFV Las Catitas,Solar,(en blanco),Región del Maule,ernc,1.0,0.0,46.81492050098519,0.0,5,2024-10-01 04:00:00
PFV DOMEYKO,PFV Domeyko,Solar,(en blanco),Región de Antofagasta,ernc,1.0,0.0,1026.5056467784577,0.0,5,2024-10-01 04:00:00
TER NEHUENCO,Nehuenco GNL,Térmica,Gas Natural,Región de Valparaíso,convencional,0.0,0.0,621.3484415597773,310.1739402311287,5,2024-10-01 04:00:00
PE PUELCHE SUR,puelche sur,Eólica,(en blanco),Región de los Lagos,ernc,1.0,0.0,602.9581285873638,44.21479489939864,5,2024-10-01 04:00:00
PMGD PFV VENTISQUERO SOLAR,PMGD PFV VENTISQUERO,Solar,(en blanco),Región de O'Higgins,ernc,1.0,0.0,38.3113701703605,0.0,5,2024-10-01 04:00:00
TER KELAR,KELAR TG2 + 0.5 TV (Gas Arg),Térmica,Gas Natural,Región de Antofagasta,convencional,0.0,0.0,0.0,0.0,5,2024-10-01 04:00:00
PMGD PFV GABARDO DEL VERANO SOLAR,PMGD PFV GABARDO,Solar,(en blanco),Región Metropolitana,ernc,1.0,0.0,10.026304565108356,0.0,5,2024-10-01 04:00:00
PMGD PFV CAÑONES SUNLIGHT,PMGD PFV CAÑONES SUNLIGHT,Solar,(en blanco),Región de Valparaíso,ernc,1.0,0.0,66.46318237158683,0.0,5,2024-10-01 04:00:00
PMGD PFV SAMO BAJO,PMGD PFV SAMO BAJO,Solar,(en blanco),Región de Coquimbo,ernc,1.0,0.0,14.177064790923435,0.0,5,2024-10-01 04:00:00
PMGD PFV MITCHI,PMGD PFV MITCHI,Solar,(en blanco),Región de Antofagasta,ernc,1.0,0.0,0.0,0.0,5,2024-10-01 04:00:00
PMGD PFV COLTAUCO ALMENDRO,PMGD PFV Coltauco Almendro,Solar,(en blanco),Región de O'Higgins,ernc,1.0,0.0,13.736935334965755,0.0,5,2024-10-01 04:00:00
PMGD PFV LO BOZA,PMGD PFV LO BOZA,Solar,(en blanco),Región Metropolitana,ernc,1.0,0.0,1.9503410427394197,0.0,5,2024-10-01 04:00:00
TER NEHUENCO II,Nehuenco II Diésel,Térmica,Diésel,Región de Valparaíso,convencional,0.0,0.0,0.0,0.0,5,2024-10-01 04:00:00
PE CERRO TIGRE,PE CERRO TIGRE,Eólica,(en blanco),Región de Antofagasta,ernc,1.0,0.0,751.5514571800248,0.0,5,2024-10-01 04:00:00
PMGD TER LAS PAMPAS [No_Mostrar],Las Pampas,Térmica,BioGas,Región de O'Higgins,ernc,1.0,0.0,0.0,0.0,5,2024-10-01 04:00:00
HP ALFALFAL II,ALFALFAL 2,Hidráulica,Pasada,Región Metropolitana,convencional,0.0,0.0,0.0,0.0,5,2024-10-01 04:00:00
HP LAS LAJAS,LAS LAJAS,Hidráulica,Pasada,Región Metropolitana,convencional,0.0,0.0,0.0,0.0,5,2024-10-01 04:00:00
TER NEHUENCO 9B,Nehuenco 9B GNL,Térmica,Gas Natural,Región de Valparaíso,convencional,0.0,0.0,0.0,0.0,5,2024-10-01 04:00:00
PFV LA CRUZ SOLAR,PFV LA CRUZ SOLAR,Solar,(en blanco),Región de Antofagasta,ernc,1.0,0.0,269.12091839989256,0.0,5,2024-10-01 04:00:00
PMGD PFV PARQUE ALHUE,PMGD PFV ALHUE,Solar,(en blanco),Región Metropolitana,ernc,1.0,0.0,13.153266398026563,0.0,5,2024-10-01 04:00:00
PMGD PFV ERINOME,PMGD PFV Erinome,Solar,(en blanco),Región del Maule,ernc,1.0,0.0,15.908497435884179,0.0,5,2024-10-01 04:00:00
PMGD PFV LOS TORDOS,PMGD PFV Los Tordos,Solar,(en blanco),Región del Maule,ernc,1.0,0.0,37.09129166133759,0.0,5,2024-10-01 04:00:00
TER KELAR,KELAR TG1 + TG2 + TV (Gas Arg),Térmica,Gas Natural,Región de Antofagasta,convencional,0.0,0.0,0.0,0.0,5,2024-10-01 04:00:00
TER NEHUENCO 9B,Nehuenco 9B Gas Natural,Térmica,Gas Natural,Región de Valparaíso,convencional,0.0,0.0,0.0,0.0,5,2024-10-01 04:00:00
PMGD PFV COLINA,PMGD PFV Colina,Solar,(en blanco),Región Metropolitana,ernc,1.0,0.0,74.94680590280385,0.0,5,2024-10-01 04:00:00
PMGD PFV CONCON,PMGD PFV Abastible Concon,Solar,(en blanco),Región de Valparaíso,ernc,1.0,0.0,0.0,0.0,5,2024-10-01 04:00:00
PMGD PFV SAN CARLOS SOLAR,PMGD PFV San Carlos,Solar,(en blanco),Región de Ñuble,ernc,1.0,0.0,18.149602907633394,0.0,5,2024-10-01 04:00:00
PMGD PFV CABILDO SUNLIGHT,PMGD PFV Cabildo Sunlight,Solar,(en blanco),Región de Valparaíso,ernc,1.0,0.0,88.02044396712523,0.0,5,2024-10-01 04:00:00
PMGD PFV SANTA FRANCISCA,PMGD PFV Santa Francisca,Solar,(en blanco),Región de Coquimbo,ernc,1.0,0.0,38.777488848228515,0.0,5,2024-10-01 04:00:00
PMGD PFV LAS TENCAS,PMGD PFV Las Tencas,Solar,(en blanco),Región de O'Higgins,ernc,1.0,0.0,58.78561896577704,0.0,5,2024-10-01 04:00:00
PMGD PFV DADINCO,Dadinco,Solar,(en blanco),Región de Ñuble,ernc,1.0,0.0,19.55139148294804,0.01914859000117871,5,2024-10-01 04:00:00
TER KELAR,KELAR TG1 + 0.5 TV (Diesel),Térmica,Diésel,Región de Antofagasta,convencional,0.0,0.0,0.0,0.0,5,2024-10-01 04:00:00
PMGD PFV SAN CAMILO,PFV PMGD San Camilo,Solar,(en blanco),Región del Maule,ernc,1.0,0.0,19.850732817539534,0.0,5,2024-10-01 04:00:00
PMGD PFV RINCONADA ALCONES,PMGD PFV Rinconada Alcones,Solar,(en blanco),Región de O'Higgins,ernc,1.0,0.0,74.01843072721226,0.0,5,2024-10-01 04:00:00
PMGD PFV SANTA LUISA,PMGD PFV SANTA LUISA,Solar,(en blanco),Región de Ñuble,ernc,1.0,0.0,19.092643169454075,0.0,5,2024-10-01 04:00:00
PMGD TER DIESEL CEREZO,PMGD Diesel Cerezo,Térmica,Diésel,Región del Maule,convencional,0.0,0.0,0.0,0.0,5,2024-10-01 04:00:00
PMGD TER LOMAS COLORADAS,PMGD TER LOMAS COLORADAS,Térmica,Biomasa,Región del Bío-Bío,ernc,1.0,0.0,2.0176616520836617,0.0,5,2024-10-01 04:00:00
PMGD PFV COLCHAGUA,PMGD PFV Colchagua,Solar,(en blanco),Región de O'Higgins,ernc,1.0,0.0,10.21608483953454,0.0,5,2024-10-01 04:00:00
TER NUEVA RENCA,Nueva Renca FA GLP,Térmica,Gas Natural,Región Metropolitana,convencional,0.0,0.0,0.0,0.0,5,2024-10-01 04:00:00
PMGD PFV LOS MAGNOLIOS SOLAR,PMGD PFV LOS MAGNOLIOS SOLAR,Solar,(en blanco),Región de Valparaíso,ernc,1.0,0.0,24.57618489569857,0.0,5,2024-10-01 04:00:00
PMGD PFV LOCKMA,PMGD PFV Lockma,Solar,(en blanco),Región de Antofagasta,ernc,1.0,0.0,70.90576228838454,0.0,5,2024-10-01 04:00:00
PMGD PFV LOS MOLINOS,Los Molinos,Solar,(en blanco),Región Metropolitana,ernc,1.0,0.0,68.04844696881086,0.0,5,2024-10-01 04:00:00
TER KELAR,KELAR TG1 + TG2 + TV (GNL),Térmica,Gas Natural,Región de Antofagasta,convencional,0.0,0.0,0.0,0.0,5,2024-10-01 04:00:00
PMGD PFV CORTIJO,PMGD PFV CORTIJO,Solar,(en blanco),Región del Bío-Bío,ernc,1.0,0.0,58.167608103874734,0.0,5,2024-10-01 04:00:00
PMGD PFV QUETENA,PMGD PFV QUETENA,Solar,(en blanco),Región de Antofagasta,ernc,1.0,0.0,82.08019935002474,0.0,5,2024-10-01 04:00:00
TER NUEVA RENCA,Nueva Renca FA Gas Arg,Térmica,Gas Natural,Región Metropolitana,convencional,0.0,0.0,0.0,0.0,5,2024-10-01 04:00:00
PMGD PFV SANTA MARGARITA,PMGD PFV SANTA MARGARITA,Solar,(en blanco),Región de O'Higgins,ernc,1.0,0.0,19.825877247661825,0.0,5,2024-10-01 04:00:00
PMGD HP BOQUIAMARGO,Boquiamargo,Hidráulica,Pasada,Región del Bío-Bío,ernc,1.0,0.0,0.0,0.0,5,2024-10-01 04:00:00
PMGD PFV REN,PMGD PFV REN,Solar,(en blanco),Región de la Araucanía,ernc,1.0,0.0,38.07010946899295,0.0,5,2024-10-01 04:00:00
PMGD PFV PARQUE FOTOVOLTAICO EL SHARON,PMGD PFV El Sharon,Solar,(en blanco),Región de O'Higgins,ernc,1.0,0.0,9.482176443781064,0.0,5,2024-10-01 04:00:00
PMGD PFV MUTUPIN,Mutupin,Solar,(en blanco),Región de Ñuble,ernc,1.0,0.0,28.300956131987263,0.0,5,2024-10-01 04:00:00
PFV ANDES SOLAR II-B,Solar Andes IIB,Solar,(en blanco),Región de Antofagasta,ernc,1.0,0.0,242.02572387905715,0.0,5,2024-10-01 04:00:00
PMGD PFV VICENTE SOLAR,PMGD PFV Vicente,Solar,(en blanco),Región Metropolitana,ernc,1.0,0.0,11.64418541486796,0.0,5,2024-10-01 04:00:00
PMGD HP DOSAL,MCH Dosal,Hidráulica,Pasada,Región del Maule,ernc,1.0,0.0,0.0,0.0,5,2024-10-01 04:00:00
TER KELAR,KELAR TG1 (GNL),Térmica,Gas Natural,Región de Antofagasta,convencional,0.0,0.0,0.0,0.0,5,2024-10-01 04:00:00
PMGD PFV KAUFMANN,PMGD PFV Kaufmann,Solar,(en blanco),Región Metropolitana,ernc,1.0,0.0,4.410773486196402e-06,0.0,5,2024-10-01 04:00:00
TER OLIVOS,Olivos,Térmica,Diésel,Región de Coquimbo,convencional,0.0,0.0,0.0,0.0,5,2024-10-01 04:00:00
PMGD PFV PEGASUS SOLAR,PFV PMGD Pegasus Solar,Solar,(en blanco),Región de Ñuble,ernc,1.0,0.0,16.074080022261505,0.0,5,2024-10-01 04:00:00
PMGD PFV CURACAVI,PMGD PFV CURACAVI,Solar,(en blanco),Región Metropolitana,ernc,1.0,0.0,17.094425609584167,0.0,5,2024-10-01 04:00:00
PMGD PFV ESFENA,PFV PMGD Esfena,Solar,(en blanco),Región de Valparaíso,ernc,1.0,0.0,28.622969791430062,0.0,5,2024-10-01 04:00:00
PFV GUANCHOI,PFV GUANCHOI,Solar,(en blanco),Región de Atacama,ernc,1.0,0.0,1572.041573979162,0.0,5,2024-10-01 04:00:00
PMGD PFV EL CASTAÑO,PMGD PFV El Castaño,Solar,(en blanco),Región de O'Higgins,ernc,1.0,0.0,40.29812328356514,0.0,5,2024-10-01 04:00:00
PMGD PFV LA FORESTA,PMGD PFV La Foresta,Solar,(en blanco),Región del Maule,ernc,1.0,0.0,18.71183756479575,0.0,5,2024-10-01 04:00:00
PMGD PFV CARACOLES,PMGD PFV CARACOLES,Solar,(en blanco),Región del Maule,ernc,1.0,0.0,18.308798162904882,0.0,5,2024-10-01 04:00:00
TER COMBARBALA,COMBARBALA,Térmica,Diésel,Región de Coquimbo,convencional,0.0,0.0,0.0,0.0,5,2024-10-01 04:00:00
PMGD PFV CACHIYUYO SOLAR II,CACHIYUYO SOLAR 2,Solar,(en blanco),Región de Atacama,ernc,1.0,0.0,89.380770821217,0.0,5,2024-10-01 04:00:00
PMGD PFV EL GAVIOTIN,PMGD PFV El Gaviotin,Solar,(en blanco),Región de Coquimbo,ernc,1.0,0.0,90.83114952304206,0.0,5,2024-10-01 04:00:00
TER NUEVA VENTANAS,Nueva Ventanas,Térmica,Carbón,Región de Valparaíso,convencional,0.0,0.0,0.0,0.0,5,2024-10-01 04:00:00
PE SAN JUAN,Parque Eólico San Juan,Eólica,(en blanco),Región de Atacama,ernc,1.0,0.0,3178.082214052045,151.28483794498922,5,2024-10-01 04:00:00
PMGD PFV SAN ANTONIO,PMGD PFV San Antonio,Solar,(en blanco),Región del Maule,ernc,1.0,0.0,54.635179587988034,0.0,5,2024-10-01 04:00:00
PMGD PFV PACHIRA,Pachira,Solar,(en blanco),Región del Maule,ernc,1.0,0.0,57.06238163290689,0.0,5,2024-10-01 04:00:00
TER NUEVA RENCA,Nueva Renca Gas Arg,Térmica,Gas Natural,Región Metropolitana,convencional,0.0,0.0,0.0,0.0,5,2024-10-01 04:00:00
PMGD HP DOÑA HILDA,PMGD HP DOÑA HILDA,Hidráulica,Pasada,Región de los Ríos,ernc,1.0,0.0,15.233062826728332,0.6392344024001566,5,2024-10-01 04:00:00
PMGD PFV PARQUE SOLAR MARAMBIO,PMGD PFV Marambio,Solar,(en blanco),Región Metropolitana,ernc,1.0,0.0,14.70597005233171,0.0,5,2024-10-01 04:00:00
PMGD PFV CABRERO SOLAR,PMGD PFV Cabrero,Solar,(en blanco),Región del Bío-Bío,ernc,1.0,0.0,45.80953345685725,0.0,5,2024-10-01 04:00:00
TER KELAR,KELAR TG2 + 0.5 TV (Diesel),Térmica,Diésel,Región de Antofagasta,convencional,0.0,0.0,0.0,0.0,5,2024-10-01 04:00:00
PMGD PFV TARANTO,PMGD PFV Taranto,Solar,(en blanco),Región de Valparaíso,ernc,1.0,0.0,0.0,0.0,5,2024-10-01 04:00:00
PMGD PFV QUEMADOS,PMGD PFV Quemados,Solar,(en blanco),Región de O'Higgins,ernc,1.0,0.0,22.158336049893517,0.0,5,2024-10-01 04:00:00
PE LOS OLMOS,LOS OLMOS,Eólica,(en blanco),Región del Bío-Bío,ernc,1.0,0.0,511.5568723289329,15.568730677407622,5,2024-10-01 04:00:00
PMGD PFV ARMAZONES,PMGD PFV Armazones,Solar,(en blanco),Región de Antofagasta,ernc,1.0,0.0,44.85274417272042,0.0,5,2024-10-01 04:00:00
HP CORRALES,PMG CH Corrales,Hidráulica,Pasada,Región de O'Higgins,ernc,1.0,0.0,34.529363475407266,1.3607630926268874,5,2024-10-01 04:00:00
TER DEGAÑ 2,Degañ 2,Térmica,Diésel,Región de los Lagos,convencional,0.0,0.0,0.0,0.0,5,2024-10-01 04:00:00
PMGD PFV AYLA SOLAR,PMGD PFV Ayla,Solar,(en blanco),Región de O'Higgins,ernc,1.0,0.0,40.82721958770691,0.0,5,2024-10-01 04:00:00
TER NUEVA RENCA,Nueva Renca Diésel,Térmica,Diésel,Región Metropolitana,convencional,0.0,0.0,0.0,0.0,5,2024-10-01 04:00:00
PMGD PFV PARANAL,PMGD PFV Paranal,Solar,(en blanco),Región de Antofagasta,ernc,1.0,0.0,18.482838190570376,0.0,5,2024-10-01 04:00:00
TER LLANOS BLANCOS,LLANOS BLANCOS,Térmica,Diésel,Región de Coquimbo,convencional,0.0,0.0,0.0,0.0,5,2024-10-01 04:00:00
TER KELAR,KELAR TG2 + 0.5 TV (GNL),Térmica,Gas Natural,Región de Antofagasta,convencional,0.0,0.0,0.0,0.0,5,2024-10-01 04:00:00
PMGD PFV NEWENTUN,PMGD PFV Newentun,Solar,(en blanco),Región de O'Higgins,ernc,1.0,0.0,41.95895620000779,0.0,5,2024-10-01 04:00:00
PMGD PFV GUADALUPE,PMGD PFV Guadalupe,Solar,(en blanco),Región de Valparaíso,ernc,1.0,0.0,49.848854782246356,0.0,5,2024-10-01 04:00:00
PMGD HP BUREO,Bureo,Hidráulica,Pasada,Región del Bío-Bío,ernc,1.0,0.0,35.76501850677702,1.4129964858188169,5,2024-10-01 04:00:00
PMGD PFV LIQUIDAMBAR,PMGD PFV Liquidambar,Solar,(en blanco),Región de Valparaíso,ernc,1.0,0.0,68.98486349085178,0.0,5,2024-10-01 04:00:00
PMGD PFV PARQUE SOLAR NANCAGUA,PMGD PFV NANCAGUA,Solar,(en blanco),Región de O'Higgins,ernc,1.0,0.0,38.16662038696212,0.0,5,2024-10-01 04:00:00
PMGD PFV ITAHUE SOLAR,PMGD PFV Itahue Solar,Solar,(en blanco),Región del Maule,ernc,1.0,0.0,22.263869179364313,0.0,5,2024-10-01 04:00:00
HP QUILLECO,QUILLECO,Hidráulica,Pasada,Región del Bío-Bío,convencional,0.0,0.0,1577.884850788677,67.03759353382459,5,2024-10-01 04:00:00
PMGD PFV PSF COYUNCHE,PMGD PFV Coyunche,Solar,(en blanco),Región del Bío-Bío,ernc,1.0,0.0,15.552770438679207,0.0,5,2024-10-01 04:00:00
PE MALLECO SUR,MALLECO SUR,Eólica,(en blanco),Región de la Araucanía,ernc,1.0,0.0,580.6055936687721,19.240789905305178,5,2024-10-01 04:00:00
PE CALAMA,CALAMA,Eólica,(en blanco),Región de Antofagasta,ernc,1.0,0.0,497.1387869136729,5.733215088788283,5,2024-10-01 04:00:00
PMGD TER CENTRAL LA GLORIA 21 [EN_REVISION],PMGD TER La Gloria-21,Térmica,Biomasa,Región del Maule,ernc,1.0,0.0,0.0,0.0,5,2024-10-01 04:00:00
PMGD PFV PARQUE PENCAHUE ESTE,PENCAHUE ESTE,Solar,(en blanco),Región del Maule,ernc,1.0,0.0,17.355402334760043,0.0,5,2024-10-01 04:00:00
PMGD PFV PARQUE SOLAR LA MURALLA,PMGD PFV La Muralla,Solar,(en blanco),Región de O'Higgins,ernc,1.0,0.0,17.948382244133043,0.0,5,2024-10-01 04:00:00
PMGD PFV CUZ CUZ,CUZ CUZ,Solar,(en blanco),Región de Coquimbo,ernc,1.0,0.0,19.726245556316417,0.0,5,2024-10-01 04:00:00
HP CIPRESILLOS,Cipresillos,Hidráulica,Pasada,Región de O'Higgins,ernc,1.0,0.0,34.41930175468009,1.901066085287563,5,2024-10-01 04:00:00
TER KELAR,KELAR TG2 (GNL),Térmica,Gas Natural,Región de Antofagasta,convencional,0.0,0.0,0.0,0.0,5,2024-10-01 04:00:00
TER NUEVA RENCA,Nueva Renca FA GNL,Térmica,Gas Natural,Región Metropolitana,convencional,0.0,0.0,0.0,0.0,5,2024-10-01 04:00:00
PMGD PFV GR PEUMO,PMGD PFV GR PEUMO,Solar,(en blanco),Región de O'Higgins,ernc,1.0,0.0,62.19714995069984,7.112982857411841,5,2024-10-01 04:00:00
PMGD PFV ESCORIAL DEL VERANO SOLAR,PMGD PFV Escorial del Verano,Solar,(en blanco),Región de Valparaíso,ernc,1.0,0.0,22.000639121858278,0.0,5,2024-10-01 04:00:00
PMGD PFV PSF CHAMPA,PMGD PFV Champa,Solar,(en blanco),Región Metropolitana,ernc,1.0,0.0,46.3825874435142,0.0,5,2024-10-01 04:00:00
HP RUCATAYO,RUCATAYO,Hidráulica,Pasada,Región de los Lagos,convencional,0.0,0.0,677.2097676343059,27.835609733000005,5,2024-10-01 04:00:00
PE ALENA,Alena,Eólica,(en blanco),Región del Bío-Bío,ernc,1.0,0.0,408.97934861120604,22.11240025518692,5,2024-10-01 04:00:00
PMGD PFV LA PALMA SOLAR,PMGD PFV La Palma Solar,Solar,(en blanco),Región de Ñuble,ernc,1.0,0.0,65.00836988427085,0.0,5,2024-10-01 04:00:00
TER NUEVA RENCA,Nueva Renca GNL,Térmica,Gas Natural,Región Metropolitana,convencional,0.0,0.0,0.0,0.0,5,2024-10-01 04:00:00
PMGD TER CENTRAL DE RESPALDO TIGRE,PMGD TER Central Tigre,Térmica,Diésel,Región Metropolitana,convencional,0.0,0.0,0.0,0.0,5,2024-10-01 04:00:00
PMGD PFV HELIOS,PMGD PFV Helios,Solar,(en blanco),Región de Valparaíso,ernc,1.0,0.0,23.215390348432464,0.0,5,2024-10-01 04:00:00
PMGD TER GENERADORA LAGUNITAS,PMGD TER Lagunitas,Térmica,Diésel,Región de los Lagos,convencional,0.0,0.0,0.0,0.0,5,2024-10-01 04:00:00
HE RALCO,RALCO,Hidráulica,Embalse,Región del Bío-Bío,convencional,0.0,0.0,10546.629669211432,597.6268388914492,5,2024-10-01 04:00:00
PMGD PFV EL TIUQUE,PMGD PFV El Tiuque,Solar,(en blanco),Región del Maule,ernc,1.0,0.0,5.728483080459091,0.0,5,2024-10-01 04:00:00
HP RENAICO,RENAICO,Hidráulica,Pasada,Región del Bío-Bío,ernc,1.0,0.0,119.66710726336447,5.903310475366644,5,2024-10-01 04:00:00
TER LOMA LOS COLORADOS II,Loma Los Colorados II,Térmica,BioGas,Región Metropolitana,ernc,1.0,0.0,284.1593516956147,16.00897756031632,5,2024-10-01 04:00:00
HP EL PINAR,El Pinar,Hidráulica,Pasada,Región de Ñuble,ernc,1.0,0.0,209.0572357157808,8.794932047198778,5,2024-10-01 04:00:00
PMGD PFV PARQUE PANGUILEMO AEROPUERTO,PMGD PFV Panguilemo Aeropuerto,Solar,(en blanco),Región del Maule,ernc,1.0,0.0,30.361845628405355,0.33004317195583843,5,2024-10-01 04:00:00
HE RAPEL,RAPEL,Hidráulica,Embalse,Región de O'Higgins,convencional,0.0,0.0,2659.5655647539375,104.20733768947677,5,2024-10-01 04:00:00
HP HORNITOS,HORNITOS,Hidráulica,Pasada,Región de Valparaíso,convencional,0.0,0.0,250.2403304896944,10.605947633709562,5,2024-10-01 04:00:00
TER MANTOS BLANCOS,TER MANTOS BLANCOS,Térmica,Diésel,Región de Antofagasta,convencional,0.0,0.0,0.0,0.0,5,2024-10-01 04:00:00
HP LOS LAGOS [En_Revision],HP Los Lagos,Hidráulica,Pasada,Región de los Ríos,ernc,1.0,0.0,0.0,0.0,5,2024-10-01 04:00:00
HP FLORIDA,Florida U-1,Hidráulica,Pasada,Región Metropolitana,ernc,1.0,0.0,0.0,0.0,5,2024-10-01 04:00:00
PMGD PFV IDAHUE DEL VERANO SOLAR,PMGD PFV Idahue del Verano,Solar,(en blanco),Región de O'Higgins,ernc,1.0,0.0,14.820605024760082,0.0,5,2024-10-01 04:00:00
PFV VALLE ESCONDIDO,Valle Escondido,Solar,(en blanco),Región de Atacama,ernc,1.0,0.0,525.0544415344746,0.0,5,2024-10-01 04:00:00
HP EL PASO,El Paso,Hidráulica,Pasada,Región de O'Higgins,convencional,0.0,0.0,135.3759164944249,1.500841646279655,5,2024-10-01 04:00:00
PMGD PFV SLK CB NUEVE,PMGD PFV SLK CB Nueve,Solar,(en blanco),Región de Valparaíso,ernc,1.0,0.0,23.385421848184183,0.0,5,2024-10-01 04:00:00
PMGD PFV BERGAMO,PMGD PFV Bérgamo,Solar,(en blanco),Región del Maule,ernc,1.0,0.0,12.215115948228686,0.0,5,2024-10-01 04:00:00
HP ABANICO,ABANICO,Hidráulica,Pasada,Región del Bío-Bío,convencional,0.0,0.0,784.4962220396791,36.310052055052225,5,2024-10-01 04:00:00
PMGD PFV ASTILLAS,PMGD PFV ASTILLAS,Solar,(en blanco),Región de Atacama,ernc,1.0,0.0,89.25393925274656,0.0,5,2024-10-01 04:00:00
TER LOS ESPINOS,Espinos,Térmica,Diésel,Región de Coquimbo,convencional,0.0,0.0,0.0,0.0,5,2024-10-01 04:00:00
HP ISLA,ISLA,Hidráulica,Pasada,Región del Maule,convencional,0.0,0.0,1150.409079700666,55.60439199029666,5,2024-10-01 04:00:00
TER MASISA,Masisa,Térmica,Biomasa,Región del Bío-Bío,ernc,1.0,0.0,113.84384167579944,4.812698879070093,5,2024-10-01 04:00:00
PMGD PFV CKILIR,PMGD PFV Ckilir,Solar,(en blanco),Región de Antofagasta,ernc,1.0,0.0,91.83095926091222,0.0,5,2024-10-01 04:00:00
HP LA CONFLUENCIA,LA CONFLUENCIA,Hidráulica,Pasada,Región de O'Higgins,convencional,0.0,0.0,737.743714034252,55.93136535135515,5,2024-10-01 04:00:00
PMGD PFV SUNHUNTER,PMGD PFV Sunhunter,Solar,(en blanco),Región de Coquimbo,ernc,1.0,0.0,88.60009840740346,0.0,5,2024-10-01 04:00:00
TER LINARES NORTE,Linares Norte,Térmica,Diésel,Región del Maule,convencional,0.0,0.0,0.0,0.0,5,2024-10-01 04:00:00
PMGD PFV LOICA,PMGD PFV Loica,Solar,(en blanco),Región del Maule,ernc,1.0,0.0,16.875653467415308,0.0,5,2024-10-01 04:00:00
TER MAULE,Maule,Térmica,Diésel,Región del Maule,convencional,0.0,0.0,0.0,0.0,5,2024-10-01 04:00:00
HP JUNCALITO,Juncalito,Hidráulica,Pasada,Región de Valparaíso,ernc,1.0,0.0,0.0,0.0,5,2024-10-01 04:00:00
PMGD HP PANGUIPULLI [En_Revision],Panguipulli,Hidráulica,Pasada,Región de los Ríos,ernc,1.0,0.0,0.0,0.0,5,2024-10-01 04:00:00
PMGD HP CUMPEO,PMGD HP Cumpeo,Hidráulica,Pasada,Región del Maule,ernc,1.0,0.0,111.36565922904471,4.599087878681109,5,2024-10-01 04:00:00
HE PANGUE,PANGUE,Hidráulica,Embalse,Región del Bío-Bío,convencional,0.0,0.0,9921.703921559692,451.6894997321544,5,2024-10-01 04:00:00
PMGD PFV DON ENRIQUE,PMGD PFV Don Enrique,Solar,(en blanco),Región de Coquimbo,ernc,1.0,0.0,84.28175503493114,0.0,5,2024-10-01 04:00:00
PFV SOL DE LILA,PFV Sol de Lila,Solar,(en blanco),Región de Antofagasta,ernc,1.0,0.0,649.3841635122814,0.0,5,2024-10-01 04:00:00
HP JUNCAL,JUNCAL,Hidráulica,Pasada,Región de Valparaíso,ernc,0.467,0.0,205.71536165006484,9.405274316685839,5,2024-10-01 04:00:00
PMGD PFV PARQUE SANTA CRUZ,PMGD PFV Santa Cruz,Solar,(en blanco),Región de O'Higgins,ernc,1.0,0.0,26.515196821563368,0.0,5,2024-10-01 04:00:00
HE PEHUENCHE,PEHUENCHE,Hidráulica,Embalse,Región del Maule,convencional,0.0,0.0,7572.639885314276,0.0,5,2024-10-01 04:00:00
PMGD PFV EL HUASO,PMGD PFV El Huaso,Solar,(en blanco),Región de Valparaíso,ernc,1.0,0.0,16.928872036977264,0.0,5,2024-10-01 04:00:00
HP ITATA,itata,Hidráulica,Pasada,Región de Ñuble,ernc,1.0,0.0,364.00412727769236,20.011221950395402,5,2024-10-01 04:00:00
HP PUNTA DEL VIENTO,PMG Punta del Viento,Hidráulica,Pasada,Región de O'Higgins,ernc,1.0,0.0,52.38937906613517,2.981672070608915,5,2024-10-01 04:00:00
HP LA HIGUERA,LA HIGUERA,Hidráulica,Pasada,Región de O'Higgins,convencional,0.0,0.0,1172.7476567919475,59.6134301902279,5,2024-10-01 04:00:00
HP DOS VALLES,Dos Valles,Hidráulica,Pasada,Región de O'Higgins,ernc,1.0,0.0,0.0,0.0,5,2024-10-01 04:00:00
PMGD PFV PARQUE ROMERIA,PMGD PFV Romeria,Solar,(en blanco),Región del Maule,ernc,1.0,0.0,57.50650643928863,0.0,5,2024-10-01 04:00:00
HP CALLAO,CALLAO,Hidráulica,Pasada,Región de los Lagos,ernc,1.0,0.0,64.40453135577032,2.756456418029817,5,2024-10-01 04:00:00
PFV CAPRICORNIO,PFV Capricornio,Solar,(en blanco),Región de Antofagasta,ernc,1.0,0.0,439.0862320355758,0.0,5,2024-10-01 04:00:00
HP CHIBURGO,CHIBURGO,Hidráulica,Pasada,Región del Maule,ernc,1.0,0.0,31.017394023112875,0.0,5,2024-10-01 04:00:00
PMGD HP EL BRINCO,PMGD HP El Brinco,Hidráulica,Pasada,Región del Bío-Bío,ernc,1.0,0.0,1.6449496426748718,0.058505385017480385,5,2024-10-01 04:00:00
TER LOS GUINDOS,Los Guindos TG2 Diésel,Térmica,Diésel,Región del Bío-Bío,convencional,0.0,0.0,0.0,0.0,5,2024-10-01 04:00:00
HP CAPULLO,CAPULLO,Hidráulica,Pasada,Región de los Lagos,ernc,1.0,0.0,276.25491902520855,11.506452621477356,5,2024-10-01 04:00:00
HP CHAPIQUIÑA,CHAP,Hidráulica,Pasada,Arica y Parinacota,ernc,1.0,0.0,165.2326596444148,8.995044266702733,5,2024-10-01 04:00:00
PMGD PFV ICB,PMGD PFV ICB,Solar,(en blanco),Región Metropolitana,ernc,1.0,0.0,0.0,0.0,5,2024-10-01 04:00:00
PMGD PFV AROMO DEL VERANO SOLAR,PMGD PFV Aromo del Verano,Solar,(en blanco),Región de O'Higgins,ernc,1.0,0.0,11.395781536729281,0.0,5,2024-10-01 04:00:00
PMGD HP DON WALTERIO,PMGD HP DON WALTERIO,Hidráulica,Pasada,Región de los Ríos,ernc,1.0,0.0,76.83065202483107,3.2164654819310092,5,2024-10-01 04:00:00
PMGD PFV LITORAL SUNLIGHT,PMGD PFV Litoral Sunlight,Solar,(en blanco),Región de Valparaíso,ernc,1.0,0.0,68.2326598330288,0.0,5,2024-10-01 04:00:00
HP CHACAYES,CHACAYES,Hidráulica,Pasada,Región de O'Higgins,convencional,0.0,0.0,827.4640276488499,33.41874065716032,5,2024-10-01 04:00:00
TER LOS PINOS,Los Pinos,Térmica,Diésel,Región del Bío-Bío,convencional,0.0,0.0,0.0,0.0,5,2024-10-01 04:00:00
PMGD PFV LAS CACHAÑAS,PMGD PFV Las Cachañas,Solar,(en blanco),Región de O'Higgins,ernc,1.0,0.0,23.951844323503202,0.0,5,2024-10-01 04:00:00
HP CHACABUQUITO,CHACABUQUITO,Hidráulica,Pasada,Región de Valparaíso,ernc,0.65075,0.0,0.0,0.0,5,2024-10-01 04:00:00
PMGD PFV BULNES LOS BARONES,PMGD PFV Bulnes Barones,Solar,(en blanco),Región de Ñuble,ernc,1.0,0.0,18.774885237250196,0.0,5,2024-10-01 04:00:00
PMGD PFV MANDINGA,PMGD PFV Mandinga,Solar,(en blanco),Región Metropolitana,ernc,1.0,0.0,36.839956721809905,0.0,5,2024-10-01 04:00:00
PMGD PFV LAS PALMAS DEL VERANO SOLAR,PMGD PFV Palmas Verano Solar,Solar,(en blanco),Región de Valparaíso,ernc,1.0,0.0,20.252436334088785,0.0,5,2024-10-01 04:00:00
PMGD PFV MELI,PMGD PFV Meli,Solar,(en blanco),Región de O'Higgins,ernc,1.0,0.0,0.0,0.0,5,2024-10-01 04:00:00
TER LOS VIENTOS,Los Vientos Diésel,Térmica,Diésel,Región de Valparaíso,convencional,0.0,0.0,0.0,0.0,5,2024-10-01 04:00:00
HP CORRENTOSO,Correntoso,Hidráulica,Pasada,Región de los Lagos,ernc,1.0,0.0,143.11025377825274,7.204039902142345,5,2024-10-01 04:00:00
HP ALFALFAL,ALFALFAL,Hidráulica,Pasada,Región Metropolitana,convencional,0.0,0.0,1055.3918456638535,44.72508105913373,5,2024-10-01 04:00:00
TER LOS VIENTOS,Los Vientos Gas Arg,Térmica,Gas Natural,Región de Valparaíso,convencional,0.0,0.0,0.0,0.0,5,2024-10-01 04:00:00
PMGD PFV EL FLAMENCO,PFV PMGD El Flamenco,Solar,(en blanco),Región del Maule,ernc,1.0,0.0,51.74198504906291,0.0,5,2024-10-01 04:00:00
HP CURILLINQUE,CURILLINQUE,Hidráulica,Pasada,Región del Maule,convencional,0.0,0.0,1488.780412546436,71.03983792390368,5,2024-10-01 04:00:00
PMGD PFV PEQUEN,PMGD PFV Pequen,Solar,(en blanco),Región del Maule,ernc,1.0,0.0,11.207752385502982,0.0,5,2024-10-01 04:00:00
PMGD PFV PICUNCHE,PMGD PFV Picunche,Solar,(en blanco),Región de O'Higgins,ernc,1.0,0.0,21.994983863486276,0.0,5,2024-10-01 04:00:00
HP ALTO RENAICO,Alto Renaico,Hidráulica,Pasada,Región del Bío-Bío,ernc,1.0,0.0,24.813915218490305,1.200673317023724,5,2024-10-01 04:00:00
PMGD PFV RDCL SAN,PMGD PFV RDCL SAN,Solar,(en blanco),Región de Valparaíso,ernc,1.0,0.0,71.11168345664743,0.0,5,2024-10-01 04:00:00
TER LOS VIENTOS,Los Vientos GNL,Térmica,Gas Natural,Región de Valparaíso,convencional,0.0,0.0,0.0,0.0,5,2024-10-01 04:00:00
HP CUMBRES,Cumbres,Hidráulica,Pasada,Región de los Ríos,ernc,1.0,0.0,267.1798298707043,12.567047384848312,5,2024-10-01 04:00:00
TER LOS GUINDOS,Los Guindos TG1 Diésel,Térmica,Diésel,Región del Bío-Bío,convencional,0.0,0.0,0.0,0.0,5,2024-10-01 04:00:00
TER ARAUCO MAPA [EN_REVISION],TER ARAUCO MAPA,Térmica,Cogeneracion,Región del Bío-Bío,ernc,1.0,0.0,1001.7817820587443,44.384890285977,5,2024-10-01 04:00:00
PMGD PFV LO CHACON,PMGD PFV Lo Chacón,Solar,(en blanco),Región Metropolitana,ernc,1.0,0.0,17.084809045679904,0.0,5,2024-10-01 04:00:00
HP COYA,COYA,Hidráulica,Pasada,Región de O'Higgins,ernc,1.0,0.0,0.0,0.0,5,2024-10-01 04:00:00
HP BLANCO,BLANCO,Hidráulica,Pasada,Región de Valparaíso,convencional,0.0,0.0,304.17057364601004,12.907238158005034,5,2024-10-01 04:00:00
PMGD HP CHANLEUFU II,PMGD HP Chanleufu,Hidráulica,Pasada,Región de los Lagos,ernc,1.0,0.0,78.71073997624059,3.272367130917936,5,2024-10-01 04:00:00
PMGD TER BERLIOZ,PMGD TER Berlioz,Térmica,Diésel,Región Metropolitana,convencional,0.0,0.0,0.0,0.0,5,2024-10-01 04:00:00
PMGD PFV DON MARTIN,PMGD PFV Don Martín,Solar,(en blanco),Región del Bío-Bío,ernc,1.0,0.0,15.695368729857606,0.0,5,2024-10-01 04:00:00
PMGD PFV DUQUECO SOLAR,PMGD PFV Duqueco Solar,Solar,(en blanco),Región del Bío-Bío,ernc,1.0,0.0,71.0440854194264,0.0,5,2024-10-01 04:00:00
PMGD PFV DOÑIHUE,Doñihue,Solar,(en blanco),Región de O'Higgins,ernc,1.0,0.0,0.18613714932404746,0.0,5,2024-10-01 04:00:00
HE MACHICURA,MACHICURA,Hidráulica,Embalse,Región del Maule,convencional,0.0,0.0,1261.7075439724306,66.03703243630483,5,2024-10-01 04:00:00
PMGD PFV FLORENCIA SOLAR,PMGD PFV Florencia Solar,Solar,(en blanco),Región de Coquimbo,ernc,1.0,0.0,78.49666577299537,0.0,5,2024-10-01 04:00:00
PMGD PFV BELLAVISTA 1,Bellavista 1,Solar,(en blanco),Región de Tarapacá,ernc,1.0,0.0,94.04638930892374,0.0,5,2024-10-01 04:00:00
TER MEJILLONES,CTM3-TG GNL,Térmica,Gas Natural,Región de Antofagasta,convencional,0.0,0.0,0.0,0.0,5,2024-10-01 04:00:00
PFV SOL DEL NORTE,PFV Sol del Norte (Andes),Solar,(en blanco),Región de Antofagasta,ernc,1.0,0.0,72.25051685190259,0.0,5,2024-10-01 04:00:00
BESS Angamos,BESS Angamos (Inyección),Bess,(en blanco),Región de Antofagasta,convencional,0.0,0.0,2.721526185253775,0.10005610975197701,5,2024-10-01 04:00:00
PMGD PFV GRANATE,PMGD PFV Granate,Solar,(en blanco),Región de Coquimbo,ernc,1.0,0.0,82.88780515662347,0.0,5,2024-10-01 04:00:00
PFV DEL DESIERTO,PFV Del Desierto,Solar,(en blanco),Región de Antofagasta,ernc,1.0,0.0,0.0,0.0,5,2024-10-01 04:00:00
PMGD HP COLLIL,COLLIL,Hidráulica,Pasada,Región de los Lagos,ernc,1.0,0.0,65.91110604564257,3.016450118542305,5,2024-10-01 04:00:00
TER LAJA,Laja Energía Verde,Térmica,Biomasa,Región del Bío-Bío,ernc,0.3144,0.0,87.24892770372394,3.101739402311287,5,2024-10-01 04:00:00
PE LOMAS DE DUQUECO,Lomas de Duqueco,Eólica,(en blanco),Región del Bío-Bío,ernc,1.0,0.0,316.29737414794977,14.047877809177571,5,2024-10-01 04:00:00
PMGD PFV FARDELA NEGRA,PMGD PFV FARDELA NEGRA,Solar,(en blanco),Región de Valparaíso,ernc,1.0,0.0,18.176352578490484,0.0,5,2024-10-01 04:00:00
BESS Cochrane,BESS Cochrane (Inyección),Bess,(en blanco),Región de Antofagasta,convencional,0.0,0.0,0.0,0.0,5,2024-10-01 04:00:00
PMGD PFV PSF HORIZONTE,PMGD PFV PSF Horizonte,Solar,(en blanco),Región Metropolitana,ernc,1.0,0.0,32.25233105624151,0.0,5,2024-10-01 04:00:00
TER MEJILLONES,CTM2,Térmica,Carbón,Región de Antofagasta,convencional,0.0,0.0,0.0,0.0,5,2024-10-01 04:00:00
PMGD PFV AVILES,Aviles,Solar,(en blanco),Región Metropolitana,ernc,1.0,0.0,54.613563580301296,0.0,5,2024-10-01 04:00:00
PFV DIEGO DE ALMAGRO SUR,PFV Diego de Almagro Sur,Solar,(en blanco),Región de Atacama,ernc,1.0,0.0,1089.5109790892775,0.0,5,2024-10-01 04:00:00
PMGD PFV PEÑAFLOR SOLAR,PMGD PFV PENAFLOR,Solar,(en blanco),Región Metropolitana,ernc,1.0,0.0,50.953451656747305,0.0,5,2024-10-01 04:00:00
PMGD PFV BELLAVISTA,Bellavista,Solar,(en blanco),Región de Coquimbo,ernc,1.0,0.0,19.708024498759542,0.0,5,2024-10-01 04:00:00
HE ANGOSTURA,ANGOSTURA U1,Hidráulica,Pasada,Región del Bío-Bío,convencional,0.0,0.0,3375.8931430317043,140.07855365276782,5,2024-10-01 04:00:00
PFV DE LOS ANDES,PFV de los Andes,Solar,(en blanco),Región de Antofagasta,ernc,1.0,0.0,0.0,0.0,5,2024-10-01 04:00:00
PMGD PFV PARQUE SOLAR ALCALDESA,PFV Alcaldesa,Solar,(en blanco),Región de Ñuble,ernc,1.0,0.0,35.06176908595137,0.0,5,2024-10-01 04:00:00
TER NEHUENCO,Nehuenco Gas Natural,Térmica,Gas Natural,Región de Valparaíso,convencional,0.0,0.0,2501.402743799425,0.0,5,2024-10-01 04:00:00
PMGD PFV DON EUGENIO,Don Eugenio,Solar,(en blanco),Región de O'Higgins,ernc,1.0,0.0,18.993428509172542,0.0,5,2024-10-01 04:00:00
TER KELAR,KELAR TG2 (Gas Arg),Térmica,Gas Natural,Región de Antofagasta,convencional,0.0,0.0,0.0,0.0,5,2024-10-01 04:00:00
PFV TENO SOLAR,PFV TENO SOLAR,Solar,(en blanco),Región del Maule,ernc,1.0,0.0,50.59837470157477,0.0,5,2024-10-01 04:00:00
PMGD PFV CENTRAL LLIU LLIU (FOSTER),PMGD PFV Foster,Solar,(en blanco),Región de Valparaíso,ernc,1.0,0.0,12.385422770976827,0.0,5,2024-10-01 04:00:00
PMGD PFV SAN EMILIO SOLAR I,PMGD PFV San Emilio Solar 1,Solar,(en blanco),Región del Maule,ernc,1.0,0.0,14.930898419806246,0.0,5,2024-10-01 04:00:00
HP MC3,HP MC3,Hidráulica,Pasada,Región de los Lagos,ernc,1.0,0.0,55.34103430381845,2.301290524295471,5,2024-10-01 04:00:00
BESS Arica,BESS Arica (Inyección),Bess,(en blanco),Arica y Parinacota,convencional,0.0,0.0,0.0,0.0,5,2024-10-01 04:00:00
BESS Arica,BESS Arica (Retiro),Bess,(en blanco),Arica y Parinacota,convencional,0.0,0.0,0.0,0.0,5,2024-10-01 04:00:00
PFV MACHICURA,PFV Machicura,Solar,(en blanco),Región del Maule,ernc,1.0,0.0,52.229289290531995,0.0,5,2024-10-01 04:00:00
TER NEHUENCO,Nehuenco Diésel,Térmica,Diésel,Región de Valparaíso,convencional,0.0,0.0,0.0,0.0,5,2024-10-01 04:00:00
BESS Andes,BESS Andes (Inyección),Bess,(en blanco),Región de Antofagasta,ernc,1.0,0.0,0.0,0.0,5,2024-10-01 04:00:00
PMGD PFV VILLA MOSCOSO,PMGD PFV Villa Moscoso,Solar,(en blanco),Región de Valparaíso,ernc,1.0,0.0,15.92335946245403,0.0,5,2024-10-01 04:00:00
PE MESAMAVIDA,Parque Eólico Mesamávida,Eólica,(en blanco),Región del Bío-Bío,ernc,1.0,0.0,262.4471758794357,13.157378432384977,5,2024-10-01 04:00:00
PFV PAMPA TIGRE,pampa tigre,Solar,(en blanco),Región de Antofagasta,ernc,1.0,0.0,532.1784365488153,0.0,5,2024-10-01 04:00:00
TER LA PORTADA,TECNET_1_6,Térmica,Diésel,Región de Antofagasta,convencional,0.0,0.0,0.0,0.0,5,2024-10-01 04:00:00
PMGD PFV EL ZORZAL,PMGD PFV El Zorzal,Solar,(en blanco),Región del Maule,ernc,1.0,0.0,18.58011887791302,0.0,5,2024-10-01 04:00:00
BESS Andes,BESS Andes (retiro),Bess,(en blanco),Región de Antofagasta,ernc,1.0,0.0,0.0,0.0,5,2024-10-01 04:00:00
PMGD PFV PARQUE SOLAR RIO PEUCO,PMGD PFV Parque Solar Río Peuco,Solar,(en blanco),Región de O'Higgins,ernc,1.0,0.0,12.968265084759917,0.0,5,2024-10-01 04:00:00
PMGD PFV SAN JOSE II,PMGD PFV San José II,Solar,(en blanco),Región de Ñuble,ernc,1.0,0.0,22.373467242380187,0.0,5,2024-10-01 04:00:00
PMGD PFV CANTERA,PMGD PFV Cantera,Solar,(en blanco),Región Metropolitana,ernc,1.0,0.0,21.636359667381807,0.0,5,2024-10-01 04:00:00
PMGD PFV PASTRAN,PMGD PFV Pastrán,Solar,(en blanco),Región de Coquimbo,ernc,1.0,0.0,82.55981287487172,0.0,5,2024-10-01 04:00:00
PMGD HP CONTRA,Contra,Hidráulica,Pasada,Región de los Ríos,ernc,1.0,0.0,0.0,0.0,5,2024-10-01 04:00:00
HE CIPRESES,CIPRESES,Hidráulica,Embalse,Región del Maule,convencional,0.0,0.0,1099.5643518484658,67.15029673584922,5,2024-10-01 04:00:00
TER MEJILLONES,CTM1,Térmica,Carbón,Región de Antofagasta,convencional,0.0,0.0,0.0,0.0,5,2024-10-01 04:00:00
PMGD HP DONGO,DONGO,Hidráulica,Pasada,Región de los Lagos,ernc,1.0,0.0,62.373945708131394,2.8880380192372415,5,2024-10-01 04:00:00
PMGD PFV ANAKENA,PMGD PFV Anakena,Solar,(en blanco),Región de Coquimbo,ernc,1.0,0.0,79.34638064863853,0.0,5,2024-10-01 04:00:00
PMGD PFV RATULEMUS,PMGD PFV Ratulemus,Solar,(en blanco),Región del Maule,ernc,1.0,0.0,16.517392160512884,0.0,5,2024-10-01 04:00:00
HE CONVENTO VIEJO,CONVENTO VIEJO,Hidráulica,Pasada,Región de O'Higgins,ernc,1.0,0.0,152.51552809493856,8.364690775265277,5,2024-10-01 04:00:00
BESS Diego de Almagro Sur,BESS Diego de Almagro Sur (inyección),Bess,(en blanco),Región de Atacama,ernc,1.0,0.0,33.73892020836664,0.0,5,2024-10-01 04:00:00
HP LAJA I,LAJA I,Hidráulica,Pasada,Región del Bío-Bío,ernc,0.194,0.0,760.0962489528437,32.75837033279728,5,2024-10-01 04:00:00
TER LAUTARO,Lautaro 2,Térmica,Biomasa,Región de la Araucanía,ernc,1.0,0.0,373.57249305327394,16.717374817360316,5,2024-10-01 04:00:00
BESS Diego de Almagro Sur,BESS Diego de Almagro Sur (retiro),Bess,(en blanco),Región de Atacama,ernc,1.0,0.0,35.34982357537347,0.0,5,2024-10-01 04:00:00
HE EL TORO,EL TORO,Hidráulica,Embalse,Región del Bío-Bío,convencional,0.0,0.0,2271.704087128445,207.9587196868138,5,2024-10-01 04:00:00
PMGD PFV GABRIELA,PMGD PFV Gabriela,Solar,(en blanco),Región de Coquimbo,ernc,1.0,0.0,89.86171110338678,0.0,5,2024-10-01 04:00:00
HP LA MINA,LA MINA,Hidráulica,Pasada,Región del Maule,convencional,0.0,0.0,180.30110977306256,7.804376560654206,5,2024-10-01 04:00:00
PMGD PFV MILAN A,PMGD PFV Milán A,Solar,(en blanco),Región del Maule,ernc,1.0,0.0,15.916971835082048,0.0,5,2024-10-01 04:00:00
TER MEJILLONES,CTM3-TG Gas Arg,Térmica,Gas Natural,Región de Antofagasta,convencional,0.0,0.0,0.0,0.0,5,2024-10-01 04:00:00
TER MEJILLONES,CTM3-TG + CTM3-TV GNL,Térmica,Gas Natural,Región de Antofagasta,convencional,0.0,0.0,3709.860426161853,234.65158859033647,5,2024-10-01 04:00:00
PMGD PFV PARQUE SOLAR EL OLIVAR,PMGD PFV Parque Solar El Olivar,Solar,(en blanco),Región del Bío-Bío,ernc,1.0,0.0,67.16746253743665,0.0,5,2024-10-01 04:00:00
HE CANUTILLAR,CANUTILLAR,Hidráulica,Embalse,Región de los Lagos,convencional,0.0,0.0,2596.4560480638033,138.07743145772827,5,2024-10-01 04:00:00
PMGD PFV NIHUE,PMGD PFV Nihue,Solar,(en blanco),Región Metropolitana,ernc,1.0,0.0,20.79180558062063,0.0,5,2024-10-01 04:00:00
PMGD PFV PARQUE SOLAR FOTOVOLTAICO LA VICTORIA,PMGD PFV Parque Solar Fotovoltaico La Victoria,Solar,(en blanco),Región de Ñuble,ernc,1.0,0.0,61.30210143752952,0.0,5,2024-10-01 04:00:00
TER LAS VEGAS,Las Vegas,Térmica,Diésel,Región de Valparaíso,convencional,0.0,0.0,1.765344780205136,0.0,5,2024-10-01 04:00:00
HE ANGOSTURA,ANGOSTURA U2,Hidráulica,Pasada,Región del Bío-Bío,convencional,0.0,0.0,3361.8852876664287,141.07911475028757,5,2024-10-01 04:00:00
PMGD PFV PSF PUANGUE,PMGD PFV Puangue,Solar,(en blanco),Región Metropolitana,ernc,1.0,0.0,29.084384818171124,0.0,5,2024-10-01 04:00:00
TER MEJILLONES,CTM3-TG + CTM3-TV Gas Arg,Térmica,Gas Natural,Región de Antofagasta,convencional,0.0,0.0,0.0,0.0,5,2024-10-01 04:00:00
PMGD PFV AVEL SOLAR,PMGD PFV Avel Solar,Solar,(en blanco),Región Metropolitana,ernc,1.0,0.0,55.80295214482917,0.0,5,2024-10-01 04:00:00
HE ANGOSTURA,ANGOSTURA U3,Hidráulica,Pasada,Región del Bío-Bío,convencional,0.0,0.0,0.0,0.0,5,2024-10-01 04:00:00
PMGD PFV GR ALCON SOLAR,PMGD PFV Alcon Solar,Solar,(en blanco),Región de O'Higgins,ernc,1.0,0.0,74.6562337047939,0.0,5,2024-10-01 04:00:00
PMGD TER CAMPING DIESEL,PMGD Camping,Térmica,Diésel,Región Metropolitana,convencional,0.0,0.0,0.0,0.0,5,2024-10-01 04:00:00
PMGD PFV EL BOCO,EL BOCO,Solar,(en blanco),Región de Valparaíso,ernc,1.0,0.0,55.94604511531525,0.0,5,2024-10-01 04:00:00
TER MEJILLONES,CTM3-TG Diesel,Térmica,Diésel,Región de Antofagasta,convencional,0.0,0.0,0.0,0.0,5,2024-10-01 04:00:00
PMGD PFV CAUQUENES,PMGD PFV Cauquenes,Solar,(en blanco),Región del Maule,ernc,1.0,0.0,11.861267155988882,0.0,5,2024-10-01 04:00:00
PMGD PFV SANTA EMILIA,PMGD PFV Santa Emilia,Solar,(en blanco),Región de O'Higgins,ernc,1.0,0.0,37.55295526697744,0.0,5,2024-10-01 04:00:00
HE ANTUCO,ANTUCO,Hidráulica,Embalse,Región del Bío-Bío,convencional,0.0,0.0,5900.5989547923655,285.57394497528816,5,2024-10-01 04:00:00
PMGD PFV PLAYERON,PMGD PFV Playeron,Solar,(en blanco),Región del Maule,ernc,1.0,0.0,12.790407758518786,0.0,5,2024-10-01 04:00:00
TER LAUTARO,Lautaro 1,Térmica,Biomasa,Región de la Araucanía,ernc,1.0,0.0,329.43173967509176,12.337918893516285,5,2024-10-01 04:00:00
PMGD PFV SOLAR TORINO,PMGD PFV Torino,Solar,(en blanco),Región del Maule,ernc,1.0,0.0,31.168423997034484,0.0,5,2024-10-01 04:00:00
TER MEJILLONES,CTM3-TG + CTM3-TV Diesel,Térmica,Diésel,Región de Antofagasta,convencional,0.0,0.0,0.0,0.0,5,2024-10-01 04:00:00
PMGD PFV PALTO SUNLIGHT,PMGD PFV Palto Sunlight,Solar,(en blanco),Región de Valparaíso,ernc,1.0,0.0,73.78245259491894,0.0,5,2024-10-01 04:00:00
PFV MALGARIDA,PFV Malgarida,Solar,(en blanco),Región de Atacama,ernc,1.0,0.0,1155.2778600292522,0.0,5,2024-10-01 04:00:00
PMGD PFV PIDUCO,PMGD PFV Piduco,Solar,(en blanco),Región del Maule,ernc,1.0,0.0,19.811295648050603,0.0,5,2024-10-01 04:00:00
PMGD PFV LA COLONIA,PMGD PFV Parque La Colonia,Solar,(en blanco),Región Metropolitana,ernc,1.0,0.0,55.98911169131316,0.0,5,2024-10-01 04:00:00
PFV QUILAPILUN,Quilapilun,Solar,(en blanco),Región Metropolitana,ernc,1.0,0.0,490.0348031212825,0.0,5,2024-10-01 04:00:00
PMGD PFV MAITENLAHUE,PMGD PFV Maitenlahue,Solar,(en blanco),Región Metropolitana,ernc,1.0,0.0,22.199667372391,0.0,5,2024-10-01 04:00:00
PFV MANZANO,PFV El Manzano,Solar,(en blanco),Región Metropolitana,ernc,1.0,0.0,359.9818716656628,0.0,5,2024-10-01 04:00:00
PFV PILAR LOS AMARILLOS,PMG PFV Pilar Los Amarillos,Solar,(en blanco),Región de Atacama,ernc,1.0,0.0,15.644206487348626,1.0854196741555717,5,2024-10-01 04:00:00
PMGD PFV ARICA,PMGD PFV Arica,Solar,(en blanco),Arica y Parinacota,ernc,1.0,0.0,48.67952099919633,0.0,5,2024-10-01 04:00:00
TER EMELDA,Emelda 2,Térmica,Diésel,Región de Atacama,convencional,0.0,0.0,0.0,0.0,5,2024-10-01 04:00:00
PMGD PFV DON MATIAS,PMGD PFV Don Matías,Solar,(en blanco),Región de O'Higgins,ernc,1.0,0.0,17.027379629147113,0.0,5,2024-10-01 04:00:00
TER TALTAL,Taltal 2 Gas Arg,Térmica,Gas Natural,Región de Antofagasta,convencional,0.0,0.0,0.0,0.0,5,2024-10-01 04:00:00
PMGD PFV MAIMALICAN,PMGD PFV Maimalicán,Solar,(en blanco),Región de Coquimbo,ernc,1.0,0.0,71.95565079076778,0.0,5,2024-10-01 04:00:00
HP CARILAFQUEN,Carilafquen,Hidráulica,Pasada,Región de la Araucanía,ernc,0.95,0.0,302.17945706194575,17.009538657836092,5,2024-10-01 04:00:00
PMGD PFV FULGOR,PMGD PFV Fulgor,Solar,(en blanco),Región del Bío-Bío,ernc,1.0,0.0,17.602790518114492,0.0,5,2024-10-01 04:00:00
PFV ELENA,PFV ELENA,Solar,(en blanco),Región de Antofagasta,ernc,1.0,0.0,340.8111210371841,0.0,5,2024-10-01 04:00:00
PMGD HP CURILEUFU,Curileufu,Hidráulica,Pasada,Región de los Ríos,ernc,1.0,0.0,0.0,0.0,5,2024-10-01 04:00:00
TER ESPERANZA,TER ESPERANZA-DS1,Térmica,Diésel,Región de O'Higgins,convencional,0.0,0.0,0.0,0.0,5,2024-10-01 04:00:00
TER TALTAL,Taltal 1 Gas Arg,Térmica,Gas Natural,Región de Antofagasta,convencional,0.0,0.0,0.0,0.0,5,2024-10-01 04:00:00
PMGD PFV LAS BANDURRIAS,PMGD PFV Las Bandurrias,Solar,(en blanco),Región del Maule,ernc,1.0,0.0,3.155391014816308,0.0,5,2024-10-01 04:00:00
PFV ANTAY,PMG Antay,Solar,(en blanco),Región de Atacama,ernc,1.0,0.0,75.87254802492416,0.0,5,2024-10-01 04:00:00
PMGD PFV PELLIN,PMGD PFV Pellin,Solar,(en blanco),Región de Ñuble,ernc,1.0,0.0,50.729427148241406,0.0,5,2024-10-01 04:00:00
PFV PILOTO SOLAR CARDONES,PFV Piloto Solar Cardones,Solar,(en blanco),Región de Atacama,ernc,1.0,0.0,0.5503086036358735,0.0,5,2024-10-01 04:00:00
TER EMELDA,Emelda 1,Térmica,Diésel,Región de Atacama,convencional,0.0,0.0,0.0,0.0,5,2024-10-01 04:00:00
PFV CHERCAN SOLAR,PFV CHERCÁN SOLAR,Solar,(en blanco),Región de Coquimbo,ernc,1.0,0.0,74.57181859814845,0.0,5,2024-10-01 04:00:00
PFV PAMPA CAMARONES,PARQUE SOLAR PAMPA CAMARONES,Solar,(en blanco),Arica y Parinacota,ernc,1.0,0.0,43.63446946283718,0.0,5,2024-10-01 04:00:00
PMGD PFV CORSO,PMGD PFV Corso,Solar,(en blanco),Región de Atacama,ernc,1.0,0.0,28.893382190270056,0.0,5,2024-10-01 04:00:00
PMGD PFV RUCAPAINE,PMGD PFV Rucapaine,Solar,(en blanco),Región Metropolitana,ernc,1.0,0.0,53.94514205696381,0.0,5,2024-10-01 04:00:00
TER TOCOPILLA,U16-TG + U16-TV Gas Arg,Térmica,Gas Natural,Región de Antofagasta,convencional,0.0,0.0,0.0,0.0,5,2024-10-01 04:00:00
TER EL SALVADOR,El Salvador TG,Térmica,Diésel,Región de Atacama,convencional,0.0,0.0,0.0,0.0,5,2024-10-01 04:00:00
PMGD PFV EL CARPINTERO,PMGD PFV El Carpintero,Solar,(en blanco),Región del Maule,ernc,1.0,0.0,60.39483853093664,0.0,5,2024-10-01 04:00:00
PMGD PFV CENTAURO SOLAR,PMGD PFV Centauro Solar,Solar,(en blanco),Región de Ñuble,ernc,1.0,0.0,56.34185471435654,0.0,5,2024-10-01 04:00:00
PMGD PFV BLU,PMGD PFV Blu,Solar,(en blanco),Región de Ñuble,ernc,1.0,0.0,19.982699639071914,0.0,5,2024-10-01 04:00:00
HP VOLCAN,VOLCÁN,Hidráulica,Pasada,Región Metropolitana,ernc,1.0,0.0,132.06405926163447,4.452496883962977,5,2024-10-01 04:00:00
TER EL TOTORAL,El Totoral,Térmica,Diésel,Región de Valparaíso,convencional,0.0,0.0,0.0,0.0,5,2024-10-01 04:00:00
PMGD HP EL DIUTO,EL DIUTO,Hidráulica,Pasada,Región del Bío-Bío,ernc,1.0,0.0,46.75110931076306,1.5709008622875904,5,2024-10-01 04:00:00
PMGD PFV TIJERAL,PMGD PFV Tijeral,Solar,(en blanco),Región Metropolitana,ernc,1.0,0.0,22.78791954272895,0.0,5,2024-10-01 04:00:00
TER TENO GAS,Teno Gas 50,Térmica,Diésel,Región del Maule,convencional,0.0,0.0,30.126894646320277,0.0,5,2024-10-01 04:00:00
PMGD PFV PENCAHUE,PMGD PFV Pencahue,Solar,(en blanco),Región Metropolitana,ernc,1.0,0.0,0.0,0.0,5,2024-10-01 04:00:00
HP PULELFU,Pulelfu,Hidráulica,Pasada,Región de los Lagos,ernc,1.0,0.0,225.8966789870385,9.415279927661036,5,2024-10-01 04:00:00
PFV PAMPA SOLAR NORTE,PFV Pampa Solar Norte,Solar,(en blanco),Región de Antofagasta,ernc,1.0,0.0,340.9511995908369,0.0,5,2024-10-01 04:00:00
PMGD PFV POCILLAS,PMGD PFV Pocillas,Solar,(en blanco),Región del Maule,ernc,1.0,0.0,17.116126893692467,0.0,5,2024-10-01 04:00:00
TER TENO,TER TENO,Térmica,Diésel,Región del Maule,convencional,0.0,0.0,27.085188909860175,0.0,5,2024-10-01 04:00:00
PMGD HP TRAILELFU,Trailelfú,Hidráulica,Pasada,Región de la Araucanía,ernc,1.0,0.0,61.56388878068607,2.5670342754378304,5,2024-10-01 04:00:00
PMGD HP RIO MULCHEN,Hidroeléctrica Rio Mulchen,Hidráulica,Pasada,Región del Bío-Bío,ernc,1.0,0.0,70.42827090729944,2.672105343492497,5,2024-10-01 04:00:00
PMGD PFV MALVILLA,PMGD-PFV-Malvilla,Solar,(en blanco),Región de Valparaíso,ernc,1.0,0.0,19.066604497713108,0.0,5,2024-10-01 04:00:00
BESS Andes IV,BESS Andes IV (inyección),Bess,(en blanco),Región de Antofagasta,ernc,1.0,0.0,598.8758393094831,0.0,5,2024-10-01 04:00:00
BESS Uribe Solar,BESS Uribe Solar (inyección),Bess,(en blanco),Región de Antofagasta,ernc,1.0,0.0,2.7015004663737496,0.0,5,2024-10-01 04:00:00
TER ANDES GENERACION,Andes Generación Unidad 3 Diesel,Térmica,Diésel,Región de Atacama,convencional,0.0,0.0,0.0,0.0,5,2024-10-01 04:00:00
PMGD PFV CALLE LARGA,CALLE LARGA,Solar,(en blanco),Región de Valparaíso,ernc,1.0,0.0,21.92704236665897,0.0,5,2024-10-01 04:00:00
BESS Uribe Solar,BESS Uribe Solar (retiro),Bess,(en blanco),Región de Antofagasta,ernc,1.0,0.0,3.0326576502483844,0.0028644601401666444,5,2024-10-01 04:00:00
PFV PUERTO SECO SOLAR,PFV PUERTO SECO SOLAR,Solar,(en blanco),Región de Antofagasta,ernc,1.0,0.0,93.72255800467686,0.0,5,2024-10-01 04:00:00
PMGD PFV SAN ANTONIO DEL MONTE SUNLIGHT,PMGD PFV San Antonio Del Monte Sunlight,Solar,(en blanco),Región Metropolitana,ernc,1.0,0.0,2.9949684454881256,0.0,5,2024-10-01 04:00:00
TER SANTA LIDIA,Santa Lidia,Térmica,Diésel,Región del Bío-Bío,convencional,0.0,0.0,0.0,0.0,5,2024-10-01 04:00:00
TER MAITENCILLO,TER MAITENCILLO,Térmica,Diésel,Región de Atacama,convencional,0.0,0.0,0.0,0.0,5,2024-10-01 04:00:00
TER GUACOLDA,Guacolda 1,Térmica,Carbón,Región de Atacama,convencional,0.0,0.0,2356.7316147090423,138.3575885650338,5,2024-10-01 04:00:00
PMGD PFV PARQUE PUEBLO SECO,PMGD PFV Pueblo Seco,Solar,(en blanco),Región de Ñuble,ernc,1.0,0.0,65.17043429211394,0.0,5,2024-10-01 04:00:00
TER ANDES GENERACION,Andes Generación Unidad 3 FO6,Térmica,Diésel,Región de Atacama,convencional,0.0,0.0,0.0,0.0,5,2024-10-01 04:00:00
TER SAN LORENZO DE D. DE ALMAGRO,TER SAN LORENZO U3,Térmica,Diésel,Región de Atacama,convencional,0.0,0.0,0.0,0.0,5,2024-10-01 04:00:00
TER ANDES GENERACION,Andes Generación Unidad 4 Diesel,Térmica,Diésel,Región de Atacama,convencional,0.0,0.0,0.0,0.0,5,2024-10-01 04:00:00
PMGD PFV EL PICHON,PMGD PFV Pichon,Solar,(en blanco),Región del Maule,ernc,1.0,0.0,12.477910612773814,0.0,5,2024-10-01 04:00:00
TER SAN LORENZO DE D. DE ALMAGRO,TER SAN LORENZO U2,Térmica,Diésel,Región de Atacama,convencional,0.0,0.0,0.0,0.0,5,2024-10-01 04:00:00
TER ANDES GENERACION,Andes Generación Unidad 4 FO6,Térmica,Diésel,Región de Atacama,convencional,0.0,0.0,0.0,0.0,5,2024-10-01 04:00:00
TER ANDES GENERACION,Andes Generación Unidad 2 FO6,Térmica,Diésel,Región de Atacama,convencional,0.0,0.0,0.0,0.0,5,2024-10-01 04:00:00
PMGD PFV TRANQUE DEL SOL,PMGD PFV Tranque del Sol,Solar,(en blanco),Región de Valparaíso,ernc,1.0,0.0,78.80383181704985,0.0,5,2024-10-01 04:00:00
TER SANTA MARTA,Santa Marta,Térmica,BioGas,Región Metropolitana,ernc,1.0,0.0,143.88068582334296,10.005610975197701,5,2024-10-01 04:00:00
PE MONTE REDONDO,MONTE REDONDO,Eólica,(en blanco),Región de Coquimbo,ernc,1.0,0.0,390.41894025221427,4.1623341656822435,5,2024-10-01 04:00:00
TER TALTAL,Taltal 2 GNL,Térmica,Gas Natural,Región de Antofagasta,convencional,0.0,0.0,227.1273691369878,0.0,5,2024-10-01 04:00:00
PMGD HP ARRAYAN,Arrayán,Hidráulica,Pasada,Región Metropolitana,ernc,1.0,0.0,0.0,0.0,5,2024-10-01 04:00:00
PMGD PFV LA PAZ,PMGD PFV La Paz,Solar,(en blanco),Región Metropolitana,ernc,1.0,0.0,62.06278565730632,0.0,5,2024-10-01 04:00:00
TER TALTAL,Taltal 2 Diésel,Térmica,Diésel,Región de Antofagasta,convencional,0.0,0.0,0.0,0.0,5,2024-10-01 04:00:00
PFV POZO ALMONTE SOLAR II,PFV POZO ALMONTE SOLAR II,Solar,(en blanco),Región de Tarapacá,ernc,1.0,0.0,46.0858441517606,0.0,5,2024-10-01 04:00:00
TER ANDES GENERACION,Andes Generación Unidad 1 Diesel,Térmica,Diésel,Región de Atacama,convencional,0.0,0.0,0.0,0.0,5,2024-10-01 04:00:00
PMGD PFV EL CUERVO,PMGD PFV El Cuervo,Solar,(en blanco),Región del Maule,ernc,1.0,0.0,17.600431561652137,0.0,5,2024-10-01 04:00:00
TER ESPERANZA,TER ESPERANZA-DS2,Térmica,Diésel,Región de O'Higgins,convencional,0.0,0.0,0.0,0.0,5,2024-10-01 04:00:00
TER TALTAL,Taltal 1 GNL,Térmica,Gas Natural,Región de Antofagasta,convencional,0.0,0.0,0.0,0.0,5,2024-10-01 04:00:00
TER ANDES GENERACION,Andes Generación Unidad 1 FO6,Térmica,Diésel,Región de Atacama,convencional,0.0,0.0,0.0,0.0,5,2024-10-01 04:00:00
PMGD PFV ORQUIDEA SOLAR,PMGD PFV Orquidea Solar,Solar,(en blanco),Región de Coquimbo,ernc,1.0,0.0,26.250321768071757,0.0,5,2024-10-01 04:00:00
TER TALTAL,Taltal 1 Diésel,Térmica,Diésel,Región de Antofagasta,convencional,0.0,0.0,0.0,0.0,5,2024-10-01 04:00:00
PMGD HP EL COLORADO,El Colorado,Hidráulica,Pasada,Región de los Lagos,ernc,1.0,0.0,35.60350963066659,1.7199015029939058,5,2024-10-01 04:00:00
PFV POZO ALMONTE SOLAR III,PFV POZO ALMONTE SOLAR III,Solar,(en blanco),Región de Tarapacá,ernc,1.0,0.0,86.44847882570814,0.0,5,2024-10-01 04:00:00
PMGD PFV FOTOVOLT LIN,PMGD PFV Fotovolt Lin,Solar,(en blanco),Región del Maule,ernc,1.0,0.0,27.21609153731075,0.0,5,2024-10-01 04:00:00
TER ANDES GENERACION,Andes Generación Unidad 2 Diesel,Térmica,Diésel,Región de Atacama,convencional,0.0,0.0,0.0,0.0,5,2024-10-01 04:00:00
TER ESPERANZA,TER ESPERANZA-TG1,Térmica,Diésel,Región de O'Higgins,convencional,0.0,0.0,0.0,0.0,5,2024-10-01 04:00:00
BESS Andes IV,BESS Andes IV (retiro),Bess,(en blanco),Región de Antofagasta,ernc,1.0,0.0,0.0,0.0,5,2024-10-01 04:00:00
PMGD PFV MACARENA SOLAR,PMGD PFV Macarena Solar,Solar,(en blanco),Región Metropolitana,ernc,1.0,0.0,2.3143054388365467,0.0,5,2024-10-01 04:00:00
PMGD PFV EA SF GRANEROS [En_Revision],PMGD PFV EA SF Graneros,Solar,(en blanco),Región Metropolitana,ernc,1.0,0.0,10.907202536697426,0.0,5,2024-10-01 04:00:00
TER DIEGO DE ALMAGRO,Diego de Almagro,Térmica,Diésel,Región de Atacama,convencional,0.0,0.0,0.0,0.0,5,2024-10-01 04:00:00
TER TOCOPILLA,TER TOCOPILLA TG1,Térmica,Gas Natural,Región de Antofagasta,convencional,0.0,0.0,0.0,0.0,5,2024-10-01 04:00:00
PMGD PFV AVELLANO SOLAR,PMGD PFV Avellano,Solar,(en blanco),Región del Bío-Bío,ernc,1.0,0.0,36.99785663417528,0.0,5,2024-10-01 04:00:00
PFV QUILMO,PFV QUILMO,Solar,(en blanco),Región Metropolitana,ernc,1.0,0.0,63.55564091445579,0.0,5,2024-10-01 04:00:00
PMGD PVF DOÑA RUBENA [EN_REVISION],PMGD PFV Dona Rubena,Solar,(en blanco),Región Metropolitana,ernc,1.0,0.0,0.0,0.0,5,2024-10-01 04:00:00
TER SANTA FE,TER SANTA FE,Térmica,Biomasa,Región del Bío-Bío,ernc,1.0,0.0,712.9998380925881,33.61885287666428,5,2024-10-01 04:00:00
PMGD PFV LOMA TENDIDA DEL VERANO SOLAR,PMGD PFV Loma Tendida del Verano,Solar,(en blanco),Región Metropolitana,ernc,1.0,0.0,10.409132924192708,0.0,5,2024-10-01 04:00:00
TER COLMITO,TER Colmito GNL,Térmica,Gas Natural,Región de Valparaíso,convencional,0.0,0.0,0.0,0.0,5,2024-10-01 04:00:00
TER TOCOPILLA,TER TOCOPILLA TG2,Térmica,Gas Natural,Región de Antofagasta,convencional,0.0,0.0,0.0,0.0,5,2024-10-01 04:00:00
HP PUNTILLA,PUNTILLA,Hidráulica,Pasada,Región Metropolitana,ernc,0.83975,0.0,377.51170209420934,16.609314218828185,5,2024-10-01 04:00:00
BESS La Cabaña,BESS La Cabaña (Retiro),Bess,(en blanco),Región de la Araucanía,ernc,1.0,0.0,134.22527123227712,0.4202356609583034,5,2024-10-01 04:00:00
BESS La Cabaña,BESS La Cabaña (Inyección),Bess,(en blanco),Región de la Araucanía,ernc,1.0,0.0,112.99336474290764,0.0,5,2024-10-01 04:00:00
PMGD HP EL MANZANO (MELIPEUCO),EL MANZANO,Hidráulica,Pasada,Región de la Araucanía,ernc,1.0,0.0,0.0,0.0,5,2024-10-01 04:00:00
HP RUCUE,RUCÚE,Hidráulica,Pasada,Región del Bío-Bío,convencional,0.0,0.0,3895.1843526444654,170.09538657836092,5,2024-10-01 04:00:00
PMGD PFV EL DIVISADERO,PMGD PFV EL DIVISADERO,Solar,(en blanco),Región de Coquimbo,ernc,1.0,0.0,24.323305140064477,0.0,5,2024-10-01 04:00:00
PFV WILLKA,PFV WILLKA,Solar,(en blanco),Arica y Parinacota,ernc,1.0,0.0,468.18254875145084,0.0,5,2024-10-01 04:00:00
PFV LOS LOROS,Parque Solar Los Loros,Solar,(en blanco),Región de Atacama,ernc,1.0,0.0,218.61259419709458,0.0,5,2024-10-01 04:00:00
PMGD PFV RECOLETA,PMGD PFV Recoleta,Solar,(en blanco),Región de Coquimbo,ernc,1.0,0.0,45.27746959335904,0.0,5,2024-10-01 04:00:00
PMGD PFV ENAMI SOLAR,PMGD PFV Enami Solar,Solar,(en blanco),Región Metropolitana,ernc,1.0,0.0,45.770260210393545,0.0,5,2024-10-01 04:00:00
TER CORONEL,Coronel TG Diésel,Térmica,Diésel,Región del Bío-Bío,convencional,0.0,0.0,0.0,0.0,5,2024-10-01 04:00:00
TER COLMITO,TER Colmito Diésel,Térmica,Diésel,Región de Valparaíso,convencional,0.0,0.0,0.0,0.0,5,2024-10-01 04:00:00
PMGD PFV ALAMEDA,PMGD PFV Alameda,Solar,(en blanco),Región de O'Higgins,ernc,1.0,0.0,35.98153343543922,0.0,5,2024-10-01 04:00:00
PMGD HP EL MIRADOR,PMGD HP El Mirador,Hidráulica,Pasada,Región del Bío-Bío,ernc,1.0,0.0,0.0,0.0,5,2024-10-01 04:00:00
TER COLIHUES,TER COLIHUES (Diésel),Térmica,Diésel,Región de O'Higgins,convencional,0.0,0.0,0.0,0.0,5,2024-10-01 04:00:00
PFV PMG NORTH WEST,PMG North West,Solar,(en blanco),Región de Atacama,ernc,1.0,0.0,88.89318435508116,0.0,5,2024-10-01 04:00:00
HP RIO PICOIQUEN,PICOIQUÉN,Hidráulica,Pasada,Región de la Araucanía,ernc,1.0,0.0,351.11885773871256,19.001528289990844,5,2024-10-01 04:00:00
PFV ALTO DEL SOL [EN_REVISION],PFV Alto del Sol,Solar,(en blanco),Región de Ñuble,ernc,1.0,0.0,0.0,0.0,5,2024-10-01 04:00:00
PMGD PFV CE CALDERA,PMGD PFV Ce Caldera,Solar,(en blanco),Región de Atacama,ernc,1.0,0.0,7.942584083464937,0.0,5,2024-10-01 04:00:00
TER TOCOPILLA,TER TOCOPILLA TG3 GNL,Térmica,Gas Natural,Región de Antofagasta,convencional,0.0,0.0,0.0,0.0,5,2024-10-01 04:00:00
PFV DESIERTO DE ATACAMA [EN_REVISION],PFV DESIERTO DE ATACAMA,Solar,(en blanco),Región de Atacama,ernc,1.0,0.0,0.0,0.0,5,2024-10-01 04:00:00
HP RIO HUASCO,RIO HUASCO,Hidráulica,Pasada,Región de Atacama,ernc,1.0,0.0,26.18468392209239,1.0906115962965495,5,2024-10-01 04:00:00
BESS San Andrés,BESS San Andrés (retiro),Bess,(en blanco),Región de Atacama,ernc,1.0,0.0,215.64117576565081,0.05703477222302289,5,2024-10-01 04:00:00
PFV LLANO DE LLAMPOS,PFV LLANO DE LLAMPOS,Solar,(en blanco),Región de Atacama,ernc,1.0,0.0,515.3990269434088,0.0,5,2024-10-01 04:00:00
BESS San Andrés,BESS San Andrés (Inyección),Bess,(en blanco),Región de Atacama,ernc,1.0,0.0,220.4867475527845,0.04062575522744559,5,2024-10-01 04:00:00
TER COLMITO,TER Colmito Gas Argentino,Térmica,Gas Natural,Región de Valparaíso,convencional,0.0,0.0,180.55125004744252,0.0,5,2024-10-01 04:00:00
PMGD HP ROBLERIA,ROBLERIA,Hidráulica,Pasada,Región del Maule,ernc,1.0,0.0,0.0,0.0,5,2024-10-01 04:00:00
TER TOCOPILLA,TER TOCOPILLA TG3 Diesel,Térmica,Gas Natural,Región de Antofagasta,convencional,0.0,0.0,0.0,0.0,5,2024-10-01 04:00:00
PMGD PFV LA VENDIMIA,PMGD PFV La Vendimia,Solar,(en blanco),Región del Maule,ernc,1.0,0.0,57.08564662821764,0.0,5,2024-10-01 04:00:00
TER EL PEÑON,TER EL PEÑON,Térmica,Diésel,Región de Coquimbo,convencional,0.0,0.0,0.0,0.0,5,2024-10-01 04:00:00
PMGD PFV SGT CATAPILCO,PMGD PFV SGT CATAPILCO,Solar,(en blanco),Región Metropolitana,ernc,1.0,0.0,9.724070938869264,0.0,5,2024-10-01 04:00:00
TER TOCOPILLA,TER TOCOPILLA TG3 Gas Arg,Térmica,Gas Natural,Región de Antofagasta,convencional,0.0,0.0,0.0,0.0,5,2024-10-01 04:00:00
PMGD PFV POMUYETO,PMGD PFV Pomuyeto,Solar,(en blanco),Región de Ñuble,ernc,1.0,0.0,20.109519602034197,0.0,5,2024-10-01 04:00:00
PMGD PFV CANESA SOLAR,Canesa Solar I,Solar,(en blanco),Región de Coquimbo,ernc,1.0,0.0,19.39834533399001,0.0,5,2024-10-01 04:00:00
PMGD PFV LOS LIRIOS,PMGD PFV Los Lirios,Solar,(en blanco),Región de O'Higgins,ernc,1.0,0.0,44.6498398456504,0.0,5,2024-10-01 04:00:00
PFV TAIRA [EN_REVISION],PFV TAIRA,Solar,(en blanco),Región de Antofagasta,ernc,1.0,0.0,0.0,0.0,5,2024-10-01 04:00:00
PMGD PFV SOL DEL MAULE,PMGD PFV Sol del Maule,Solar,(en blanco),Región del Maule,ernc,1.0,0.0,16.055404992925034,0.0,5,2024-10-01 04:00:00
PMGD HP TRANCA DEL TORO,PMGD HP Tranca del Toro,Hidráulica,Pasada,Región de los Ríos,ernc,1.0,0.0,0.0,0.0,5,2024-10-01 04:00:00
TER DEGAÑ,Degañ Nave 5,Térmica,Diésel,Región de los Lagos,convencional,0.0,0.0,0.0,0.0,5,2024-10-01 04:00:00
TER TOCOPILLA,U16-TG + U16-TV Diesel,Térmica,Gas Natural,Región de Antofagasta,convencional,0.0,0.0,0.0,0.0,5,2024-10-01 04:00:00
TER TERMOPACIFICO,Termopacífico,Térmica,Diésel,Región de Atacama,convencional,0.0,0.0,0.0,0.0,5,2024-10-01 04:00:00
TER RENCA [No_Mostrar],Renca U-2,Térmica,Diésel,Región Metropolitana,convencional,0.0,0.0,0.0,0.0,5,2024-10-01 04:00:00
TER RENCA [No_Mostrar],Renca U-1,Térmica,Diésel,Región Metropolitana,convencional,0.0,0.0,0.0,0.0,5,2024-10-01 04:00:00
PMGD PFV EA MAITEN [En_Revision],PMGD PFV Ea Maiten,Solar,(en blanco),Región Metropolitana,ernc,1.0,0.0,17.644053603946023,0.0,5,2024-10-01 04:00:00
PE LOS CURUROS,LOS CURUROS,Eólica,(en blanco),Región de Coquimbo,ernc,1.0,0.0,1046.4068070081257,8.324668331364487,5,2024-10-01 04:00:00
PE PUNTA DE TALCA [En_Revision],PE PUNTA DE TALCA,Eólica,(en blanco),Región Metropolitana,ernc,1.0,0.0,982.85116609367,7.083972570439972,5,2024-10-01 04:00:00
HP SAN CLEMENTE,SAN CLEMENTE,Hidráulica,Pasada,Región del Maule,ernc,1.0,0.0,0.0,0.0,5,2024-10-01 04:00:00
PMGD HP RIO TRUENO,TRUENO,Hidráulica,Pasada,Región de la Araucanía,ernc,1.0,0.0,109.81158045279474,4.542547382739756,5,2024-10-01 04:00:00
TER TOCOPILLA,U16-TG Diesel,Térmica,Gas Natural,Región de Antofagasta,convencional,0.0,0.0,0.0,0.0,5,2024-10-01 04:00:00
PMGD PFV AMPARO DEL SOL,Amparo del sol,Solar,(en blanco),Región de Coquimbo,ernc,1.0,0.0,17.56677728511048,0.0,5,2024-10-01 04:00:00
PMGD PFV EL MIRLO,PMGD PFV El Mirlo,Solar,(en blanco),Región de O'Higgins,ernc,1.0,0.0,47.8539099604719,0.0,5,2024-10-01 04:00:00
TER DEGAÑ,Degañ Nave 1+2,Térmica,Diésel,Región de los Lagos,convencional,0.0,0.0,0.0,0.0,5,2024-10-01 04:00:00
TER TOCOPILLA,U16-TG + U16-TV GNL,Térmica,Gas Natural,Región de Antofagasta,convencional,0.0,0.0,0.0,0.0,5,2024-10-01 04:00:00
PFV LUZ DEL NORTE,Luz del Norte,Solar,(en blanco),Región de Atacama,ernc,1.0,0.0,717.7224864728814,0.0,5,2024-10-01 04:00:00
TER TRAPEN,TER TRAPÉN,Térmica,Diésel,Región de los Lagos,convencional,0.0,0.0,0.0,0.0,5,2024-10-01 04:00:00
PMGD PFV SOFIA,PMGD PFV Sofia,Solar,(en blanco),Región de Coquimbo,ernc,1.0,0.0,19.877641534987216,0.0,5,2024-10-01 04:00:00
PMGD PFV ENCINO,PMGD PFV ENCINO,Solar,(en blanco),Región de O'Higgins,ernc,1.0,0.0,10.50628868137666,0.0,5,2024-10-01 04:00:00
TER CORONEL,Coronel TG Gas Natural,Térmica,Gas Natural,Región del Bío-Bío,convencional,0.0,0.0,0.0,0.0,5,2024-10-01 04:00:00
PMGD PFV TAMARAMA [En_Revision],PMGD PFV TAMARAMA,Solar,(en blanco),Región de Atacama,ernc,1.0,0.0,15.585676704949513,0.0,5,2024-10-01 04:00:00
PMGD TER TIRUA,PMGD TER Tirúa,Térmica,Diésel,Región del Bío-Bío,convencional,0.0,0.0,0.0,0.0,5,2024-10-01 04:00:00
PMGD PFV EL CARDENAL,PMGD PFV El Cardenal,Solar,(en blanco),Región de O'Higgins,ernc,1.0,0.0,20.51429039275825,0.0,5,2024-10-01 04:00:00
PMGD PFV LOS ROBLES,PMGD PFV Los Robles,Solar,(en blanco),Región del Maule,ernc,1.0,0.0,12.395936326098402,0.0,5,2024-10-01 04:00:00
TER TOCOPILLA,U16-TG Gas Arg,Térmica,Gas Natural,Región de Antofagasta,convencional,0.0,0.0,0.0,0.0,5,2024-10-01 04:00:00
PMGD PFV DON RODRIGO,PMGD PFV Don Rodrigo,Solar,(en blanco),Región del Maule,ernc,1.0,0.0,34.030322769630075,0.0,5,2024-10-01 04:00:00
PFV LAS SALINAS,PFV LAS SALINAS,Solar,(en blanco),Región de Antofagasta,ernc,1.0,0.0,1021.8730488969412,0.0,5,2024-10-01 04:00:00
PMGD PFV LO MIGUEL,PMGD PFV Lo Miguel,Solar,(en blanco),Región de O'Higgins,ernc,1.0,0.0,29.486412159115545,0.0,5,2024-10-01 04:00:00
TER SANTA MARIA,Santa María,Térmica,Carbón,Región del Bío-Bío,convencional,0.0,0.0,0.0,0.0,5,2024-10-01 04:00:00
PE LA CABAÑA,PE LA CABAÑA,Eólica,(en blanco),Región de la Araucanía,ernc,1.0,0.0,507.6746952705561,16.14905611396909,5,2024-10-01 04:00:00
PFV PATAGUILLA [EN_REVISION],PFV PATAGUILLA,Solar,(en blanco),Región Metropolitana,ernc,1.0,0.0,0.0,0.0,5,2024-10-01 04:00:00
TER TOCOPILLA,U16-TG GNL,Térmica,Gas Natural,Región de Antofagasta,convencional,0.0,0.0,0.0,0.0,5,2024-10-01 04:00:00
PMGD HP EL LLANO,EL LLANO,Hidráulica,Pasada,Región Metropolitana,ernc,1.0,0.0,12.5540836560113,0.5368430139639063,5,2024-10-01 04:00:00
PMGD PFV LAS GOLONDRINAS,PMGD PFV Golondrinas,Solar,(en blanco),Región del Maule,ernc,1.0,0.0,27.81346066818396,0.0,5,2024-10-01 04:00:00
PFV MESETA DE LOS ANDES,PFV Meseta de Los Andes,Solar,(en blanco),Región de Valparaíso,ernc,1.0,0.0,715.6113025571148,0.0,5,2024-10-01 04:00:00
TER CORONEL,Coronel TG GNL,Térmica,Gas Natural,Región del Bío-Bío,convencional,0.0,0.0,0.0,0.0,5,2024-10-01 04:00:00
TER TRINCAO,TER TRINCAO,Térmica,Diésel,Región de los Lagos,convencional,0.0,0.0,0.0,0.0,5,2024-10-01 04:00:00
PFV SALVADOR,EL SALVADOR (SOLAR),Solar,(en blanco),Región de Atacama,ernc,1.0,0.0,102.68758543845402,0.0,5,2024-10-01 04:00:00
TER SAN LORENZO DE D. DE ALMAGRO,TER SAN LORENZO U1,Térmica,Diésel,Región de Atacama,convencional,0.0,0.0,0.0,0.0,5,2024-10-01 04:00:00
PMGD PFV OLIVIER,PMGD PFV Olivier,Solar,(en blanco),Región de Coquimbo,ernc,1.0,0.0,23.028658277086336,0.0,5,2024-10-01 04:00:00
PMGD PFV RIMINI,PMGD PFV Rimini,Solar,(en blanco),Región de Valparaíso,ernc,1.0,0.0,71.22748493012959,0.0,5,2024-10-01 04:00:00
PMGD PFV NAHUEN,Nahuen,Solar,(en blanco),Región Metropolitana,ernc,1.0,0.0,65.4229423251924,0.0,5,2024-10-01 04:00:00
PE RENAICO II,PE Renaico II,Eólica,(en blanco),Región de la Araucanía,ernc,1.0,0.0,392.6501914996835,14.70824813354062,5,2024-10-01 04:00:00
PFV LOMA LOS COLORADOS [EN_REVISION],Solar Loma Los Colorados,Solar,(en blanco),Región Metropolitana,ernc,1.0,0.0,5.403029926606759,0.0,5,2024-10-01 04:00:00
TER QUINTAY,Quintay,Térmica,Diésel,Región de Valparaíso,convencional,0.0,0.0,0.0,0.0,5,2024-10-01 04:00:00
HP LIRCAY,LIRCAY,Hidráulica,Pasada,Región del Maule,ernc,1.0,0.0,117.96615339758091,5.603142146110712,5,2024-10-01 04:00:00
PMGD TER DON PEDRO,Don Pedro,Térmica,Diésel,Región del Bío-Bío,convencional,0.0,0.0,0.0,0.0,5,2024-10-01 04:00:00
PMGD PFV LOS CISNES,PMGD PFV Los Cisnes,Solar,(en blanco),Región Metropolitana,ernc,1.0,0.0,44.876598192145806,0.0,5,2024-10-01 04:00:00
PMGD HP ALTO HOSPICIO,Minihidro Alto Hospicio,Hidráulica,Pasada,Región de Tarapacá,ernc,1.0,0.0,22.87947958213025,0.9613694265021777,5,2024-10-01 04:00:00
TER IEM,TER IEM,Térmica,Carbón,Región de Antofagasta,convencional,0.0,0.0,0.0,0.0,5,2024-10-01 04:00:00
PMGD PFV RINCONADA NORTE (SLK 808),SLK 808,Solar,(en blanco),Región de Valparaíso,ernc,1.0,0.0,27.89675973177156,0.0,5,2024-10-01 04:00:00
PMGD PFV VIOLETA,PMGD PFV Violeta,Solar,(en blanco),Región Metropolitana,ernc,1.0,0.0,37.55708109597165,0.0,5,2024-10-01 04:00:00
PMGD PFV MALINKE,Malinke,Solar,(en blanco),Región Metropolitana,ernc,1.0,0.0,11.667426432732565,0.0,5,2024-10-01 04:00:00
PMGD PFV CAIMI,Caimi,Solar,(en blanco),Región de Valparaíso,ernc,1.0,0.0,0.1310717596970408,0.0,5,2024-10-01 04:00:00
PMGD PFV UTFSM VITACURA [EN_REVISION],UTSFM Vitacura,Solar,(en blanco),Región Metropolitana,ernc,1.0,0.0,0.0,0.0,5,2024-10-01 04:00:00
PMGD PFV INDEPENDENCIA,PMGD PFV Independencia,Solar,(en blanco),Región Metropolitana,ernc,1.0,0.0,19.210330058845184,0.0,5,2024-10-01 04:00:00
PMGD PFV PARQUE SOLAR OVALLE NORTE,OVALLE NORTE,Solar,(en blanco),Región de Coquimbo,ernc,1.0,0.0,40.85416519424136,0.0,5,2024-10-01 04:00:00
TER PUNTA COLORADA,TER PUNTA COLORADA (Diésel),Térmica,Diésel,Región de Coquimbo,convencional,0.0,0.0,0.0,0.0,5,2024-10-01 04:00:00
PMGD PFV LOS NOGALES,PMGD PFV Los Nogales,Solar,(en blanco),Región de Coquimbo,ernc,1.0,0.0,38.02064961695538,0.0,5,2024-10-01 04:00:00
PMGD PFV PARQUE SOLAR MECO CHILLAN,MECO CHILLAN,Solar,(en blanco),Región de Ñuble,ernc,1.0,0.0,40.952007510035635,0.0,5,2024-10-01 04:00:00
TER CMPC SANTA FE,CMPC Santa Fe,Térmica,Biomasa,Región del Bío-Bío,ernc,1.0,0.0,242.03572949003237,9.00504987767793,5,2024-10-01 04:00:00
TER HUASCO,Huasco TG,Térmica,Diésel,Región de Atacama,convencional,0.0,0.0,0.0,0.0,5,2024-10-01 04:00:00
HE COLBUN,COLBÚN,Hidráulica,Embalse,Región del Maule,convencional,0.0,0.0,6344.557919372862,261.14644645266,5,2024-10-01 04:00:00
PMGD PFV MARIN,MARIN,Solar,(en blanco),Región de Valparaíso,ernc,1.0,0.0,20.05428286832036,0.0,5,2024-10-01 04:00:00
PMGD PFV PILPILEN,Pilpilen,Solar,(en blanco),Región de O'Higgins,ernc,1.0,0.0,22.26479766964575,0.0,5,2024-10-01 04:00:00
PMGD PFV EL CHERCAN,PMGD PFV El Chercan,Solar,(en blanco),Región del Maule,ernc,1.0,0.0,50.908223097746365,0.0,5,2024-10-01 04:00:00
TER CONCON,Concón,Térmica,Diésel,Región de Valparaíso,convencional,0.0,0.0,0.0,0.0,5,2024-10-01 04:00:00
PMGD PFV CLEMENTINA,PMGD PFV Clementina,Solar,(en blanco),Región Metropolitana,ernc,1.0,0.0,42.275496630757715,0.0,5,2024-10-01 04:00:00
PMGD PFV CALAMA SOLAR,Solar Calama 1,Solar,(en blanco),Región de Antofagasta,ernc,1.0,0.0,0.0,0.0,5,2024-10-01 04:00:00
PMGD PFV ARIZTIA,Ariztia,Solar,(en blanco),Región de Valparaíso,ernc,1.0,0.0,13.324214425751473,0.0,5,2024-10-01 04:00:00
TER QUINTERO,Quintero TG 1A Diésel,Térmica,Diésel,Región de Valparaíso,convencional,0.0,0.0,0.0,0.0,5,2024-10-01 04:00:00
PFV VENEZIA SOLAR [EN_REVISION],PFV VENEZIA SOLAR,Solar,(en blanco),Región del Maule,ernc,1.0,0.0,18.370301750462982,0.0,5,2024-10-01 04:00:00
PMGD TER CHUFKEN,Chufkén (Traiguén),Térmica,Diésel,Región de la Araucanía,convencional,0.0,0.0,0.0,0.0,5,2024-10-01 04:00:00
TER CHILOE,Chiloé,Térmica,Diésel,Región de los Lagos,convencional,0.0,0.0,0.0,0.0,5,2024-10-01 04:00:00
HP LA CONFIANZA  [EN_REVISION],La Confianza,Hidráulica,Pasada,Región del Bío-Bío,ernc,1.0,0.0,36.060221954612494,1.500841646279655,5,2024-10-01 04:00:00
TER CMPC PACIFICO,CMPC Pacífico,Térmica,Biomasa,Región de la Araucanía,ernc,1.0,0.0,504.883129808476,21.311951377171102,5,2024-10-01 04:00:00
PMGD PFV SDSI,PMGD PFV SDSI,Solar,(en blanco),Región del Bío-Bío,ernc,1.0,0.0,20.766606998887745,0.0,5,2024-10-01 04:00:00
TER HUASCO,Huasco TG IFO,Térmica,Fuel Oil,Región de Atacama,convencional,0.0,0.0,0.0,0.0,5,2024-10-01 04:00:00
PMGD TER LOS PINOS,PMGD TER Los Pinos,Térmica,Diésel,Región del Bío-Bío,convencional,0.0,0.0,27.850021592924115,1.1603132203730564,5,2024-10-01 04:00:00
PMGD PFV LINARES SOLAR,Linares Solar,Solar,(en blanco),Región del Maule,ernc,1.0,0.0,54.687904733246086,0.0,5,2024-10-01 04:00:00
PMGD PFV ROSARIO,PMGD PFV Rosario,Solar,(en blanco),Región de O'Higgins,ernc,1.0,0.0,0.0,0.0,5,2024-10-01 04:00:00
HP ANCOA,ANCOA,Hidráulica,Pasada,Región del Maule,ernc,0.4,0.0,281.2577245128074,18.210211974859813,5,2024-10-01 04:00:00
PMGD PFV OLIVIA,PMGD PFV Olivia,Solar,(en blanco),Región de Coquimbo,ernc,1.0,0.0,24.542477737001516,0.0,5,2024-10-01 04:00:00
HP SAUZAL,SAUZAL,Hidráulica,Pasada,Región de O'Higgins,convencional,0.0,0.0,931.0873678425372,33.258860999387636,5,2024-10-01 04:00:00
PMGD PFV TALLADO,PMGD PFV Tallado,Solar,(en blanco),Región de Antofagasta,ernc,1.0,0.0,79.84919762428314,0.0,5,2024-10-01 04:00:00
HP SAUZAL,SAUZAL 60 Hz,Hidráulica,Pasada,Región de O'Higgins,convencional,0.0,0.0,0.0,0.0,5,2024-10-01 04:00:00
PMGD PFV PARQUE SOLAR EL RECONQUISTADOR,PMGD PFV El Reconquistador,Solar,(en blanco),Región de Ñuble,ernc,1.0,0.0,16.708109244585863,0.0,5,2024-10-01 04:00:00
PMGD PFV EL PIUQUEN,El Piuquen,Solar,(en blanco),Región de Ñuble,ernc,1.0,0.0,17.848130016401463,0.0,5,2024-10-01 04:00:00
PMGD HP AUXILIAR DEL MAIPO,AUXILIAR DEL MAIPO,Hidráulica,Pasada,Región Metropolitana,ernc,1.0,0.0,89.86051064368954,3.816062894686518,5,2024-10-01 04:00:00
PMGD PFV MOYA,Moya,Solar,(en blanco),Región del Bío-Bío,ernc,1.0,0.0,53.62161061417411,0.0,5,2024-10-01 04:00:00
TER PETROPOWER,Cogen. Biobío,Térmica,PetCoke,Región del Bío-Bío,convencional,0.0,0.0,1155.6480676353344,50.52833542474839,5,2024-10-01 04:00:00
TER KELAR,KELAR TG1 + TG2 + TV (Diesel),Térmica,Diésel,Región de Antofagasta,convencional,0.0,0.0,0.0,0.0,5,2024-10-01 04:00:00
PMGD PFV LAS MAJADAS,PFV Las Majadas,Solar,(en blanco),Región de Coquimbo,ernc,1.0,0.0,80.0568251420376,0.0,5,2024-10-01 04:00:00
PMGD PFV MARAÑON,PMGD PFV Marañon,Solar,(en blanco),Región de Atacama,ernc,1.0,0.0,92.41763682033535,0.0,5,2024-10-01 04:00:00
PE LA ESTRELLA,PE LA ESTRELLA,Eólica,(en blanco),Región de O'Higgins,ernc,1.0,0.0,237.83337288044936,0.0,5,2024-10-01 04:00:00
PFV SANTA ISABEL,PFV SANTA ISABEL,Solar,(en blanco),Región de Antofagasta,ernc,1.0,0.0,585.6083991563711,0.0,5,2024-10-01 04:00:00
PMGD PFV HUAQUELON,PMGD PFV Huaquelon,Solar,(en blanco),Región de Coquimbo,ernc,1.0,0.0,47.11787143167631,0.0,5,2024-10-01 04:00:00
PMGD PFV SANTA ESTER,Santa Ester,Solar,(en blanco),Región de Ñuble,ernc,1.0,0.0,11.877939813529556,0.0,5,2024-10-01 04:00:00
TER PLACILLA,Placilla,Térmica,Diésel,Región de Valparaíso,convencional,0.0,0.0,0.0,0.0,5,2024-10-01 04:00:00
PMGD PFV PARQUE SOLAR MEMBRILLO,Membrillo,Solar,(en blanco),Región de O'Higgins,ernc,1.0,0.0,14.58000084715982,0.0,5,2024-10-01 04:00:00
PMGD PFV TAMARUGO,Tamarugo,Solar,(en blanco),Región de Tarapacá,ernc,1.0,0.0,24.44989734130189,0.0,5,2024-10-01 04:00:00
PMGD TER EL JARDIN,PMGD TER El Jardin,Térmica,Diésel,Región de los Lagos,convencional,0.0,0.0,0.0,0.0,5,2024-10-01 04:00:00
PMGD PFV HUAPE,Huape,Solar,(en blanco),Región de Ñuble,ernc,1.0,0.0,18.095848285062097,0.0,5,2024-10-01 04:00:00
PMGD PFV LLAY LLAY,LLAY LLAY,Solar,(en blanco),Región de Valparaíso,ernc,1.0,0.0,59.95133596339578,0.0,5,2024-10-01 04:00:00
TER KELAR,KELAR TG1 (Diesel),Térmica,Diésel,Región de Antofagasta,convencional,0.0,0.0,0.0,0.0,5,2024-10-01 04:00:00
PMGD PFV TRINIDAD,Trinidad Solar,Solar,(en blanco),Región de O'Higgins,ernc,1.0,0.0,19.769174364956758,0.0,5,2024-10-01 04:00:00
PMGD PFV NAN,PMGD PFV Nan,Solar,(en blanco),Región de O'Higgins,ernc,1.0,0.0,26.65242214357271,0.0,5,2024-10-01 04:00:00
PMGD PFV SATURNO NORTE,Saturno Norte,Solar,(en blanco),Región del Maule,ernc,1.0,0.0,27.107467391951214,0.0,5,2024-10-01 04:00:00
PMGD PFV TIERRA,PMGD PFV Tierra,Solar,(en blanco),Región de Atacama,ernc,1.0,0.0,39.76306657763218,0.0,5,2024-10-01 04:00:00
PMGD PFV GR PITAO,GR Pitao,Solar,(en blanco),Región del Maule,ernc,1.0,0.0,0.0,0.0,5,2024-10-01 04:00:00
PMGD PFV LAS CABRAS,Las Cabras,Solar,(en blanco),Región de O'Higgins,ernc,1.0,0.0,19.5388200763186,0.0,5,2024-10-01 04:00:00
PMGD TER PRP LAS QUEMAS,PRP Las Quemas,Térmica,Diésel,Región de los Lagos,convencional,0.0,0.0,0.0,0.0,5,2024-10-01 04:00:00
HP AILLIN,AILLIN,Hidráulica,Pasada,Región del Bío-Bío,ernc,1.0,0.0,59.9436153524094,2.511408354774623,5,2024-10-01 04:00:00
PMGD TER LAS DALIAS,PMGD TER Las Dalias,Térmica,Diésel,Región de los Lagos,convencional,0.0,0.0,0.0,0.0,5,2024-10-01 04:00:00
TER PUNTA COLORADA,TER PUNTA COLORADA (IFO),Térmica,Fuel Oil,Región de Coquimbo,convencional,0.0,0.0,0.0,0.0,5,2024-10-01 04:00:00
PMGD PFV ORION SOLAR,Orion,Solar,(en blanco),Región de Ñuble,ernc,1.0,0.0,19.312907885232644,0.0,5,2024-10-01 04:00:00
PMGD PFV LOS LAGOS,Los Lagos Solar,Solar,(en blanco),Región de O'Higgins,ernc,1.0,0.0,2.798568932206207,0.0,5,2024-10-01 04:00:00
PMGD PFV LINGUE,Lingue Solar,Solar,(en blanco),Región de Valparaíso,ernc,1.0,0.0,22.999883911915376,0.0,5,2024-10-01 04:00:00
TER KELAR,KELAR TG2 (Diesel),Térmica,Diésel,Región de Antofagasta,convencional,0.0,0.0,0.0,0.0,5,2024-10-01 04:00:00
PMGD PFV PAINE,PMGD PFV Paine,Solar,(en blanco),Región de Antofagasta,ernc,1.0,0.0,91.1844717061685,0.0,5,2024-10-01 04:00:00
PMGD HP EL AGRIO,El Agrio,Hidráulica,Pasada,Región de la Araucanía,ernc,1.0,0.0,26.860713212335195,1.1305370621136925,5,2024-10-01 04:00:00
TER CHOLGUAN,CHOLGUAN,Térmica,Biomasa,Región de Ñuble,ernc,1.0,0.0,170.73574568077356,6.973910849712797,5,2024-10-01 04:00:00
TER QUINTERO,Quintero TG 1A GNL,Térmica,Gas Natural,Región de Valparaíso,convencional,0.0,0.0,0.0,0.0,5,2024-10-01 04:00:00
PMGD HP EL CANELO,EL CANELO,Hidráulica,Pasada,Región de la Araucanía,ernc,1.0,0.0,124.89142368930217,5.201402819379726,5,2024-10-01 04:00:00
PMGD PFV CONDOR PETORCA,PMGD PFV Condor Petorca,Solar,(en blanco),Región de Valparaíso,ernc,1.0,0.0,22.77796652214555,0.0,5,2024-10-01 04:00:00
PMGD PFV PARQUE SOLAR JOTABECHE,PMGD PFV Parque Jotabeche,Solar,(en blanco),Región de Atacama,ernc,1.0,0.0,33.39586750668945,0.0,5,2024-10-01 04:00:00
TER GUACOLDA,Guacolda 4,Térmica,Carbón,Región de Atacama,convencional,0.0,0.0,2298.518970055341,135.00570888834258,5,2024-10-01 04:00:00
GEO CERRO PABELLON,GEO Cerro Pabellón G2A,Geotérmica,(en blanco),Región de Antofagasta,ernc,1.0,0.0,195.0793971834296,9.245184541082676,5,2024-10-01 04:00:00
TER SAN ISIDRO,San Isidro GNL,Térmica,Gas Natural,Región de Valparaíso,convencional,0.0,0.0,0.0,0.0,5,2024-10-01 04:00:00
PE ATACAMA,PE ATACAMA,Eólica,(en blanco),Región de Atacama,ernc,1.0,0.0,2132.1656819817044,57.81242021469232,5,2024-10-01 04:00:00
PMGD PFV LIMA,PMGD PFV Lima,Solar,(en blanco),Región Metropolitana,ernc,1.0,0.0,16.21703271698334,0.0,5,2024-10-01 04:00:00
PFV BOLERO,PFV BOLERO,Solar,(en blanco),Región de Antofagasta,ernc,1.0,0.0,675.4888025465721,0.0,5,2024-10-01 04:00:00
GEO CERRO PABELLON,GEO Cerro Pabellón G1A,Geotérmica,(en blanco),Región de Antofagasta,ernc,1.0,0.0,231.21966402584366,9.295212595958663,5,2024-10-01 04:00:00
PMGD TER DIESEL COYA,PMGD TER Diesel Coya,Térmica,Diésel,Región Metropolitana,convencional,0.0,0.0,0.0,0.0,5,2024-10-01 04:00:00
TER SAN ISIDRO,San Isidro Diésel,Térmica,Diésel,Región de Valparaíso,convencional,0.0,0.0,0.0,0.0,5,2024-10-01 04:00:00
HP QUELTEHUES,QUELTEHUES,Hidráulica,Pasada,Región Metropolitana,convencional,0.0,0.0,814.9970363737533,32.818403998648456,5,2024-10-01 04:00:00
PMGD PFV LAS TAGUAS,PMGD PFV Las Taguas,Solar,(en blanco),Región de Coquimbo,ernc,1.0,0.0,83.79571065126872,0.0,5,2024-10-01 04:00:00
PFV EL PELICANO,PFV El Pelícano,Solar,(en blanco),Región de Coquimbo,ernc,1.0,0.0,541.5536940325757,0.0,5,2024-10-01 04:00:00
TER GUACOLDA,Guacolda 5,Térmica,Carbón,Región de Atacama,convencional,0.0,0.0,1390.3196674476214,154.72676812045722,5,2024-10-01 04:00:00
PMGD PFV EL RAYADOR,PMGD PFV El Rayador,Solar,(en blanco),Región Metropolitana,ernc,1.0,0.0,84.19738085143472,0.0,5,2024-10-01 04:00:00
TER SAN ISIDRO,San Isidro Gas Arg,Térmica,Gas Natural,Región de Valparaíso,convencional,0.0,0.0,2764.990559330033,342.72219273344683,5,2024-10-01 04:00:00
PMGD PFV SANTA LUCIA,PMGD PFV Santa Lucía,Solar,(en blanco),Región de Coquimbo,ernc,1.0,0.0,51.666459735461096,0.0,5,2024-10-01 04:00:00
GEO CERRO PABELLON,GEO Cerro Pabellón G3A,Geotérmica,(en blanco),Región de Antofagasta,ernc,1.0,0.0,183.01263034734112,8.14456733381093,5,2024-10-01 04:00:00
PMGD PFV SOY SOLAR,PMGD PFV Soy Solar,Solar,(en blanco),Región de Coquimbo,ernc,1.0,0.0,18.427596680678146,0.0,5,2024-10-01 04:00:00
PMGD HP EL GALPON,El Galpón,Hidráulica,Pasada,Región del Maule,ernc,1.0,0.0,31.938251582153917,1.3576928895095843,5,2024-10-01 04:00:00
PMGD PFV BELEN,PMGD PFV BELEN,Solar,(en blanco),Región Metropolitana,ernc,1.0,0.0,0.0,0.0,5,2024-10-01 04:00:00
TER GUACOLDA,Guacolda 2,Térmica,Carbón,Región de Atacama,convencional,0.0,0.0,0.0,0.0,5,2024-10-01 04:00:00
PMGD PFV CARA DE GALLO,PMGD PFV Cara De Gallo,Solar,(en blanco),Región de O'Higgins,ernc,1.0,0.0,5.092241393522488,0.0,5,2024-10-01 04:00:00
TER PLANTA DE ACIDO SULFURICO MEJILLONES,TER PAM,Térmica,Cogeneracion,Región de Antofagasta,convencional,0.0,0.0,458.427078050633,19.090705740677212,5,2024-10-01 04:00:00
TER SAN ISIDRO II,San Isidro II Gas Arg,Térmica,Gas Natural,Región de Valparaíso,convencional,0.0,0.0,6459.112159427898,365.7350979764015,5,2024-10-01 04:00:00
PFV MARIA ELENA,PFV MARIA ELENA,Solar,(en blanco),Región de Antofagasta,ernc,1.0,0.0,0.0,0.0,5,2024-10-01 04:00:00
PMGD LAJA ANDINO,PMGD PFV Laja Andino,Solar,(en blanco),Región Metropolitana,ernc,1.0,0.0,55.14348481014726,0.0,5,2024-10-01 04:00:00
PMGD PFV PAILLIHUE,PMGD PFV Paillihue,Solar,(en blanco),Región Metropolitana,ernc,1.0,0.0,51.03426582084585,0.0,5,2024-10-01 04:00:00
PMGD PFV JARDIN SOLAR PETORCA,PMGD PFV Jardin Solar Petorca,Solar,(en blanco),Región Metropolitana,ernc,1.0,0.0,59.657925558568074,0.0,5,2024-10-01 04:00:00
TER SAN ISIDRO II,San Isidro II GNL,Térmica,Gas Natural,Región de Valparaíso,convencional,0.0,0.0,0.0,0.0,5,2024-10-01 04:00:00
PFV EL AGUILA,SOLAR EL AGUILA I,Solar,(en blanco),Arica y Parinacota,ernc,1.0,0.0,14.14793391892955,0.0,5,2024-10-01 04:00:00
TER GUACOLDA,Guacolda 3,Térmica,Carbón,Región de Atacama,convencional,0.0,0.0,2536.152230716287,154.31653807047414,5,2024-10-01 04:00:00
TER SAN ISIDRO II,San Isidro II Diésel,Térmica,Diésel,Región de Valparaíso,convencional,0.0,0.0,0.0,0.0,5,2024-10-01 04:00:00
PMGD PFV LAS ARBOLEDAS,PMGD PFV Las Arboledas,Solar,(en blanco),Región Metropolitana,ernc,1.0,0.0,11.8363091231517,0.0,5,2024-10-01 04:00:00
PFV SANTIAGO SOLAR,Santiago Solar,Solar,(en blanco),Región Metropolitana,ernc,1.0,0.0,367.28596767755715,0.0,5,2024-10-01 04:00:00
HP RIO COLORADO,HP Rio Colorado,Hidráulica,Pasada,Región del Maule,ernc,1.0,0.0,155.98747510333217,8.204600999662114,5,2024-10-01 04:00:00
PMGD PFV AÑUÑUCA DEL VERANO SOLAR,PMGD PFV Añuñuca del Verano,Solar,(en blanco),Región de Valparaíso,ernc,1.0,0.0,19.919115510181886,0.0,5,2024-10-01 04:00:00
PFV SDGX01,SDGx01 (Andacollo),Solar,(en blanco),Región de Coquimbo,ernc,1.0,0.0,1.2006733170237243,0.0,5,2024-10-01 04:00:00
TER SAN GREGORIO,San Gregorio,Térmica,Diésel,Región de Ñuble,convencional,0.0,0.0,0.0,0.0,5,2024-10-01 04:00:00
PMGD PFV SIETE COLORES,PMGD PFV Siete Colores,Solar,(en blanco),Región de Coquimbo,ernc,1.0,0.0,48.289423247060896,0.0,5,2024-10-01 04:00:00
PFV URIBE SOLAR,PFV URIBE SOLAR,Solar,(en blanco),Región de Antofagasta,ernc,1.0,0.0,264.93857301225995,0.0,5,2024-10-01 04:00:00
PMGD TER CORTES,Cortés,Térmica,Diésel,Región de Valparaíso,convencional,0.0,0.0,0.0,0.0,5,2024-10-01 04:00:00
PMGD HP EL ARRAYAN,MINICENTRAL_ARRAYAN,Hidráulica,Pasada,Región de los Ríos,ernc,1.0,0.0,27.247809218843095,1.1462340054905853,5,2024-10-01 04:00:00
PMGD PFV PARQUE PVP ITIHUE,PMGD PFV Parque PVP Itihue,Solar,(en blanco),Región de Ñuble,ernc,1.0,0.0,58.12455052102003,0.0,5,2024-10-01 04:00:00
TER QUINTERO,Quintero TG 1B Diésel,Térmica,Diésel,Región de Valparaíso,convencional,0.0,0.0,0.0,0.0,5,2024-10-01 04:00:00
BESS Salvador,BESS Salvador (retiro),Bess,(en blanco),Región de Atacama,ernc,1.0,0.0,278.51439926871495,0.4179814519365079,5,2024-10-01 04:00:00
PMGD PFV ROVIAN,Rovián,Solar,(en blanco),Región de O'Higgins,ernc,1.0,0.0,32.75206835765759,0.0,5,2024-10-01 04:00:00
PMGD TER PICOLTUE,Picoltué,Térmica,Diésel,Región del Bío-Bío,convencional,0.0,0.0,0.0,0.0,5,2024-10-01 04:00:00
TER HORNITOS,TER HORNITOS,Térmica,Carbón,Región de Antofagasta,convencional,0.0,0.0,0.0,0.0,5,2024-10-01 04:00:00
PMGD PFV TUCUQUERE,Tucúquere,Solar,(en blanco),Región de Valparaíso,ernc,1.0,0.0,24.60980485289452,0.0,5,2024-10-01 04:00:00
BESS Salvador,BESS Salvador (inyección),Bess,(en blanco),Región de Atacama,ernc,1.0,0.0,284.72351398496016,0.0,5,2024-10-01 04:00:00
PMGD PFV JOSE SOLER MALLAFRE,José Soler Mallafré,Solar,(en blanco),Región del Maule,ernc,1.0,0.0,8.576774503586256,0.0,5,2024-10-01 04:00:00
PMGD PFV DOÑA IGNA,PMGD PFV Doña Igna,Solar,(en blanco),Región Metropolitana,ernc,1.0,0.0,15.665202832839425,0.0,5,2024-10-01 04:00:00
PMGD PFV CATAN SOLAR,Catán Solar,Solar,(en blanco),Región de Valparaíso,ernc,1.0,0.0,0.0,0.0,5,2024-10-01 04:00:00
PMGD PFV PSF EL PERAL,PMGD PFV PSF El Peral,Solar,(en blanco),Región Metropolitana,ernc,1.0,0.0,48.96481509273572,0.0,5,2024-10-01 04:00:00
PMGD TER RIO AZUL,Río Azul,Térmica,Diésel,Región de los Lagos,convencional,0.0,0.0,0.0,0.0,5,2024-10-01 04:00:00
PMGD PFV POBLACION,Población,Solar,(en blanco),Región de O'Higgins,ernc,1.0,0.0,9.813038106432462,0.0,5,2024-10-01 04:00:00
PMGD PFV EL CERNICALO II,Cernicalo 2,Solar,(en blanco),Región de Ñuble,ernc,1.0,0.0,9.492762303549844,0.0,5,2024-10-01 04:00:00
PMGD PFV PARQUE EL INGENIO,PMGD PFV El Ingenio,Solar,(en blanco),Región de Valparaíso,ernc,1.0,0.0,19.47895518121116,0.0,5,2024-10-01 04:00:00
PMGD PFV CHANCON,Chancon,Solar,(en blanco),Región de O'Higgins,ernc,1.0,0.0,6.632062434178633,0.0,5,2024-10-01 04:00:00
TER QUINTERO,Quintero TG 1B GNL,Térmica,Gas Natural,Región de Valparaíso,convencional,0.0,0.0,0.0,0.0,5,2024-10-01 04:00:00
PMGD TER LIPIGAS CONCON,Lipigas Concón,Térmica,Gas Natural,Región de Valparaíso,convencional,0.0,0.0,0.0,0.0,5,2024-10-01 04:00:00
PMGD PFV PARQUE LA TRAVESIA,PMGD PFV Parque La Travesía,Solar,(en blanco),Región de Atacama,ernc,1.0,0.0,1.7209944144799412,0.0,5,2024-10-01 04:00:00
TER HORCONES,Horcones Diésel,Térmica,Diésel,Región del Bío-Bío,convencional,0.0,0.0,0.0,0.0,5,2024-10-01 04:00:00
TER QUINTERO,Quintero TG 1B Gas Arg,Térmica,Gas Natural,Región de Valparaíso,convencional,0.0,0.0,105.05891523957585,0.0,5,2024-10-01 04:00:00
PMGD PFV PARQUE EL TRIGAL,PMGD PFV El Trigal,Solar,(en blanco),Región de Ñuble,ernc,1.0,0.0,26.229987263129807,0.0,5,2024-10-01 04:00:00
PMGD PFV EL PITIO,EL PITIO SOLAR,Solar,(en blanco),Región del Maule,ernc,1.0,0.0,19.233336101939965,0.0,5,2024-10-01 04:00:00
PMGD PFV EL CHINCOL,El Chinchol,Solar,(en blanco),Región de Ñuble,ernc,1.0,0.0,22.933573651457476,0.0,5,2024-10-01 04:00:00
PMGD PFV YAHUTELA,PMGD PFV Yahutela,Solar,(en blanco),Región de Valparaíso,ernc,1.0,0.0,46.15253803374688,0.0,5,2024-10-01 04:00:00
PMGD PFV CONDOR CHEPICA,PMGD PFV Condor Chepica,Solar,(en blanco),Región Metropolitana,ernc,1.0,0.0,16.70139604743993,0.0,5,2024-10-01 04:00:00
PMGD TER CONCHALI,PMGD CONCHALI,Térmica,Diésel,Región de Coquimbo,convencional,0.0,0.0,0.0,0.0,5,2024-10-01 04:00:00
TER QUINTERO,Quintero TG 1A Gas Arg,Térmica,Gas Natural,Región de Valparaíso,convencional,0.0,0.0,66.03703243630483,0.0,5,2024-10-01 04:00:00
PMGD PFV GUARANA,PMGD PFV GUARANA,Solar,(en blanco),Región de O'Higgins,ernc,1.0,0.0,11.607105822868094,0.0,5,2024-10-01 04:00:00
PMGD PFV OVEJERIA,Ovejeria,Solar,(en blanco),Región Metropolitana,ernc,1.0,0.0,63.12312958241148,0.0,5,2024-10-01 04:00:00
TER HORCONES,Horcones TG,Térmica,Gas Natural,Región del Bío-Bío,convencional,0.0,0.0,0.0,0.0,5,2024-10-01 04:00:00
PFV CARACAS II,PFV CARACAS II,Solar,(en blanco),Región de Coquimbo,ernc,1.0,0.0,84.92447662088408,0.0,5,2024-10-01 04:00:00
PMGD PFV CRUZ SOLAR,Cruz Solar,Solar,(en blanco),Región de Valparaíso,ernc,1.0,0.0,27.70371422595957,0.0,5,2024-10-01 04:00:00
PMGD PFV TALHUEN,Talhuén,Solar,(en blanco),Región de Coquimbo,ernc,1.0,0.0,20.32066505768794,0.0,5,2024-10-01 04:00:00
PMGD PFV EL CERNICALO,Cernicalo 1,Solar,(en blanco),Región de Ñuble,ernc,1.0,0.0,9.879198146349253,0.0,5,2024-10-01 04:00:00
PMGD PFV PARQUE SOLAR CANTILLANA,PMGD PFV CANTILLANA,Solar,(en blanco),Región Metropolitana,ernc,1.0,0.0,0.0,0.0,5,2024-10-01 04:00:00
PMGD TER DAGOBERTO,Dagoberto,Térmica,Diésel,Región de la Araucanía,convencional,0.0,0.0,3.3039127776761326e-05,0.0,5,2024-10-01 04:00:00
PMGD PFV TILTIL,Til Til Solar,Solar,(en blanco),Región Metropolitana,ernc,1.0,0.0,16.620612687115607,0.0,5,2024-10-01 04:00:00
PMGD HP LOS PADRES,LOS PADRES,Hidráulica,Pasada,Región del Bío-Bío,ernc,1.0,0.0,44.39813437703634,2.0306468085369116,5,2024-10-01 04:00:00
PMGD PFV SAN PEDRO,Solar San Pedro,Solar,(en blanco),Región Metropolitana,ernc,1.0,0.0,18.374488886837316,0.0,5,2024-10-01 04:00:00
PMGD TER TAMM,Tamm,Térmica,Biomasa,Región de O'Higgins,ernc,1.0,0.0,0.0,0.0,5,2024-10-01 04:00:00
PMGD PE LEBU III,Eólica Lebu III,Eólica,(en blanco),Región del Bío-Bío,ernc,1.0,0.0,0.0,0.0,5,2024-10-01 04:00:00
PMGD TER CHORRILLOS,Chorrillos,Térmica,Diésel,Región Metropolitana,convencional,0.0,0.0,0.0,0.0,5,2024-10-01 04:00:00
PMGD PFV MONTT SOLAR,Montt Solar,Solar,(en blanco),Región de Valparaíso,ernc,1.0,0.0,15.567385309348266,0.0,5,2024-10-01 04:00:00
PE TALINAY PONIENTE,PE Talinay Poniente,Eólica,(en blanco),Región de Coquimbo,ernc,1.0,0.0,787.8217969651166,25.90452681478685,5,2024-10-01 04:00:00
HP PILMAIQUEN,HE Pilmaiquén,Hidráulica,Pasada,Región de los Ríos,convencional,0.0,0.0,610.7224827041172,24.703853497763124,5,2024-10-01 04:00:00
PMGD PFV VIÑAS DEL SOL,PMGD PFV Viñas del Sol,Solar,(en blanco),Región de Valparaíso,ernc,1.0,0.0,49.27006871543708,0.0,5,2024-10-01 04:00:00
PFV EMILIA SOLAR,PMG Emilia Solar,Solar,(en blanco),Región de Coquimbo,ernc,1.0,0.0,0.0,0.0,5,2024-10-01 04:00:00
PE CABO LEONES,PE CABO LEONES,Eólica,(en blanco),Región de Atacama,ernc,1.0,0.0,2477.939586062587,88.70974690610281,5,2024-10-01 04:00:00
PMGD PFV LA LAJUELA,La Lajuela,Solar,(en blanco),Región de O'Higgins,ernc,1.0,0.0,34.55208121422594,0.0,5,2024-10-01 04:00:00
PMGD TER ESTANDARTES,Estandartes,Térmica,Diésel,Región de Tarapacá,convencional,0.0,0.0,0.0,0.0,5,2024-10-01 04:00:00
PMGD PFV PLACILLA SOLAR,Placilla Solar,Solar,(en blanco),Región de O'Higgins,ernc,1.0,0.0,47.134931841461814,0.0,5,2024-10-01 04:00:00
PE SAN PEDRO,PE SAN PEDRO,Eólica,(en blanco),Región de los Lagos,ernc,1.0,0.0,185.24388159481023,9.025061099628326,5,2024-10-01 04:00:00
PMGD TER CHILE,CHILE_GENERACION,Térmica,Diésel,Región del Maule,convencional,0.0,0.0,0.0,0.0,5,2024-10-01 04:00:00
PMGD PFV FV CHICAUMA DEL VERANO,PMGD PFV FV CHICAUMA DEL VERANO,Solar,(en blanco),Región Metropolitana,ernc,1.0,0.0,56.11548456525558,0.0,5,2024-10-01 04:00:00
PMGD PFV JILGUERO,PMGD PFV Jilguero,Solar,(en blanco),Región del Maule,ernc,1.0,0.0,12.37908658155036,0.0,5,2024-10-01 04:00:00
PMGD HP MUNILQUE II,Munilque 2,Hidráulica,Pasada,Región del Bío-Bío,ernc,1.0,0.0,0.0,0.0,5,2024-10-01 04:00:00
PMGD HP TRANQUIL,PMGD HP TRANQUIL,Hidráulica,Pasada,Región de los Ríos,ernc,1.0,0.0,59.99584443978673,2.902345786588021,5,2024-10-01 04:00:00
PFV  DON OSCAR,PFV Don Oscar,Solar,(en blanco),Región de Coquimbo,ernc,1.0,0.0,83.8958713694833,0.0,5,2024-10-01 04:00:00
PMGD TER CIRUELILLO,Ciruelillo,Térmica,Diésel,Región de los Lagos,convencional,0.0,0.0,0.0,0.0,5,2024-10-01 04:00:00
PMGD PFV MOSTAZAL,Mostazal,Solar,(en blanco),Región de O'Higgins,ernc,1.0,0.0,45.671777214216704,0.0,5,2024-10-01 04:00:00
PMGD PFV PORTEZUELO,PORTEZUELO,Solar,(en blanco),Región de O'Higgins,ernc,1.0,0.0,14.230062717252446,0.0,5,2024-10-01 04:00:00
PFV PEUMO YUNGAY [EN_REVISION],PFV PEUMO YUNGAY [EN_REVISION],Solar,(en blanco),Región de Ñuble,ernc,1.0,0.0,0.0,0.0,5,2024-10-01 04:00:00
PMGD PFV PAS1,PMGD PFV PAS1,Solar,(en blanco),Región de Tarapacá,ernc,1.0,0.0,0.0,0.0,5,2024-10-01 04:00:00
PE TALTAL,PE Taltal,Eólica,(en blanco),Región de Antofagasta,ernc,1.0,0.0,257.0541515638041,8.43473005209166,5,2024-10-01 04:00:00
PMGD TER ESTANCILLA,Estancilla,Térmica,Diésel,Región Metropolitana,convencional,0.0,0.0,0.0,0.0,5,2024-10-01 04:00:00
PMGD TER SEPULTURA,Sepultura,Térmica,Diésel,Región de Valparaíso,convencional,0.0,0.0,0.0,0.0,5,2024-10-01 04:00:00
PMGD PFV LAS LECHUZAS,Las Lechuzas,Solar,(en blanco),Región de Ñuble,ernc,1.0,0.0,20.60088624582891,0.0,5,2024-10-01 04:00:00
BESS Nueva Imperial,BESS Nueva Imperial (Retiro),Bess,(en blanco),Región de la Araucanía,convencional,0.0,0.0,0.0,0.0,5,2024-10-01 04:00:00
PMGD PFV NORTE CHICO,Norte Chico I,Solar,(en blanco),Región de Coquimbo,ernc,1.0,0.0,18.16439107048174,0.0,5,2024-10-01 04:00:00
PMGD TER COELEMU,Energía León (Coelemu),Térmica,Biomasa,Región de Ñuble,ernc,1.0,0.0,37.19728840409477,1.2323483368321095,5,2024-10-01 04:00:00
PMGD PFV QUILMO SOLAR,PMGD PFV Quilmo Solar,Solar,(en blanco),Región de Ñuble,ernc,1.0,0.0,36.545873720701735,0.0,5,2024-10-01 04:00:00
BESS Andes Solar IIA,BESS Andes Solar IIA (inyección),Bess,(en blanco),Región de Antofagasta,ernc,0.95,0.0,171.67122892764976,0.40142505579322973,5,2024-10-01 04:00:00
PMGD PFV SOLAR DEL BUENO,PMGD PFV Solar Del Bueno,Solar,(en blanco),Región de los Ríos,ernc,1.0,0.0,11.80195462173594,0.0,5,2024-10-01 04:00:00
PMGD HP PICHILONCO,Pichilonco,Hidráulica,Pasada,Región de los Ríos,ernc,1.0,0.0,28.802729652780283,1.2089273048186548,5,2024-10-01 04:00:00
PMGD PFV LA ACACIA,LA ACACIA,Solar,(en blanco),Región de O'Higgins,ernc,1.0,0.0,34.020715495635436,0.0,5,2024-10-01 04:00:00
PMGD HP MUCHI,MUCHI,Hidráulica,Pasada,Región de los Ríos,ernc,1.0,0.0,15.524206757856412,0.7109174540272841,5,2024-10-01 04:00:00
PMGD PFV SAN ISIDRO,Solar San Isidro,Solar,(en blanco),Región de O'Higgins,ernc,1.0,0.0,11.804027297056743,0.0,5,2024-10-01 04:00:00
PMGD PFV PARQUE SOLAR EL PALQUI,PMGD PFV El Palqui,Solar,(en blanco),Región de Coquimbo,ernc,1.0,0.0,22.546763648435427,0.0,5,2024-10-01 04:00:00
PFV RUCASOL [EN_REVISION],PFV RUCASOL,Solar,(en blanco),Región Metropolitana,ernc,1.0,0.0,0.0,0.0,5,2024-10-01 04:00:00
PE CUEL,CUEL,Eólica,(en blanco),Región del Bío-Bío,ernc,1.0,0.0,89.53020700606902,6.243501248523366,5,2024-10-01 04:00:00
PMGD PFV ALTO BELLAVISTA SUNLIGHT,PMGD PFV Alto Bellavista Sunlight,Solar,(en blanco),Región de O'Higgins,ernc,1.0,0.0,4.6734828633138,0.0,5,2024-10-01 04:00:00
PMGD HP LOS CORRALES,PMGD HP LOS CORRALES,Hidráulica,Pasada,Región de los Ríos,ernc,1.0,0.0,60.533356729468984,1.9590123531617296,5,2024-10-01 04:00:00
PMGD TER TAPIHUE,Tapihue,Térmica,Gas Natural,Región de Valparaíso,convencional,0.0,0.0,0.0,0.0,5,2024-10-01 04:00:00
PMGD PE UCUQUER,UCUQUER,Eólica,(en blanco),Región de O'Higgins,ernc,1.0,0.0,41.728499267308614,0.0,5,2024-10-01 04:00:00
PMGD PFV PIRQUE,Pirque,Solar,(en blanco),Región Metropolitana,ernc,1.0,0.0,10.844667378352108,0.0,5,2024-10-01 04:00:00
PMGD PFV MALAQUITA SOLAR II,MALAQUITA SOLAR 2,Solar,(en blanco),Región de Atacama,ernc,1.0,0.0,90.91594389297185,0.0,5,2024-10-01 04:00:00
PMGD TER MIMBRE,MIMBRE,Térmica,Diésel,Región de O'Higgins,convencional,0.0,0.0,0.0,0.0,5,2024-10-01 04:00:00
PMGD PFV SANTA CLARA,Santa Clara,Solar,(en blanco),Región de Coquimbo,ernc,1.0,0.0,16.366207904472503,0.0,5,2024-10-01 04:00:00
PMGD TER CALFUCO,Calfuco,Térmica,Diésel,Región de los Lagos,convencional,0.0,0.0,0.0,0.0,5,2024-10-01 04:00:00
PMGD PFV SAN RAFAEL,PMGD PFV San Rafael,Solar,(en blanco),Región del Maule,ernc,1.0,0.0,7.595384246945574,0.0,5,2024-10-01 04:00:00
PMGD PFV COINCO,PMGD PFV Coinco,Solar,(en blanco),Región de O'Higgins,ernc,1.0,0.0,11.800105694088996,0.0,5,2024-10-01 04:00:00
BESS Tamaya,BESS Tamaya (inyección),Bess,(en blanco),Región de Antofagasta,ernc,1.0,0.0,337.8394545775504,0.0,5,2024-10-01 04:00:00
PMGD HP LOS CORRALES II,LOS CORRALES 2,Hidráulica,Pasada,Región de los Ríos,ernc,1.0,0.0,20.173266146003815,0.5758095833483597,5,2024-10-01 04:00:00
PMGD PFV FUSTER DEL VERANO,PMGD PFV Fuster del Verano,Solar,(en blanco),Región Metropolitana,ernc,1.0,0.0,58.42444340621165,0.0,5,2024-10-01 04:00:00
PMGD PFV SAGRADA FAMILIA LA FORTUNA 15,PMGD PFV SAGRADA FAMILIA LA FORTUNA 15 [EN_REVISION],Solar,(en blanco),Región del Maule,ernc,1.0,0.0,13.568344880127327,0.0,5,2024-10-01 04:00:00
PMGD TER BIO CRUZ,PMGD TER BIO CRUZ,Térmica,Gas Natural,Región de Valparaíso,convencional,0.0,0.0,0.0,0.0,5,2024-10-01 04:00:00
PMGD PFV SAN EUGENIO SOLAR,PMGD PFV San Eugenio,Solar,(en blanco),Región del Bío-Bío,ernc,1.0,0.0,64.26203200347514,0.0,5,2024-10-01 04:00:00
PMGD TER TREBAL MAPOCHO,Trebal Mapocho,Térmica,BioGas,Región Metropolitana,ernc,1.0,0.0,0.0,0.0,5,2024-10-01 04:00:00
PMGD PFV SANTA JULIA,Santa Julia,Solar,(en blanco),Región de Valparaíso,ernc,1.0,0.0,27.157065891940178,0.0,5,2024-10-01 04:00:00
PMGD PFV ANCAHUAL SOLAR,PMGD PFV ANCAHUAL SOLAR [EN_REVISION],Solar,(en blanco),Región de la Araucanía,ernc,1.0,0.0,47.41437900454279,0.0,5,2024-10-01 04:00:00
PMGD PFV TALAGANTE,PMGD PFV Talagante,Solar,(en blanco),Región Metropolitana,ernc,1.0,0.0,24.507581185313256,0.0,5,2024-10-01 04:00:00
PE TALINAY ORIENTE,PE Talinay Oriente,Eólica,(en blanco),Región de Coquimbo,ernc,1.0,0.0,787.0113424761255,9.245184541082676,5,2024-10-01 04:00:00
PMGD TER TOMAVAL,PMGD TER TOMAVAL,Térmica,Gas Natural,Región de Valparaíso,convencional,0.0,0.0,0.0,0.0,5,2024-10-01 04:00:00
PMGD TER CAÑETE,PMGD TER Cañete,Térmica,Diésel,Región del Bío-Bío,convencional,0.0,0.0,0.0,0.0,5,2024-10-01 04:00:00
PMGD TER GAMI,PRP Gami,Térmica,Diésel,Región de los Lagos,convencional,0.0,0.0,0.0,0.0,5,2024-10-01 04:00:00
BESS Tamaya,BESS Tamaya (retiro),Bess,(en blanco),Región de Antofagasta,ernc,1.0,0.0,438.50590659901445,0.0,5,2024-10-01 04:00:00
BESS Andes Solar IIB,BESS Andes Solar IIB (retiro),Bess,(en blanco),Región de Antofagasta,ernc,1.0,0.0,0.0,0.0,5,2024-10-01 04:00:00
PMGD TER CASABLANCA II,Casablanca 2,Térmica,Diésel,Región de Valparaíso,convencional,0.0,0.0,0.0,0.0,5,2024-10-01 04:00:00
PE LOS CERRILLOS,PE Los Cerrillos,Eólica,(en blanco),Región de O'Higgins,ernc,1.0,0.0,213.34964282414057,0.0200112219503954,5,2024-10-01 04:00:00
PMGD PFV MARCHIHUE VII,PFV MARCHIHUE VII,Solar,(en blanco),Región de O'Higgins,ernc,1.0,0.0,15.624412602377088,0.0,5,2024-10-01 04:00:00
PMGD TER MONTE PATRIA,Monte Patria,Térmica,Diésel,Región de Coquimbo,convencional,0.0,0.0,0.0,0.0,5,2024-10-01 04:00:00
PE CANELA II,PE Canela II,Eólica,(en blanco),Región de Coquimbo,ernc,1.0,0.0,493.696856738205,2.4213578559978437,5,2024-10-01 04:00:00
PMGD PE EL NOGAL,El Nogal Eólico,Eólica,(en blanco),Región del Bío-Bío,ernc,1.0,0.0,45.93673998709984,2.6612217986870497,5,2024-10-01 04:00:00
PE CANELA,PE Canela I,Eólica,(en blanco),Región de Coquimbo,ernc,1.0,0.0,159.36937161294898,0.5603142146110713,5,2024-10-01 04:00:00
PMGD TER CASABLANCA,Casablanca 1,Térmica,Diésel,Región de Valparaíso,convencional,0.0,0.0,0.0,0.0,5,2024-10-01 04:00:00
PMGD PFV TURQUÍA,PMGD PFV Turquia,Solar,(en blanco),Región del Bío-Bío,ernc,1.0,0.0,6.024032240564106,0.0,5,2024-10-01 04:00:00
PMGD HP MSA-I,PMGD HP MSA-1,Hidráulica,Pasada,Región de la Araucanía,ernc,1.0,0.0,71.25024577302031,2.966395559503236,5,2024-10-01 04:00:00
PMGD PFV SANTA CECILIA,SANTA CECILIA (EX - AVENIR),Solar,(en blanco),Región de Atacama,ernc,1.0,0.0,6.609549307402879,0.0,5,2024-10-01 04:00:00
PMGD PFV MARCHIGUE II,PFV MARCHIGUE II,Solar,(en blanco),Región de O'Higgins,ernc,1.0,0.0,76.78149805712816,0.0,5,2024-10-01 04:00:00
PMGD HP RECA,RECA,Hidráulica,Pasada,Región de los Ríos,ernc,1.0,0.0,40.77438095520714,1.700161612501543,5,2024-10-01 04:00:00
PMGD PFV AXEL SOLAR,PMGD PFV Axel Solar,Solar,(en blanco),Región Metropolitana,ernc,1.0,0.0,22.641498087685772,0.0,5,2024-10-01 04:00:00
TER AGUAS BLANCAS,AGB,Térmica,Diésel,Región de Antofagasta,convencional,0.0,0.0,0.0,0.0,5,2024-10-01 04:00:00
PE MANANTIALES,PE Manantiales,Eólica,(en blanco),Región de O'Higgins,ernc,1.0,0.0,120.41752808650432,0.0100056109751977,5,2024-10-01 04:00:00
PFV ANDES SOLAR IV,PFV Andes Solar IV,Solar,(en blanco),Región de Antofagasta,ernc,1.0,0.0,91.77146386451332,0.0,5,2024-10-01 04:00:00
PMGD PFV SANTA ADRIANA,Solar Santa Adriana,Solar,(en blanco),Región Metropolitana,ernc,1.0,0.0,13.489395732698172,0.0,5,2024-10-01 04:00:00
PMGD PE HUAJACHE,Eólica Huajache,Eólica,(en blanco),Región del Bío-Bío,ernc,1.0,0.0,73.66606626776083,1.8742127263839983,5,2024-10-01 04:00:00
PMGD PFV LAS PERDICES,Las Perdices,Solar,(en blanco),Región del Maule,ernc,1.0,0.0,16.12365895427709,0.0,5,2024-10-01 04:00:00
PMGD TER SALMOFOOD,PMGD TER Salmofood I,Térmica,Diésel,Región de los Lagos,convencional,0.0,0.0,0.0,0.0,5,2024-10-01 04:00:00
TER ANGAMOS,ANG1,Térmica,Carbón,Región de Antofagasta,convencional,0.0,0.0,4590.574315420706,265.60894894759815,5,2024-10-01 04:00:00
PMGD PFV RLA SOLAR,RLA Solar,Solar,(en blanco),Región Metropolitana,ernc,1.0,0.0,14.073260085823412,0.0,5,2024-10-01 04:00:00
PMGD PFV LAS TURCAS,PMGD LAS TURCAS,Solar,(en blanco),Región Metropolitana,ernc,1.0,0.0,9.452816889946325,0.0,5,2024-10-01 04:00:00
PMGD TER RASO POWER,Raso Power,Térmica,Diésel,Región del Maule,convencional,0.0,0.0,0.0,0.0,5,2024-10-01 04:00:00
PMGD TER EL CAMPESINO,El CAMPESINO I,Térmica,BioGas,Región Metropolitana,ernc,1.0,0.0,4.333296430591119,0.42857868798490967,5,2024-10-01 04:00:00
PMGD HP TRUFULTRUFUL,TRUFUL-TRUFUL,Hidráulica,Pasada,Región de la Araucanía,ernc,1.0,0.0,18.554912967170164,0.7829059439389683,5,2024-10-01 04:00:00
PMGD HP MALLARAUCO,PMGD HP MALLARAUCO,Hidráulica,Pasada,Región Metropolitana,ernc,1.0,0.0,83.61718948795912,3.4834332469793945,5,2024-10-01 04:00:00
PE TOTORAL,Eólica Totoral,Eólica,(en blanco),Región de Coquimbo,ernc,1.0,0.0,426.2390275434221,5.603142146110712,5,2024-10-01 04:00:00
PE LOS BUENOS AIRES,PE Los Buenos Aires,Eólica,(en blanco),Región del Bío-Bío,ernc,1.0,0.0,115.8249526488886,5.643164590011503,5,2024-10-01 04:00:00
PFV ANDES SOLAR,ANDES SOLAR,Solar,(en blanco),Región de Antofagasta,ernc,1.0,0.0,101.66701311898383,0.0,5,2024-10-01 04:00:00
PMGD HP MUNILQUE,PMGD HP Munilque,Hidráulica,Pasada,Región del Bío-Bío,ernc,1.0,0.0,7.822453370019167,0.0,5,2024-10-01 04:00:00
PMGD PFV CARANCA SOLAR [EN_REVISION],PMGD PFV CARANCA SOLAR,Solar,(en blanco),Región de Atacama,ernc,1.0,0.0,0.0,0.0,5,2024-10-01 04:00:00
PFV PMG LLANCAY [En_Revision],PFV PMG LLANCAY,Solar,(en blanco),Región Metropolitana,ernc,1.0,0.0,0.0,0.0,5,2024-10-01 04:00:00
PMGD TER EL NOGAL,El Nogal,Térmica,Diésel,Región Metropolitana,convencional,0.0,0.0,0.000723696836786172,0.0,5,2024-10-01 04:00:00
PMGD TER CURAUMA,Curauma,Térmica,Diésel,Región de Valparaíso,convencional,0.0,0.0,0.0,0.0,5,2024-10-01 04:00:00
PMGD TER ORAFTI,PMGD TER ORAFTI,Térmica,Diésel,Región de Ñuble,convencional,0.0,0.0,0.0,0.0,5,2024-10-01 04:00:00
BESS Andes Solar IIB,BESS Andes Solar IIB (inyección),Bess,(en blanco),Región de Antofagasta,ernc,1.0,0.0,506.3439490108548,0.0,5,2024-10-01 04:00:00
TER ANTILHUE,Antilhue TG1,Térmica,Diésel,Región de los Ríos,convencional,0.0,0.0,0.0,0.0,5,2024-10-01 04:00:00
PMGD PFV QUINTA SOLAR,La Quinta Solar SpA,Solar,(en blanco),Región Metropolitana,ernc,1.0,0.0,22.921632112847234,0.0,5,2024-10-01 04:00:00
PMGD PFV LAS CHILCAS,PMGD PFV Las Chilcas,Solar,(en blanco),Arica y Parinacota,ernc,1.0,0.0,36.28495025609347,0.0,5,2024-10-01 04:00:00
TER ARICA,TER ARICA M1AR,Térmica,Diésel,Arica y Parinacota,convencional,0.0,0.0,0.0,0.0,5,2024-10-01 04:00:00
PMGD TER EL MOLLE,El Molle,Térmica,BioGas,Región de Valparaíso,ernc,1.0,0.0,27.033367598356595,1.2016842905603613,5,2024-10-01 04:00:00
HP LOMA ALTA,LOMA ALTA,Hidráulica,Pasada,Región del Maule,convencional,0.0,0.0,621.3337633284767,30.471748034191442,5,2024-10-01 04:00:00
BESS PFV El Manzano,BESS El Manzano (Inyección),Bess,(en blanco),Región Metropolitana,ernc,1.0,0.0,113.9038753416506,0.0,5,2024-10-01 04:00:00
PMGD PFV SGT TUCAPEL [EN_REVISION],PMGD PFV SGT TUCAPEL [EN_REVISION],Solar,(en blanco),Región de Ñuble,ernc,1.0,0.0,0.0,0.0,5,2024-10-01 04:00:00
PMGD HP PUCLARO,PUCLARO,Hidráulica,Pasada,Región de Coquimbo,ernc,1.0,0.0,0.0,0.0,5,2024-10-01 04:00:00
PMGD PFV LA FRONTERA,La Frontera,Solar,(en blanco),Región de O'Higgins,ernc,1.0,0.0,30.603048711461536,0.0,5,2024-10-01 04:00:00
PMGD PFV LLUTA SOLAR,PMGD PFV Lluta Solar,Solar,(en blanco),Región Metropolitana,ernc,1.0,0.0,0.03791408977192009,0.003115740353804991,5,2024-10-01 04:00:00
PMGD TER EL CANELO,El Canelo 1,Térmica,Diésel,Región de los Lagos,convencional,0.0,0.0,0.0,0.0,5,2024-10-01 04:00:00
TER ATACAMA,Atacama TG2B GNL,Térmica,Gas Natural,Región de Antofagasta,convencional,0.0,0.0,29.216384047577286,0.0,5,2024-10-01 04:00:00
PE HORIZONTE [EN_REVISION],PE Horizonte,Eólica,(en blanco),Región de Antofagasta,ernc,1.0,0.0,79.74471947232567,7.00392768263839,5,2024-10-01 04:00:00
PMGD PFV LIPANGUE,PMGD PFV LIPANGUE,Solar,(en blanco),Región Metropolitana,ernc,1.0,0.0,13.984741217658836,0.0,5,2024-10-01 04:00:00
PFV LEYDA [EN_REVISION],PFV LEYDA,Solar,(en blanco),Región de Valparaíso,ernc,0.3,0.0,0.0,0.0,5,2024-10-01 04:00:00
PMGD TER PUNITAQUI,Punitaqui,Térmica,Diésel,Región de Coquimbo,convencional,0.0,0.0,0.0,0.0,5,2024-10-01 04:00:00
PMGD TER RAMADILLA,Ramadilla,Térmica,Diésel,Región de Coquimbo,convencional,0.0,0.0,0.0,0.0,5,2024-10-01 04:00:00
TER ANGAMOS,ANG2,Térmica,Carbón,Región de Antofagasta,convencional,0.0,0.0,4655.240579153409,264.6083878500784,5,2024-10-01 04:00:00
BESS Punta Sierra,BESS Punta Sierra (Retiro),Bess,(en blanco),Región de Coquimbo,ernc,1.0,0.0,0.0,0.0,5,2024-10-01 04:00:00
PMGD PFV LONCURA,PMGD PFV Loncura,Solar,(en blanco),Región Metropolitana,ernc,1.0,0.0,80.75036206496084,0.0,5,2024-10-01 04:00:00
PMGD PFV LA BLANQUINA,LA BLANQUINA,Solar,(en blanco),Región de O'Higgins,ernc,1.0,0.0,41.571570584292004,0.0,5,2024-10-01 04:00:00
PMGD PFV PAMA,PAMA,Solar,(en blanco),Región de Coquimbo,ernc,1.0,0.0,8.39300275233692,0.0,5,2024-10-01 04:00:00
PMGD PFV AHE BUENAS YERBAS,PMGD PFV AHE BUENAS YERBAS,Solar,(en blanco),Región Metropolitana,ernc,1.0,0.0,69.91411278713528,0.0,5,2024-10-01 04:00:00
PMGD PFV PANQUEHUE II,PANQUEHUE_II,Solar,(en blanco),Región de Valparaíso,ernc,1.0,0.0,38.257803767839775,0.0,5,2024-10-01 04:00:00
PMGD TER MULTIEXPORT,PMGD TER MULTIEXPORT,Térmica,Diésel,Región de los Lagos,convencional,0.0,0.0,0.0,0.0,5,2024-10-01 04:00:00
BESS Andes Solar IIA,BESS Andes Solar IIA (retiro),Bess,(en blanco),Región de Antofagasta,ernc,0.95,0.0,259.66229265503995,0.0,5,2024-10-01 04:00:00
PMGD PFV EL LORO CHOROY,PMGD PFV EL LORO CHOROY,Solar,(en blanco),Región Metropolitana,ernc,1.0,0.0,47.67333470626335,0.0,5,2024-10-01 04:00:00
PMGD PFV OCOA,Ocoa,Solar,(en blanco),Región de Valparaíso,ernc,1.0,0.0,27.625371068359126,0.0,5,2024-10-01 04:00:00
PMGD PE LAS PEÑAS,Eólica Las Peñas,Eólica,(en blanco),Región del Bío-Bío,ernc,1.0,0.0,138.88856072552366,8.16712918050798,5,2024-10-01 04:00:00
PMGD PFV LOMAS COLORADAS,LOMAS COLORADAS,Solar,(en blanco),Región de Coquimbo,ernc,1.0,0.0,7.818566582775479,0.0,5,2024-10-01 04:00:00
PFV DOÑA ANTONIA,PFV Doña Antonia,Solar,(en blanco),Región de Coquimbo,ernc,1.0,0.0,85.73808044646908,0.0,5,2024-10-01 04:00:00
PMGD PFV  LAS MOLLACAS,Las Mollacas,Solar,(en blanco),Región de Coquimbo,ernc,1.0,0.0,0.16710354430447627,0.0,5,2024-10-01 04:00:00
TER ANTILHUE,Antilhue TG2,Térmica,Diésel,Región de los Ríos,convencional,0.0,0.0,0.0,0.0,5,2024-10-01 04:00:00
TER ARICA,TER ARICA GMAR,Térmica,Diésel,Arica y Parinacota,convencional,0.0,0.0,0.0,0.0,5,2024-10-01 04:00:00
PMGD PFV DOÑA REGINA SOLAR,PMGD PFV Doña Regina,Solar,(en blanco),Región Metropolitana,ernc,1.0,0.0,20.617259329873903,0.0,5,2024-10-01 04:00:00
TER ANDINA,TER ANDINA,Térmica,Carbón,Región de Antofagasta,convencional,0.0,0.0,0.0,0.0,5,2024-10-01 04:00:00
PMGD TER CONTULMO,PMGD TER Contulmo,Térmica,Diésel,Región del Bío-Bío,convencional,0.0,0.0,0.0,0.0,5,2024-10-01 04:00:00
PE SAN PEDRO II,PE SAN PEDRO II,Eólica,(en blanco),Región de los Lagos,ernc,1.0,0.0,364.66449760205535,12.997288656781814,5,2024-10-01 04:00:00
TER ATACAMA,Atacama TG2B Diésel,Térmica,Gas Natural,Región de Antofagasta,convencional,0.0,0.0,0.0,0.0,5,2024-10-01 04:00:00
PMGD PFV ÑILHUE,Ñilhue,Solar,(en blanco),Región de Valparaíso,ernc,1.0,0.0,6.760450201338646,0.0,5,2024-10-01 04:00:00
PMGD PFV SAN CLEMENTE FLOR DEL LLANO,PMGD PFV SAN CLEMENTE FLOR DEL LLANO,Solar,(en blanco),Región del Maule,ernc,1.0,0.0,0.06499858279153693,0.005839154898018115,5,2024-10-01 04:00:00
PMGD PFV SAN FRANCISCO,PMGD PFV SAN FRANCISCO,Solar,(en blanco),Región Metropolitana,ernc,1.0,0.0,24.240250236897857,0.0,5,2024-10-01 04:00:00
TER ATACAMA,Atacama TG1A Diésel,Térmica,Gas Natural,Región de Antofagasta,convencional,0.0,0.0,0.0,0.0,5,2024-10-01 04:00:00
PMGD HP LOS MORROS,LOS MORROS,Hidráulica,Pasada,Región Metropolitana,ernc,1.0,0.0,0.0,0.0,5,2024-10-01 04:00:00
PMGD HP QUILLAILEO,Quillaileo,Hidráulica,Pasada,Región del Bío-Bío,ernc,1.0,0.0,6.5005825491118765,0.2141894610798288,5,2024-10-01 04:00:00
PMGD PFV LA HUERTA,PMGD PFV LA HUERTA [EN_REVISION],Solar,(en blanco),Región del Maule,ernc,1.0,0.0,13.549054546838944,0.0,5,2024-10-01 04:00:00
BESS Nueva Imperial,BESS Nueva Imperial (Inyección),Bess,(en blanco),Región de la Araucanía,convencional,0.0,0.0,0.0,0.0,5,2024-10-01 04:00:00
PMGD TER MULTIEXPORT II,Multiexport II,Térmica,Diésel,Región de los Lagos,convencional,0.0,0.0,0.0,0.0,5,2024-10-01 04:00:00
PMGD TER ERMITAÑO,Ermitaño,Térmica,Diésel,Región de Valparaíso,convencional,0.0,0.0,0.0,0.0,5,2024-10-01 04:00:00
PMGD PFV TABOLANGO,PMGD PFV Tabolango,Solar,(en blanco),Región de Valparaíso,ernc,1.0,0.0,71.54506403024752,0.0,5,2024-10-01 04:00:00
PMGD PFV LO SIERRA,Lo Sierra,Solar,(en blanco),Región Metropolitana,ernc,1.0,0.0,16.226624788552726,0.0,5,2024-10-01 04:00:00
PMGD PFV PESARO SOLAR,PMGD PFV Pesaro,Solar,(en blanco),Región de Valparaíso,ernc,1.0,0.0,21.189989218282108,0.0,5,2024-10-01 04:00:00
PMGD PFV OLIVILLO,Olivillo,Solar,(en blanco),Región de Valparaíso,ernc,1.0,0.0,0.0,0.0,5,2024-10-01 04:00:00
PE AURORA,Aurora,Eólica,(en blanco),Región de los Lagos,ernc,1.0,0.0,549.9984296956424,24.613802998986344,5,2024-10-01 04:00:00
HP LOS MOLLES,MOLLES,Hidráulica,Pasada,Región de Coquimbo,ernc,1.0,0.0,98.22046105163805,0.0,5,2024-10-01 04:00:00
PMGD PFV VERONA SOLAR,PMGD PFV Verona,Solar,(en blanco),Región Metropolitana,ernc,1.0,0.0,0.04401719108656617,0.003792627440485347,5,2024-10-01 04:00:00
PMGD PFV MARIA DOLORES,PMGD PFV MARIA DOLORES,Solar,(en blanco),Región del Bío-Bío,ernc,1.0,0.0,52.40026816755667,0.0,5,2024-10-01 04:00:00
PMGD PFV SAN ALBERTO,PMGD PFV San Alberto,Solar,(en blanco),Región de Ñuble,ernc,1.0,0.0,25.31024125482737,0.0,5,2024-10-01 04:00:00
PMGD PFV RODEO,Rodeo,Solar,(en blanco),Región de Valparaíso,ernc,1.0,0.0,17.823794702374318,0.0,5,2024-10-01 04:00:00
HP LOS QUILOS,LOS QUILOS,Hidráulica,Pasada,Región de Valparaíso,convencional,0.0,0.0,515.3890213324335,22.11240025518692,5,2024-10-01 04:00:00
PMGD TER COPIULEMU,Copiulemu,Térmica,Diésel,Región del Bío-Bío,convencional,0.0,0.0,3.7041850879294143,0.0,5,2024-10-01 04:00:00
PMGD PFV LAS TERRAZAS,SOLAR_LAS_TERRAZAS,Solar,(en blanco),Región de Atacama,ernc,1.0,0.0,6.24937739696673,0.0,5,2024-10-01 04:00:00
HP LOS HIERROS II,LOS HIERROS 2,Hidráulica,Pasada,Región del Maule,ernc,1.0,0.0,0.0,0.0,5,2024-10-01 04:00:00
PMGD TER REY,Rey,Térmica,Diésel,Región de los Ríos,convencional,0.0,0.0,0.0,0.0,5,2024-10-01 04:00:00
PMGD PFV PUNTA BAJA SOLAR,Punta Baja Solar,Solar,(en blanco),Región de Coquimbo,ernc,1.0,0.0,16.696311051761477,0.0,5,2024-10-01 04:00:00
BESS Punta Sierra,BESS Punta Sierra (Inyección),Bess,(en blanco),Región de Coquimbo,ernc,1.0,0.0,0.0,0.0,5,2024-10-01 04:00:00
PMGD PFV LAS CODORNICES,Las Codornices,Solar,(en blanco),Región de Ñuble,ernc,1.0,0.0,5.960436707378749,0.0,5,2024-10-01 04:00:00
PMGD PFV CURACO,PMGD PFV CURACO,Solar,(en blanco),Región de O'Higgins,ernc,1.0,0.0,0.0,0.0,5,2024-10-01 04:00:00
PMGD HP LOS COLONOS,Los Colonos,Hidráulica,Pasada,Región de los Lagos,ernc,1.0,0.0,0.0,0.0,5,2024-10-01 04:00:00
PMGD PFV PLAZA SUNLIGHT,PMGD PFV Plaza Sunlight,Solar,(en blanco),Región Metropolitana,ernc,1.0,0.0,0.0,0.0,5,2024-10-01 04:00:00
PMGD PFV RANGUIL,PV Ranguil,Solar,(en blanco),Región de O'Higgins,ernc,1.0,0.0,17.570914295374955,0.0,5,2024-10-01 04:00:00
PE KALLPA [EN_REVISION],PE KALLPA,Eólica,(en blanco),Región de Antofagasta,ernc,1.0,0.0,567.8584452863704,18.420329805338966,5,2024-10-01 04:00:00
PMGD PFV PATAGUA,PMGD PFV Patagua,Solar,(en blanco),Región Metropolitana,ernc,1.0,0.0,0.04652444891379606,0.0,5,2024-10-01 04:00:00
PMGD HP MOLINERA VILLARRICA,Molinera Villarrica,Hidráulica,Pasada,Región de la Araucanía,ernc,1.0,0.0,2.539712555785582,0.12159552858900215,5,2024-10-01 04:00:00
PMGD TER ZOFRI,Zofri,Térmica,Diésel,Región de Tarapacá,convencional,0.0,0.0,0.0,0.0,5,2024-10-01 04:00:00
PMGD PFV TECHOS DE ALTAMIRA,Solar Techos de Altamira,Solar,(en blanco),Región Metropolitana,ernc,1.0,0.0,0.0,0.0,5,2024-10-01 04:00:00
PMGD HP PEHUI,PEHUI,Hidráulica,Pasada,Región de los Ríos,ernc,1.0,0.0,19.882561024052393,0.8537080997748294,5,2024-10-01 04:00:00
PMGD PFV LLOICA,PMGD PFV Lloica,Solar,(en blanco),Región de Atacama,ernc,1.0,0.0,22.581953334908654,0.0,5,2024-10-01 04:00:00
PMGD PFV VITUCO 2B,Vituco 2B,Solar,(en blanco),Región de O'Higgins,ernc,1.0,0.0,20.336582259582038,0.0,5,2024-10-01 04:00:00
PMGD PFV TRICAHUE II,Solar Tricahue 2,Solar,(en blanco),Región de O'Higgins,ernc,1.0,0.0,39.46226720839984,0.0,5,2024-10-01 04:00:00
PMGD PFV CHAÑAR DEL VERANO,PMGD PFV Chañar del Verano,Solar,(en blanco),Región de Antofagasta,ernc,1.0,0.0,17.0948314923963,0.0,5,2024-10-01 04:00:00
PMGD PFV LOS PUQUIOS,Solar Los Puquios,Solar,(en blanco),Región de Tarapacá,ernc,1.0,0.0,0.0,0.0,5,2024-10-01 04:00:00
PMGD PFV JAURURO SOLAR,PMGD PFV JAURURO SOLAR,Solar,(en blanco),Región de Valparaíso,ernc,1.0,0.0,21.382720658871715,0.0,5,2024-10-01 04:00:00
PMGD PFV SANTUARIO SOLAR,Santuario Solar,Solar,(en blanco),Región de Valparaíso,ernc,1.0,0.0,25.41416531525982,0.0,5,2024-10-01 04:00:00
PMGD PFV LA LIGUA,La Ligua,Solar,(en blanco),Región de Valparaíso,ernc,1.0,0.0,22.24002442723588,0.0,5,2024-10-01 04:00:00
PFV GRAN TENO,PFV GRAN TENO,Solar,(en blanco),Región del Maule,ernc,1.0,0.0,759.5959684040839,0.0,5,2024-10-01 04:00:00
PMGD TER HBS GNL,HBS-GNL,Térmica,Gas Natural,Región del Bío-Bío,convencional,0.0,0.0,0.0,0.0,5,2024-10-01 04:00:00
BESS PFV El Manzano,BESS El Manzano (Retiro),Bess,(en blanco),Región Metropolitana,ernc,1.0,0.0,126.86114155453163,0.07003927682638392,5,2024-10-01 04:00:00
PMGD PFV PIQUERO,PMGD PFV Piquero,Solar,(en blanco),Región de Valparaíso,ernc,1.0,0.0,78.22406814361554,0.0,5,2024-10-01 04:00:00
PMGD PFV VALLE DE LA LUNA II,Valle de la Luna II SpA,Solar,(en blanco),Región Metropolitana,ernc,1.0,0.0,14.367514006680453,0.0,5,2024-10-01 04:00:00
PE SAN MATIAS,PE SAN MATIAS,Eólica,(en blanco),Región del Bío-Bío,ernc,1.0,0.0,410.4301622026097,22.15242269908771,5,2024-10-01 04:00:00
PMGD HP SANTA ELENA,PMGD HP SANTA ELENA,Hidráulica,Pasada,Región de la Araucanía,ernc,1.0,0.0,64.75502011035856,2.7034004201352646,5,2024-10-01 04:00:00
TER ATACAMA,Atacama TG2A + 0.5TV2C GNL,Térmica,Gas Natural,Región de Antofagasta,convencional,0.0,0.0,0.0,0.0,5,2024-10-01 04:00:00
PMGD PFV TALCA,Talca,Solar,(en blanco),Región del Maule,ernc,1.0,0.0,36.40286584673632,0.0,5,2024-10-01 04:00:00
PMGD TER LOUSIANA PACIFIC,Louisiana Pacific,Térmica,Diésel,Región de los Ríos,convencional,0.0,0.0,0.0,0.0,5,2024-10-01 04:00:00
PMGD TER LONQUIMAY,Lonquimay,Térmica,Diésel,Región de la Araucanía,convencional,0.0,0.0,0.0,0.0,5,2024-10-01 04:00:00
PFV TAMANGO,PFV TAMANGO,Solar,(en blanco),Región del Maule,ernc,1.0,0.0,138.47765589673617,0.0,5,2024-10-01 04:00:00
PMGD PFV LOS PATOS,Los Patos,Solar,(en blanco),Región del Maule,ernc,1.0,0.0,19.863094455534316,0.0,5,2024-10-01 04:00:00
PMGD PFV LAS PALOMAS,Las Palomas,Solar,(en blanco),Región de Ñuble,ernc,1.0,0.0,21.83721132144799,0.0,5,2024-10-01 04:00:00
PMGD PFV LOS GORRIONES,PFV LOS GORRIONES,Solar,(en blanco),Región del Maule,ernc,1.0,0.0,19.38380006525253,0.0,5,2024-10-01 04:00:00
PMGD PFV LUDERS,Luders,Solar,(en blanco),Región de O'Higgins,ernc,1.0,0.0,13.91843545792487,0.0,5,2024-10-01 04:00:00
PMGD PFV VILLA PRAT,Villa Prat,Solar,(en blanco),Región del Maule,ernc,1.0,0.0,13.84761941520148,0.0,5,2024-10-01 04:00:00
PMGD PFV LUCE SOLAR,Solar Luce,Solar,(en blanco),Región Metropolitana,ernc,1.0,0.0,17.772640576416958,0.0,5,2024-10-01 04:00:00
PMGD PFV MACAO,PMGD PFV MACAO,Solar,(en blanco),Región Metropolitana,ernc,1.0,0.0,52.25137552431347,0.0,5,2024-10-01 04:00:00
PE SARCO,Parque Eólico Sarco,Eólica,(en blanco),Región de Atacama,ernc,1.0,0.0,2517.661861634122,145.33149941474662,5,2024-10-01 04:00:00
PMGD PFV EL INTERLOCUTOR,PMGD PFV El Interlocutor,Solar,(en blanco),Región Metropolitana,ernc,1.0,0.0,0.9999806806319242,0.0,5,2024-10-01 04:00:00
PE SIERRA GORDA ESTE,PE Sierra Gorda Este,Eólica,(en blanco),Región de Antofagasta,ernc,1.0,0.0,746.4686068046244,18.350290528512584,5,2024-10-01 04:00:00
BESS ALFALFAL VR1,BESS ALFALFAL VR1 (retiro),Bess,(en blanco),Región Metropolitana,ernc,1.0,0.0,0.0,0.0,5,2024-10-01 04:00:00
PMGD PFV RENGO SOLAR,PMGD PFV Rengo,Solar,(en blanco),Región de O'Higgins,ernc,1.0,0.0,30.92853187994556,0.0,5,2024-10-01 04:00:00
TER ARICA,TER ARICA M2AR,Térmica,Diésel,Arica y Parinacota,convencional,0.0,0.0,0.0,0.0,5,2024-10-01 04:00:00
PFV DON HUMBERTO [EN_REVISION],PFV DON HUMBERTO,Solar,(en blanco),Región Metropolitana,ernc,1.0,0.0,106.90995326998741,0.0,5,2024-10-01 04:00:00
PMGD PFV HIJUELA 4 [EN_REVISION],PMGD PFV HIJUELA 4 [EN_REVISION],Solar,(en blanco),Región del Maule,ernc,1.0,0.0,19.59922285216035,0.0,5,2024-10-01 04:00:00
PMGD PE RAKI,RAKI,Eólica,(en blanco),Región del Bío-Bío,ernc,1.0,0.0,89.94210389078451,2.2439849883327825,5,2024-10-01 04:00:00
PMGD PFV PVP LA ROSA,PMGD PFV PVP LA ROSA [EN_REVISION],Solar,(en blanco),Región de O'Higgins,ernc,1.0,0.0,0.0,0.0,5,2024-10-01 04:00:00
TER ATACAMA,Atacama TG1B + 0.5TV1C Diésel,Térmica,Gas Natural,Región de Antofagasta,convencional,0.0,0.0,0.0,0.0,5,2024-10-01 04:00:00
PMGD TER LEBU,PMGD TER Lebu,Térmica,Diésel,Región del Bío-Bío,convencional,0.0,0.0,0.0,0.0,5,2024-10-01 04:00:00
PMGD TER LOS SAUCES,Los Sauces,Térmica,Diésel,Región de la Araucanía,convencional,0.0,0.0,0.0,0.0,5,2024-10-01 04:00:00
TER ATACAMA,Atacama TG1A + TG1B + TV1C GNL,Térmica,Gas Natural,Región de Antofagasta,convencional,0.0,0.0,0.0,0.0,5,2024-10-01 04:00:00
PMGD PFV SOL DEL NORTE,Sol del Norte,Solar,(en blanco),Región de Coquimbo,ernc,1.0,0.0,21.202580292140592,0.0,5,2024-10-01 04:00:00
HP LLAUQUEREO,LLAUQUEREO,Hidráulica,Pasada,Región del Bío-Bío,ernc,1.0,0.0,43.588619104741966,1.816340930072208,5,2024-10-01 04:00:00
PMGD TER YUMBEL,Yumbel,Térmica,Diésel,Región del Bío-Bío,convencional,0.0,0.0,0.0,0.0,5,2024-10-01 04:00:00
PMGD TER LEPANTO,PMGD Lepanto,Térmica,BioGas,Región Metropolitana,ernc,1.0,0.0,0.0,0.0,5,2024-10-01 04:00:00
PMGD PFV VALLE SOLAR OESTE II,VALLE SOLAR OESTE 2,Solar,(en blanco),Región de Atacama,ernc,1.0,0.0,70.84769321074076,0.0,5,2024-10-01 04:00:00
PMGD PFV TAMBO REAL,TAMBO REAL,Solar,(en blanco),Región de Coquimbo,ernc,1.0,0.0,18.985046781243135,0.0,5,2024-10-01 04:00:00
PMGD PFV VILLA SECA,PMGD PFV VILLA SECA,Solar,(en blanco),Región del Maule,ernc,1.0,0.0,13.508828016389913,0.0,5,2024-10-01 04:00:00
PMGD PFV PERALILLO,PERALILLO,Solar,(en blanco),Región del Maule,ernc,1.0,0.0,14.810977326912088,0.0,5,2024-10-01 04:00:00
PMGD PFV PARQUE FAROL SOLAR,PMGD PFV Parque Farol Solar,Solar,(en blanco),Región de Antofagasta,ernc,1.0,0.0,10.602494367276913,0.0,5,2024-10-01 04:00:00
PMGD HP SANTA ROSA,Minihidro Santa Rosa,Hidráulica,Pasada,Región de Tarapacá,ernc,1.0,0.0,11.93469600052676,0.4963057092379865,5,2024-10-01 04:00:00
PMGD PFV EL TURPIAL,PMGD PFV El Turpial,Solar,(en blanco),Región Metropolitana,ernc,1.0,0.0,22.115693963342018,0.0,5,2024-10-01 04:00:00
PMGD PFV LUNA,Luna,Solar,(en blanco),Región de O'Higgins,ernc,1.0,0.0,15.945924610902646,0.0,5,2024-10-01 04:00:00
PMGD HP MELO,MELO,Hidráulica,Pasada,Región del Bío-Bío,ernc,1.0,0.0,39.07474539430633,1.4410113720870261,5,2024-10-01 04:00:00
BESS Don Humberto,BESS Don Humberto (inyección),Bess,(en blanco),Región Metropolitana,ernc,1.0,0.0,0.060033665851186205,0.0,5,2024-10-01 04:00:00
PE CARDONAL,Pe Cardonal,Eólica,(en blanco),Región de O'Higgins,ernc,1.0,0.0,194.81925129807445,0.2601458853551402,5,2024-10-01 04:00:00
PE VALLE DE LOS VIENTOS,PE Valle de los Vientos,Eólica,(en blanco),Región de Antofagasta,ernc,1.0,0.0,373.8396428663117,0.0800448878015816,5,2024-10-01 04:00:00
TER ARAUCO,TER ARAUCO,Térmica,Biomasa,Región del Bío-Bío,ernc,0.625,0.0,102.79764715918118,0.38021321705751265,5,2024-10-01 04:00:00
BESS Don Humberto,BESS Don Humberto (retiro),Bess,(en blanco),Región Metropolitana,ernc,1.0,0.0,1.8410324194363767,0.07003927682638392,5,2024-10-01 04:00:00
PMGD TER ALMENDRADO,Almendrado,Térmica,Diésel,Región de los Lagos,convencional,0.0,0.0,0.0,0.0,5,2024-10-01 04:00:00
PMGD HP SAUCE ANDES,SAUCE ANDES,Hidráulica,Pasada,Región de Valparaíso,ernc,1.0,0.0,12.255050660731213,0.5531926978865129,5,2024-10-01 04:00:00
PMGD TER HBS,HBS,Térmica,Biomasa,Región del Bío-Bío,ernc,1.0,0.0,0.0,0.0,5,2024-10-01 04:00:00
PE LA ESPERANZA,Parque Eólico La Esperanza,Eólica,(en blanco),Región del Bío-Bío,ernc,1.0,0.0,51.06863841740906,1.6209089779820276,5,2024-10-01 04:00:00
HE LOS CONDORES [EN_REVISION],HE Los Cóndores,Hidráulica,Embalse,Región del Maule,convencional,0.0,0.0,0.0,0.0,5,2024-10-01 04:00:00
TER ATACAMA,Atacama TG1B Diésel,Térmica,Gas Natural,Región de Antofagasta,convencional,0.0,0.0,0.0,0.0,5,2024-10-01 04:00:00
PMGD TER LOUSIANA PACIFIC II,Louisiana Pacific II,Térmica,Diésel,Región de la Araucanía,convencional,0.0,0.0,0.0,0.0,5,2024-10-01 04:00:00
PE UCUQUER II,UCUQUER_2,Eólica,(en blanco),Región de O'Higgins,ernc,1.0,0.0,46.916309862702015,0.0,5,2024-10-01 04:00:00
PMGD PFV LAGUNILLA,Solar Lagunilla,Solar,(en blanco),Región de Coquimbo,ernc,1.0,0.0,9.667933580800721,0.0,5,2024-10-01 04:00:00
PMGD PFV ALBATROS,PMGD PFV Albatros,Solar,(en blanco),Región del Maule,ernc,1.0,0.0,8.235964119262208,0.0,5,2024-10-01 04:00:00
TER ACONCAGUA,Cogeneradora Aconcagua,Térmica,Cogeneracion,Región de Valparaíso,convencional,0.0,0.0,314.47635295046376,13.71769264699605,5,2024-10-01 04:00:00
PMGD PFV LA CHAPEANA,La Chapeana,Solar,(en blanco),Región de Coquimbo,ernc,1.0,0.0,1.8607343741550078,0.0,5,2024-10-01 04:00:00
PMGD TER BELLET,PMGD TER BELLET,Térmica,Diésel,Región Metropolitana,ernc,1.0,0.0,0.0,0.0,5,2024-10-01 04:00:00
PMGD PFV LA ESPERANZA II,LA ESPERANZA II,Solar,(en blanco),Región de O'Higgins,ernc,1.0,0.0,58.57717668941993,0.01052860556160071,5,2024-10-01 04:00:00
PMGD PFV SANTA LAURA,Santa Laura,Solar,(en blanco),Región de Valparaíso,ernc,1.0,0.0,18.52379669339698,0.0,5,2024-10-01 04:00:00
PMGD TER ZAPALLAR,ZAPALLAR,Térmica,Diésel,Región del Maule,convencional,0.0,0.0,0.0,0.0,5,2024-10-01 04:00:00
PMGD PFV LENGA SOLAR [EN_REVISION],PMGD PFV LENGA SOLAR,Solar,(en blanco),Región del Bío-Bío,ernc,1.0,0.0,9.288918075599499,0.0,5,2024-10-01 04:00:00
TER ATACAMA,Atacama TG2B + 0.5TV2C GNL,Térmica,Gas Natural,Región de Antofagasta,convencional,0.0,0.0,502.3817270646765,0.0,5,2024-10-01 04:00:00
PMGD PFV LA MANGA,La Manga,Solar,(en blanco),Región Metropolitana,ernc,1.0,0.0,15.075256164155835,0.0,5,2024-10-01 04:00:00
PMGD TER AGNI,Agni,Térmica,Diésel,Región Metropolitana,convencional,0.0,0.0,0.0,0.0,5,2024-10-01 04:00:00
PMGD TER TRONGOL-CURANILAHUE,Trongol-Curanilahue,Térmica,Diésel,Región del Bío-Bío,convencional,0.0,0.0,0.0,0.0,5,2024-10-01 04:00:00
PFV CEME 1,PFV CEME 1,Solar,(en blanco),Región de Antofagasta,ernc,1.0,0.0,1999.1210728445008,0.0,5,2024-10-01 04:00:00
PMGD PFV VALLE SOLAR ESTE II,VALLE SOLAR ESTE 2,Solar,(en blanco),Región de Atacama,ernc,1.0,0.0,91.10228855336455,0.0,5,2024-10-01 04:00:00
PMGD PFV LUNA DEL NORTE,Luna del Norte,Solar,(en blanco),Región de Coquimbo,ernc,1.0,0.0,21.014185189595068,0.0,5,2024-10-01 04:00:00
PMGD HP SANTA ISABEL,SANTA ISABEL,Hidráulica,Pasada,Región del Bío-Bío,ernc,1.0,0.0,7.0808920272241185,0.0,5,2024-10-01 04:00:00
PMGD PFV LOS LIBERTADORES,Los Libertadores,Solar,(en blanco),Región de O'Higgins,ernc,1.0,0.0,10.379840822984246,0.0,5,2024-10-01 04:00:00
PMGD PFV PEDREROS SOLAR,Pedreros Solar,Solar,(en blanco),Región de Valparaíso,ernc,1.0,0.0,17.830172168748188,0.0,5,2024-10-01 04:00:00
PMGD PFV CEFALU SOLAR [EN_REVISION],PMGD Cefalu Solar,Solar,(en blanco),Región Metropolitana,ernc,1.0,0.0,0.0,0.0,5,2024-10-01 04:00:00
PMGD PFV SANTA BLANCA DE ISLA DE MAIPO SUNLIGHT,PMGD PFV SANTA BLANCA DE ISLA DE MAIPO SUNLIGHT [EN_REVISION],Solar,(en blanco),Región Metropolitana,ernc,1.0,0.0,11.78815384109462,0.0,5,2024-10-01 04:00:00
HP LOS HIERROS,LOS HIERROS,Hidráulica,Pasada,Región del Maule,ernc,0.665,0.0,414.2923280390361,21.882271202757373,5,2024-10-01 04:00:00
PMGD PFV PICA,PMGD PFV PICA,Solar,(en blanco),Región de Tarapacá,ernc,1.0,0.0,2.279698682260415,0.0,5,2024-10-01 04:00:00
